#
# TABLE STRUCTURE FOR: communities
#

DROP TABLE IF EXISTS `communities`;

CREATE TABLE `communities` (
  `id` int(10) unsigned NOT NULL AUTO_INCREMENT,
  `name` varchar(150) COLLATE utf8_unicode_ci NOT NULL,
  PRIMARY KEY (`id`),
  UNIQUE KEY `name` (`name`)
) ENGINE=InnoDB AUTO_INCREMENT=101 DEFAULT CHARSET=utf8 COLLATE=utf8_unicode_ci;

INSERT INTO `communities` (`id`, `name`) VALUES (59, 'accusamus');
INSERT INTO `communities` (`id`, `name`) VALUES (82, 'ad');
INSERT INTO `communities` (`id`, `name`) VALUES (5, 'adipisci');
INSERT INTO `communities` (`id`, `name`) VALUES (25, 'aliquid');
INSERT INTO `communities` (`id`, `name`) VALUES (97, 'amet');
INSERT INTO `communities` (`id`, `name`) VALUES (7, 'animi');
INSERT INTO `communities` (`id`, `name`) VALUES (28, 'aperiam');
INSERT INTO `communities` (`id`, `name`) VALUES (49, 'architecto');
INSERT INTO `communities` (`id`, `name`) VALUES (30, 'asperiores');
INSERT INTO `communities` (`id`, `name`) VALUES (54, 'atque');
INSERT INTO `communities` (`id`, `name`) VALUES (1, 'aut');
INSERT INTO `communities` (`id`, `name`) VALUES (40, 'autem');
INSERT INTO `communities` (`id`, `name`) VALUES (83, 'blanditiis');
INSERT INTO `communities` (`id`, `name`) VALUES (50, 'consequatur');
INSERT INTO `communities` (`id`, `name`) VALUES (35, 'cum');
INSERT INTO `communities` (`id`, `name`) VALUES (53, 'cupiditate');
INSERT INTO `communities` (`id`, `name`) VALUES (94, 'deserunt');
INSERT INTO `communities` (`id`, `name`) VALUES (58, 'dicta');
INSERT INTO `communities` (`id`, `name`) VALUES (17, 'dolor');
INSERT INTO `communities` (`id`, `name`) VALUES (24, 'dolorem');
INSERT INTO `communities` (`id`, `name`) VALUES (81, 'dolores');
INSERT INTO `communities` (`id`, `name`) VALUES (26, 'dolorum');
INSERT INTO `communities` (`id`, `name`) VALUES (65, 'ducimus');
INSERT INTO `communities` (`id`, `name`) VALUES (20, 'eaque');
INSERT INTO `communities` (`id`, `name`) VALUES (72, 'earum');
INSERT INTO `communities` (`id`, `name`) VALUES (77, 'enim');
INSERT INTO `communities` (`id`, `name`) VALUES (11, 'est');
INSERT INTO `communities` (`id`, `name`) VALUES (22, 'et');
INSERT INTO `communities` (`id`, `name`) VALUES (12, 'eum');
INSERT INTO `communities` (`id`, `name`) VALUES (16, 'eveniet');
INSERT INTO `communities` (`id`, `name`) VALUES (45, 'excepturi');
INSERT INTO `communities` (`id`, `name`) VALUES (96, 'facere');
INSERT INTO `communities` (`id`, `name`) VALUES (75, 'fuga');
INSERT INTO `communities` (`id`, `name`) VALUES (76, 'fugiat');
INSERT INTO `communities` (`id`, `name`) VALUES (57, 'hic');
INSERT INTO `communities` (`id`, `name`) VALUES (15, 'id');
INSERT INTO `communities` (`id`, `name`) VALUES (91, 'illum');
INSERT INTO `communities` (`id`, `name`) VALUES (33, 'in');
INSERT INTO `communities` (`id`, `name`) VALUES (78, 'inventore');
INSERT INTO `communities` (`id`, `name`) VALUES (64, 'ipsa');
INSERT INTO `communities` (`id`, `name`) VALUES (85, 'ipsam');
INSERT INTO `communities` (`id`, `name`) VALUES (18, 'ipsum');
INSERT INTO `communities` (`id`, `name`) VALUES (34, 'iste');
INSERT INTO `communities` (`id`, `name`) VALUES (27, 'itaque');
INSERT INTO `communities` (`id`, `name`) VALUES (67, 'iusto');
INSERT INTO `communities` (`id`, `name`) VALUES (63, 'labore');
INSERT INTO `communities` (`id`, `name`) VALUES (66, 'laboriosam');
INSERT INTO `communities` (`id`, `name`) VALUES (37, 'magni');
INSERT INTO `communities` (`id`, `name`) VALUES (52, 'maxime');
INSERT INTO `communities` (`id`, `name`) VALUES (80, 'molestiae');
INSERT INTO `communities` (`id`, `name`) VALUES (38, 'molestias');
INSERT INTO `communities` (`id`, `name`) VALUES (93, 'mollitia');
INSERT INTO `communities` (`id`, `name`) VALUES (73, 'nam');
INSERT INTO `communities` (`id`, `name`) VALUES (70, 'natus');
INSERT INTO `communities` (`id`, `name`) VALUES (10, 'nemo');
INSERT INTO `communities` (`id`, `name`) VALUES (44, 'neque');
INSERT INTO `communities` (`id`, `name`) VALUES (42, 'nesciunt');
INSERT INTO `communities` (`id`, `name`) VALUES (92, 'nobis');
INSERT INTO `communities` (`id`, `name`) VALUES (71, 'non');
INSERT INTO `communities` (`id`, `name`) VALUES (32, 'nulla');
INSERT INTO `communities` (`id`, `name`) VALUES (62, 'numquam');
INSERT INTO `communities` (`id`, `name`) VALUES (56, 'odio');
INSERT INTO `communities` (`id`, `name`) VALUES (39, 'odit');
INSERT INTO `communities` (`id`, `name`) VALUES (88, 'officiis');
INSERT INTO `communities` (`id`, `name`) VALUES (51, 'omnis');
INSERT INTO `communities` (`id`, `name`) VALUES (99, 'optio');
INSERT INTO `communities` (`id`, `name`) VALUES (89, 'perspiciatis');
INSERT INTO `communities` (`id`, `name`) VALUES (84, 'placeat');
INSERT INTO `communities` (`id`, `name`) VALUES (2, 'praesentium');
INSERT INTO `communities` (`id`, `name`) VALUES (46, 'quam');
INSERT INTO `communities` (`id`, `name`) VALUES (21, 'qui');
INSERT INTO `communities` (`id`, `name`) VALUES (14, 'quia');
INSERT INTO `communities` (`id`, `name`) VALUES (86, 'quibusdam');
INSERT INTO `communities` (`id`, `name`) VALUES (87, 'quidem');
INSERT INTO `communities` (`id`, `name`) VALUES (41, 'quis');
INSERT INTO `communities` (`id`, `name`) VALUES (19, 'quod');
INSERT INTO `communities` (`id`, `name`) VALUES (4, 'reiciendis');
INSERT INTO `communities` (`id`, `name`) VALUES (31, 'rem');
INSERT INTO `communities` (`id`, `name`) VALUES (43, 'repellat');
INSERT INTO `communities` (`id`, `name`) VALUES (100, 'repellendus');
INSERT INTO `communities` (`id`, `name`) VALUES (74, 'reprehenderit');
INSERT INTO `communities` (`id`, `name`) VALUES (13, 'rerum');
INSERT INTO `communities` (`id`, `name`) VALUES (69, 'saepe');
INSERT INTO `communities` (`id`, `name`) VALUES (60, 'sapiente');
INSERT INTO `communities` (`id`, `name`) VALUES (90, 'sed');
INSERT INTO `communities` (`id`, `name`) VALUES (6, 'sequi');
INSERT INTO `communities` (`id`, `name`) VALUES (9, 'similique');
INSERT INTO `communities` (`id`, `name`) VALUES (47, 'sint');
INSERT INTO `communities` (`id`, `name`) VALUES (8, 'sit');
INSERT INTO `communities` (`id`, `name`) VALUES (55, 'sunt');
INSERT INTO `communities` (`id`, `name`) VALUES (98, 'suscipit');
INSERT INTO `communities` (`id`, `name`) VALUES (36, 'tempora');
INSERT INTO `communities` (`id`, `name`) VALUES (68, 'tenetur');
INSERT INTO `communities` (`id`, `name`) VALUES (79, 'ullam');
INSERT INTO `communities` (`id`, `name`) VALUES (23, 'ut');
INSERT INTO `communities` (`id`, `name`) VALUES (95, 'velit');
INSERT INTO `communities` (`id`, `name`) VALUES (61, 'vero');
INSERT INTO `communities` (`id`, `name`) VALUES (29, 'voluptas');
INSERT INTO `communities` (`id`, `name`) VALUES (3, 'voluptatem');
INSERT INTO `communities` (`id`, `name`) VALUES (48, 'voluptatum');


#
# TABLE STRUCTURE FOR: communities_users
#

DROP TABLE IF EXISTS `communities_users`;

CREATE TABLE `communities_users` (
  `community_id` int(10) unsigned NOT NULL,
  `user_id` int(10) unsigned NOT NULL,
  PRIMARY KEY (`community_id`,`user_id`)
) ENGINE=InnoDB DEFAULT CHARSET=utf8 COLLATE=utf8_unicode_ci;

INSERT INTO `communities_users` (`community_id`, `user_id`) VALUES (1, 1);
INSERT INTO `communities_users` (`community_id`, `user_id`) VALUES (2, 2);
INSERT INTO `communities_users` (`community_id`, `user_id`) VALUES (3, 3);
INSERT INTO `communities_users` (`community_id`, `user_id`) VALUES (4, 4);
INSERT INTO `communities_users` (`community_id`, `user_id`) VALUES (5, 5);
INSERT INTO `communities_users` (`community_id`, `user_id`) VALUES (6, 6);
INSERT INTO `communities_users` (`community_id`, `user_id`) VALUES (7, 7);
INSERT INTO `communities_users` (`community_id`, `user_id`) VALUES (8, 8);
INSERT INTO `communities_users` (`community_id`, `user_id`) VALUES (9, 9);
INSERT INTO `communities_users` (`community_id`, `user_id`) VALUES (10, 10);
INSERT INTO `communities_users` (`community_id`, `user_id`) VALUES (11, 11);
INSERT INTO `communities_users` (`community_id`, `user_id`) VALUES (12, 12);
INSERT INTO `communities_users` (`community_id`, `user_id`) VALUES (13, 13);
INSERT INTO `communities_users` (`community_id`, `user_id`) VALUES (14, 14);
INSERT INTO `communities_users` (`community_id`, `user_id`) VALUES (15, 15);
INSERT INTO `communities_users` (`community_id`, `user_id`) VALUES (16, 16);
INSERT INTO `communities_users` (`community_id`, `user_id`) VALUES (17, 17);
INSERT INTO `communities_users` (`community_id`, `user_id`) VALUES (18, 18);
INSERT INTO `communities_users` (`community_id`, `user_id`) VALUES (19, 19);
INSERT INTO `communities_users` (`community_id`, `user_id`) VALUES (20, 20);
INSERT INTO `communities_users` (`community_id`, `user_id`) VALUES (21, 21);
INSERT INTO `communities_users` (`community_id`, `user_id`) VALUES (22, 22);
INSERT INTO `communities_users` (`community_id`, `user_id`) VALUES (23, 23);
INSERT INTO `communities_users` (`community_id`, `user_id`) VALUES (24, 24);
INSERT INTO `communities_users` (`community_id`, `user_id`) VALUES (25, 25);
INSERT INTO `communities_users` (`community_id`, `user_id`) VALUES (26, 26);
INSERT INTO `communities_users` (`community_id`, `user_id`) VALUES (27, 27);
INSERT INTO `communities_users` (`community_id`, `user_id`) VALUES (28, 28);
INSERT INTO `communities_users` (`community_id`, `user_id`) VALUES (29, 29);
INSERT INTO `communities_users` (`community_id`, `user_id`) VALUES (30, 30);
INSERT INTO `communities_users` (`community_id`, `user_id`) VALUES (31, 31);
INSERT INTO `communities_users` (`community_id`, `user_id`) VALUES (32, 32);
INSERT INTO `communities_users` (`community_id`, `user_id`) VALUES (33, 33);
INSERT INTO `communities_users` (`community_id`, `user_id`) VALUES (34, 34);
INSERT INTO `communities_users` (`community_id`, `user_id`) VALUES (35, 35);
INSERT INTO `communities_users` (`community_id`, `user_id`) VALUES (36, 36);
INSERT INTO `communities_users` (`community_id`, `user_id`) VALUES (37, 37);
INSERT INTO `communities_users` (`community_id`, `user_id`) VALUES (38, 38);
INSERT INTO `communities_users` (`community_id`, `user_id`) VALUES (39, 39);
INSERT INTO `communities_users` (`community_id`, `user_id`) VALUES (40, 40);
INSERT INTO `communities_users` (`community_id`, `user_id`) VALUES (41, 41);
INSERT INTO `communities_users` (`community_id`, `user_id`) VALUES (42, 42);
INSERT INTO `communities_users` (`community_id`, `user_id`) VALUES (43, 43);
INSERT INTO `communities_users` (`community_id`, `user_id`) VALUES (44, 44);
INSERT INTO `communities_users` (`community_id`, `user_id`) VALUES (45, 45);
INSERT INTO `communities_users` (`community_id`, `user_id`) VALUES (46, 46);
INSERT INTO `communities_users` (`community_id`, `user_id`) VALUES (47, 47);
INSERT INTO `communities_users` (`community_id`, `user_id`) VALUES (48, 48);
INSERT INTO `communities_users` (`community_id`, `user_id`) VALUES (49, 49);
INSERT INTO `communities_users` (`community_id`, `user_id`) VALUES (50, 50);
INSERT INTO `communities_users` (`community_id`, `user_id`) VALUES (51, 51);
INSERT INTO `communities_users` (`community_id`, `user_id`) VALUES (52, 52);
INSERT INTO `communities_users` (`community_id`, `user_id`) VALUES (53, 53);
INSERT INTO `communities_users` (`community_id`, `user_id`) VALUES (54, 54);
INSERT INTO `communities_users` (`community_id`, `user_id`) VALUES (55, 55);
INSERT INTO `communities_users` (`community_id`, `user_id`) VALUES (56, 56);
INSERT INTO `communities_users` (`community_id`, `user_id`) VALUES (57, 57);
INSERT INTO `communities_users` (`community_id`, `user_id`) VALUES (58, 58);
INSERT INTO `communities_users` (`community_id`, `user_id`) VALUES (59, 59);
INSERT INTO `communities_users` (`community_id`, `user_id`) VALUES (60, 60);
INSERT INTO `communities_users` (`community_id`, `user_id`) VALUES (61, 61);
INSERT INTO `communities_users` (`community_id`, `user_id`) VALUES (62, 62);
INSERT INTO `communities_users` (`community_id`, `user_id`) VALUES (63, 63);
INSERT INTO `communities_users` (`community_id`, `user_id`) VALUES (64, 64);
INSERT INTO `communities_users` (`community_id`, `user_id`) VALUES (65, 65);
INSERT INTO `communities_users` (`community_id`, `user_id`) VALUES (66, 66);
INSERT INTO `communities_users` (`community_id`, `user_id`) VALUES (67, 67);
INSERT INTO `communities_users` (`community_id`, `user_id`) VALUES (68, 68);
INSERT INTO `communities_users` (`community_id`, `user_id`) VALUES (69, 69);
INSERT INTO `communities_users` (`community_id`, `user_id`) VALUES (70, 70);
INSERT INTO `communities_users` (`community_id`, `user_id`) VALUES (71, 71);
INSERT INTO `communities_users` (`community_id`, `user_id`) VALUES (72, 72);
INSERT INTO `communities_users` (`community_id`, `user_id`) VALUES (73, 73);
INSERT INTO `communities_users` (`community_id`, `user_id`) VALUES (74, 74);
INSERT INTO `communities_users` (`community_id`, `user_id`) VALUES (75, 75);
INSERT INTO `communities_users` (`community_id`, `user_id`) VALUES (76, 76);
INSERT INTO `communities_users` (`community_id`, `user_id`) VALUES (77, 77);
INSERT INTO `communities_users` (`community_id`, `user_id`) VALUES (78, 78);
INSERT INTO `communities_users` (`community_id`, `user_id`) VALUES (79, 79);
INSERT INTO `communities_users` (`community_id`, `user_id`) VALUES (80, 80);
INSERT INTO `communities_users` (`community_id`, `user_id`) VALUES (81, 81);
INSERT INTO `communities_users` (`community_id`, `user_id`) VALUES (82, 82);
INSERT INTO `communities_users` (`community_id`, `user_id`) VALUES (83, 83);
INSERT INTO `communities_users` (`community_id`, `user_id`) VALUES (84, 84);
INSERT INTO `communities_users` (`community_id`, `user_id`) VALUES (85, 85);
INSERT INTO `communities_users` (`community_id`, `user_id`) VALUES (86, 86);
INSERT INTO `communities_users` (`community_id`, `user_id`) VALUES (87, 87);
INSERT INTO `communities_users` (`community_id`, `user_id`) VALUES (88, 88);
INSERT INTO `communities_users` (`community_id`, `user_id`) VALUES (89, 89);
INSERT INTO `communities_users` (`community_id`, `user_id`) VALUES (90, 90);
INSERT INTO `communities_users` (`community_id`, `user_id`) VALUES (91, 91);
INSERT INTO `communities_users` (`community_id`, `user_id`) VALUES (92, 92);
INSERT INTO `communities_users` (`community_id`, `user_id`) VALUES (93, 93);
INSERT INTO `communities_users` (`community_id`, `user_id`) VALUES (94, 94);
INSERT INTO `communities_users` (`community_id`, `user_id`) VALUES (95, 95);
INSERT INTO `communities_users` (`community_id`, `user_id`) VALUES (96, 96);
INSERT INTO `communities_users` (`community_id`, `user_id`) VALUES (97, 97);
INSERT INTO `communities_users` (`community_id`, `user_id`) VALUES (98, 98);
INSERT INTO `communities_users` (`community_id`, `user_id`) VALUES (99, 99);
INSERT INTO `communities_users` (`community_id`, `user_id`) VALUES (100, 100);


#
# TABLE STRUCTURE FOR: friendship
#

DROP TABLE IF EXISTS `friendship`;

CREATE TABLE `friendship` (
  `user_id` int(10) unsigned NOT NULL,
  `friend_id` int(10) unsigned NOT NULL,
  `status_id` int(10) unsigned NOT NULL,
  `requested_at` datetime DEFAULT current_timestamp(),
  `confirmed_at` datetime DEFAULT NULL,
  PRIMARY KEY (`user_id`,`friend_id`)
) ENGINE=InnoDB DEFAULT CHARSET=utf8 COLLATE=utf8_unicode_ci;

INSERT INTO `friendship` (`user_id`, `friend_id`, `status_id`, `requested_at`, `confirmed_at`) VALUES (1, 1, 1, '2015-07-09 07:41:13', '2019-07-19 22:32:01');
INSERT INTO `friendship` (`user_id`, `friend_id`, `status_id`, `requested_at`, `confirmed_at`) VALUES (2, 2, 2, '2016-10-09 19:08:13', '2019-03-03 06:39:40');
INSERT INTO `friendship` (`user_id`, `friend_id`, `status_id`, `requested_at`, `confirmed_at`) VALUES (3, 3, 3, '2011-09-11 04:08:41', '2017-02-23 21:30:13');
INSERT INTO `friendship` (`user_id`, `friend_id`, `status_id`, `requested_at`, `confirmed_at`) VALUES (4, 4, 1, '2011-12-02 22:49:11', '2015-09-22 14:14:23');
INSERT INTO `friendship` (`user_id`, `friend_id`, `status_id`, `requested_at`, `confirmed_at`) VALUES (5, 5, 2, '2018-07-23 18:53:41', '2012-02-13 16:38:05');
INSERT INTO `friendship` (`user_id`, `friend_id`, `status_id`, `requested_at`, `confirmed_at`) VALUES (6, 6, 3, '2014-03-17 17:44:36', '2019-05-18 11:09:37');
INSERT INTO `friendship` (`user_id`, `friend_id`, `status_id`, `requested_at`, `confirmed_at`) VALUES (7, 7, 1, '2019-08-14 14:46:31', '2019-03-07 10:56:18');
INSERT INTO `friendship` (`user_id`, `friend_id`, `status_id`, `requested_at`, `confirmed_at`) VALUES (8, 8, 2, '2010-12-26 05:28:49', '2019-12-13 04:24:40');
INSERT INTO `friendship` (`user_id`, `friend_id`, `status_id`, `requested_at`, `confirmed_at`) VALUES (9, 9, 3, '2012-11-24 15:08:12', '2019-11-27 01:24:49');
INSERT INTO `friendship` (`user_id`, `friend_id`, `status_id`, `requested_at`, `confirmed_at`) VALUES (10, 10, 1, '2020-01-15 06:55:15', '2017-09-10 16:43:46');
INSERT INTO `friendship` (`user_id`, `friend_id`, `status_id`, `requested_at`, `confirmed_at`) VALUES (11, 11, 2, '2011-01-16 20:09:46', '2018-08-01 05:19:43');
INSERT INTO `friendship` (`user_id`, `friend_id`, `status_id`, `requested_at`, `confirmed_at`) VALUES (12, 12, 3, '2011-12-17 15:09:50', '2012-09-03 22:40:24');
INSERT INTO `friendship` (`user_id`, `friend_id`, `status_id`, `requested_at`, `confirmed_at`) VALUES (13, 13, 1, '2019-12-29 17:57:32', '2011-04-04 01:36:09');
INSERT INTO `friendship` (`user_id`, `friend_id`, `status_id`, `requested_at`, `confirmed_at`) VALUES (14, 14, 2, '2012-11-29 21:21:30', '2019-04-14 03:15:03');
INSERT INTO `friendship` (`user_id`, `friend_id`, `status_id`, `requested_at`, `confirmed_at`) VALUES (15, 15, 3, '2016-11-25 03:06:02', '2018-12-02 06:28:12');
INSERT INTO `friendship` (`user_id`, `friend_id`, `status_id`, `requested_at`, `confirmed_at`) VALUES (16, 16, 1, '2017-07-19 17:32:21', '2019-05-14 02:44:23');
INSERT INTO `friendship` (`user_id`, `friend_id`, `status_id`, `requested_at`, `confirmed_at`) VALUES (17, 17, 2, '2014-06-23 09:44:21', '2011-10-02 14:57:08');
INSERT INTO `friendship` (`user_id`, `friend_id`, `status_id`, `requested_at`, `confirmed_at`) VALUES (18, 18, 3, '2010-08-06 14:34:55', '2015-11-15 19:07:29');
INSERT INTO `friendship` (`user_id`, `friend_id`, `status_id`, `requested_at`, `confirmed_at`) VALUES (19, 19, 1, '2010-12-02 07:23:26', '2013-07-06 07:13:09');
INSERT INTO `friendship` (`user_id`, `friend_id`, `status_id`, `requested_at`, `confirmed_at`) VALUES (20, 20, 2, '2014-07-19 21:00:45', '2018-01-31 08:45:28');
INSERT INTO `friendship` (`user_id`, `friend_id`, `status_id`, `requested_at`, `confirmed_at`) VALUES (21, 21, 3, '2014-03-27 19:21:49', '2011-10-22 15:24:35');
INSERT INTO `friendship` (`user_id`, `friend_id`, `status_id`, `requested_at`, `confirmed_at`) VALUES (22, 22, 1, '2013-10-13 09:01:08', '2011-06-02 02:36:22');
INSERT INTO `friendship` (`user_id`, `friend_id`, `status_id`, `requested_at`, `confirmed_at`) VALUES (23, 23, 2, '2011-08-30 09:17:43', '2010-11-13 07:05:34');
INSERT INTO `friendship` (`user_id`, `friend_id`, `status_id`, `requested_at`, `confirmed_at`) VALUES (24, 24, 3, '2019-12-28 00:50:56', '2019-06-03 17:38:28');
INSERT INTO `friendship` (`user_id`, `friend_id`, `status_id`, `requested_at`, `confirmed_at`) VALUES (25, 25, 1, '2018-03-04 15:29:42', '2013-07-13 19:21:39');
INSERT INTO `friendship` (`user_id`, `friend_id`, `status_id`, `requested_at`, `confirmed_at`) VALUES (26, 26, 2, '2010-09-12 01:34:47', '2018-01-04 01:03:54');
INSERT INTO `friendship` (`user_id`, `friend_id`, `status_id`, `requested_at`, `confirmed_at`) VALUES (27, 27, 3, '2015-02-13 02:22:25', '2013-11-03 07:50:10');
INSERT INTO `friendship` (`user_id`, `friend_id`, `status_id`, `requested_at`, `confirmed_at`) VALUES (28, 28, 1, '2018-06-18 18:58:48', '2018-07-19 23:00:35');
INSERT INTO `friendship` (`user_id`, `friend_id`, `status_id`, `requested_at`, `confirmed_at`) VALUES (29, 29, 2, '2014-03-24 04:28:55', '2016-04-10 08:58:52');
INSERT INTO `friendship` (`user_id`, `friend_id`, `status_id`, `requested_at`, `confirmed_at`) VALUES (30, 30, 3, '2014-07-14 02:28:08', '2018-04-04 01:27:12');
INSERT INTO `friendship` (`user_id`, `friend_id`, `status_id`, `requested_at`, `confirmed_at`) VALUES (31, 31, 1, '2010-12-14 14:19:20', '2014-03-08 19:14:09');
INSERT INTO `friendship` (`user_id`, `friend_id`, `status_id`, `requested_at`, `confirmed_at`) VALUES (32, 32, 2, '2017-08-24 12:18:13', '2012-09-20 07:26:21');
INSERT INTO `friendship` (`user_id`, `friend_id`, `status_id`, `requested_at`, `confirmed_at`) VALUES (33, 33, 3, '2017-07-26 13:13:59', '2019-01-30 14:24:59');
INSERT INTO `friendship` (`user_id`, `friend_id`, `status_id`, `requested_at`, `confirmed_at`) VALUES (34, 34, 1, '2015-03-01 20:06:50', '2017-10-08 21:08:58');
INSERT INTO `friendship` (`user_id`, `friend_id`, `status_id`, `requested_at`, `confirmed_at`) VALUES (35, 35, 2, '2012-12-22 11:50:00', '2015-09-19 15:22:56');
INSERT INTO `friendship` (`user_id`, `friend_id`, `status_id`, `requested_at`, `confirmed_at`) VALUES (36, 36, 3, '2013-01-11 23:49:30', '2012-09-01 03:55:35');
INSERT INTO `friendship` (`user_id`, `friend_id`, `status_id`, `requested_at`, `confirmed_at`) VALUES (37, 37, 1, '2011-05-11 09:00:17', '2013-10-12 02:36:17');
INSERT INTO `friendship` (`user_id`, `friend_id`, `status_id`, `requested_at`, `confirmed_at`) VALUES (38, 38, 2, '2011-04-02 12:03:16', '2017-12-27 22:45:43');
INSERT INTO `friendship` (`user_id`, `friend_id`, `status_id`, `requested_at`, `confirmed_at`) VALUES (39, 39, 3, '2011-06-16 20:40:02', '2012-10-03 19:14:58');
INSERT INTO `friendship` (`user_id`, `friend_id`, `status_id`, `requested_at`, `confirmed_at`) VALUES (40, 40, 1, '2014-01-13 07:05:14', '2010-09-26 06:57:34');
INSERT INTO `friendship` (`user_id`, `friend_id`, `status_id`, `requested_at`, `confirmed_at`) VALUES (41, 41, 2, '2011-09-23 21:53:38', '2014-11-22 23:27:59');
INSERT INTO `friendship` (`user_id`, `friend_id`, `status_id`, `requested_at`, `confirmed_at`) VALUES (42, 42, 3, '2013-03-03 22:51:49', '2011-06-29 01:54:37');
INSERT INTO `friendship` (`user_id`, `friend_id`, `status_id`, `requested_at`, `confirmed_at`) VALUES (43, 43, 1, '2016-09-24 16:12:57', '2016-06-06 20:03:24');
INSERT INTO `friendship` (`user_id`, `friend_id`, `status_id`, `requested_at`, `confirmed_at`) VALUES (44, 44, 2, '2017-04-06 07:53:05', '2019-04-09 14:59:39');
INSERT INTO `friendship` (`user_id`, `friend_id`, `status_id`, `requested_at`, `confirmed_at`) VALUES (45, 45, 3, '2017-10-22 12:23:36', '2018-02-11 15:33:06');
INSERT INTO `friendship` (`user_id`, `friend_id`, `status_id`, `requested_at`, `confirmed_at`) VALUES (46, 46, 1, '2017-04-22 08:09:20', '2013-08-25 03:22:39');
INSERT INTO `friendship` (`user_id`, `friend_id`, `status_id`, `requested_at`, `confirmed_at`) VALUES (47, 47, 2, '2014-07-25 02:27:09', '2019-11-28 16:10:52');
INSERT INTO `friendship` (`user_id`, `friend_id`, `status_id`, `requested_at`, `confirmed_at`) VALUES (48, 48, 3, '2017-03-06 22:14:00', '2010-10-30 23:49:24');
INSERT INTO `friendship` (`user_id`, `friend_id`, `status_id`, `requested_at`, `confirmed_at`) VALUES (49, 49, 1, '2012-10-29 20:16:32', '2013-07-22 00:48:20');
INSERT INTO `friendship` (`user_id`, `friend_id`, `status_id`, `requested_at`, `confirmed_at`) VALUES (50, 50, 2, '2015-08-25 08:48:51', '2011-06-08 23:14:56');
INSERT INTO `friendship` (`user_id`, `friend_id`, `status_id`, `requested_at`, `confirmed_at`) VALUES (51, 51, 3, '2012-03-04 04:50:36', '2010-08-19 08:20:17');
INSERT INTO `friendship` (`user_id`, `friend_id`, `status_id`, `requested_at`, `confirmed_at`) VALUES (52, 52, 1, '2015-10-06 23:52:46', '2015-05-10 11:55:57');
INSERT INTO `friendship` (`user_id`, `friend_id`, `status_id`, `requested_at`, `confirmed_at`) VALUES (53, 53, 2, '2012-10-17 11:29:01', '2013-08-27 07:17:50');
INSERT INTO `friendship` (`user_id`, `friend_id`, `status_id`, `requested_at`, `confirmed_at`) VALUES (54, 54, 3, '2011-11-20 14:23:04', '2011-04-20 17:49:08');
INSERT INTO `friendship` (`user_id`, `friend_id`, `status_id`, `requested_at`, `confirmed_at`) VALUES (55, 55, 1, '2018-05-23 14:17:54', '2011-05-16 06:57:02');
INSERT INTO `friendship` (`user_id`, `friend_id`, `status_id`, `requested_at`, `confirmed_at`) VALUES (56, 56, 2, '2014-02-20 19:37:39', '2014-05-24 20:36:38');
INSERT INTO `friendship` (`user_id`, `friend_id`, `status_id`, `requested_at`, `confirmed_at`) VALUES (57, 57, 3, '2017-12-09 01:47:45', '2016-01-23 17:37:18');
INSERT INTO `friendship` (`user_id`, `friend_id`, `status_id`, `requested_at`, `confirmed_at`) VALUES (58, 58, 1, '2017-08-04 20:35:08', '2011-03-07 08:17:02');
INSERT INTO `friendship` (`user_id`, `friend_id`, `status_id`, `requested_at`, `confirmed_at`) VALUES (59, 59, 2, '2011-07-31 00:15:17', '2011-07-05 14:32:15');
INSERT INTO `friendship` (`user_id`, `friend_id`, `status_id`, `requested_at`, `confirmed_at`) VALUES (60, 60, 3, '2010-08-21 03:16:43', '2020-01-24 23:08:32');
INSERT INTO `friendship` (`user_id`, `friend_id`, `status_id`, `requested_at`, `confirmed_at`) VALUES (61, 61, 1, '2016-08-16 03:31:12', '2018-09-27 19:21:27');
INSERT INTO `friendship` (`user_id`, `friend_id`, `status_id`, `requested_at`, `confirmed_at`) VALUES (62, 62, 2, '2014-11-01 12:27:58', '2011-10-29 03:57:18');
INSERT INTO `friendship` (`user_id`, `friend_id`, `status_id`, `requested_at`, `confirmed_at`) VALUES (63, 63, 3, '2014-09-23 10:41:14', '2012-06-07 05:09:30');
INSERT INTO `friendship` (`user_id`, `friend_id`, `status_id`, `requested_at`, `confirmed_at`) VALUES (64, 64, 1, '2019-12-01 22:10:26', '2017-10-09 05:22:25');
INSERT INTO `friendship` (`user_id`, `friend_id`, `status_id`, `requested_at`, `confirmed_at`) VALUES (65, 65, 2, '2010-04-17 06:29:42', '2015-06-29 18:34:01');
INSERT INTO `friendship` (`user_id`, `friend_id`, `status_id`, `requested_at`, `confirmed_at`) VALUES (66, 66, 3, '2012-11-12 17:18:23', '2017-11-02 07:50:57');
INSERT INTO `friendship` (`user_id`, `friend_id`, `status_id`, `requested_at`, `confirmed_at`) VALUES (67, 67, 1, '2015-05-12 13:46:09', '2011-09-02 19:28:51');
INSERT INTO `friendship` (`user_id`, `friend_id`, `status_id`, `requested_at`, `confirmed_at`) VALUES (68, 68, 2, '2019-10-01 01:40:39', '2011-05-15 15:04:40');
INSERT INTO `friendship` (`user_id`, `friend_id`, `status_id`, `requested_at`, `confirmed_at`) VALUES (69, 69, 3, '2013-06-16 03:15:46', '2011-03-17 22:50:03');
INSERT INTO `friendship` (`user_id`, `friend_id`, `status_id`, `requested_at`, `confirmed_at`) VALUES (70, 70, 1, '2013-08-15 12:26:37', '2010-04-05 10:08:05');
INSERT INTO `friendship` (`user_id`, `friend_id`, `status_id`, `requested_at`, `confirmed_at`) VALUES (71, 71, 2, '2013-10-06 15:00:14', '2013-07-28 13:20:50');
INSERT INTO `friendship` (`user_id`, `friend_id`, `status_id`, `requested_at`, `confirmed_at`) VALUES (72, 72, 3, '2011-03-13 06:31:49', '2016-02-23 03:34:13');
INSERT INTO `friendship` (`user_id`, `friend_id`, `status_id`, `requested_at`, `confirmed_at`) VALUES (73, 73, 1, '2019-09-15 15:03:07', '2010-04-20 04:47:59');
INSERT INTO `friendship` (`user_id`, `friend_id`, `status_id`, `requested_at`, `confirmed_at`) VALUES (74, 74, 2, '2016-05-09 08:54:00', '2014-05-25 12:03:31');
INSERT INTO `friendship` (`user_id`, `friend_id`, `status_id`, `requested_at`, `confirmed_at`) VALUES (75, 75, 3, '2018-12-13 11:25:41', '2018-04-13 00:40:05');
INSERT INTO `friendship` (`user_id`, `friend_id`, `status_id`, `requested_at`, `confirmed_at`) VALUES (76, 76, 1, '2018-06-02 07:59:27', '2017-04-25 21:27:10');
INSERT INTO `friendship` (`user_id`, `friend_id`, `status_id`, `requested_at`, `confirmed_at`) VALUES (77, 77, 2, '2019-08-02 03:34:57', '2012-10-29 16:15:09');
INSERT INTO `friendship` (`user_id`, `friend_id`, `status_id`, `requested_at`, `confirmed_at`) VALUES (78, 78, 3, '2020-02-15 01:57:19', '2015-04-05 05:42:58');
INSERT INTO `friendship` (`user_id`, `friend_id`, `status_id`, `requested_at`, `confirmed_at`) VALUES (79, 79, 1, '2019-06-08 18:53:56', '2016-11-25 06:42:08');
INSERT INTO `friendship` (`user_id`, `friend_id`, `status_id`, `requested_at`, `confirmed_at`) VALUES (80, 80, 2, '2018-01-06 03:09:20', '2017-12-20 18:57:13');
INSERT INTO `friendship` (`user_id`, `friend_id`, `status_id`, `requested_at`, `confirmed_at`) VALUES (81, 81, 3, '2014-07-12 15:14:35', '2017-04-07 02:36:10');
INSERT INTO `friendship` (`user_id`, `friend_id`, `status_id`, `requested_at`, `confirmed_at`) VALUES (82, 82, 1, '2017-05-30 22:36:28', '2011-06-14 03:36:40');
INSERT INTO `friendship` (`user_id`, `friend_id`, `status_id`, `requested_at`, `confirmed_at`) VALUES (83, 83, 2, '2013-05-29 03:14:02', '2011-07-11 07:04:56');
INSERT INTO `friendship` (`user_id`, `friend_id`, `status_id`, `requested_at`, `confirmed_at`) VALUES (84, 84, 3, '2015-10-24 07:27:58', '2015-01-09 02:38:46');
INSERT INTO `friendship` (`user_id`, `friend_id`, `status_id`, `requested_at`, `confirmed_at`) VALUES (85, 85, 1, '2012-05-27 03:51:42', '2015-02-17 01:16:58');
INSERT INTO `friendship` (`user_id`, `friend_id`, `status_id`, `requested_at`, `confirmed_at`) VALUES (86, 86, 2, '2013-12-19 22:35:05', '2012-05-09 12:00:19');
INSERT INTO `friendship` (`user_id`, `friend_id`, `status_id`, `requested_at`, `confirmed_at`) VALUES (87, 87, 3, '2017-02-15 20:22:38', '2018-09-05 20:44:28');
INSERT INTO `friendship` (`user_id`, `friend_id`, `status_id`, `requested_at`, `confirmed_at`) VALUES (88, 88, 1, '2019-03-26 18:06:20', '2012-12-30 19:34:55');
INSERT INTO `friendship` (`user_id`, `friend_id`, `status_id`, `requested_at`, `confirmed_at`) VALUES (89, 89, 2, '2018-08-30 06:09:04', '2013-01-27 03:42:10');
INSERT INTO `friendship` (`user_id`, `friend_id`, `status_id`, `requested_at`, `confirmed_at`) VALUES (90, 90, 3, '2011-02-03 12:12:55', '2012-04-24 10:32:55');
INSERT INTO `friendship` (`user_id`, `friend_id`, `status_id`, `requested_at`, `confirmed_at`) VALUES (91, 91, 1, '2015-12-17 15:35:06', '2016-10-16 05:56:37');
INSERT INTO `friendship` (`user_id`, `friend_id`, `status_id`, `requested_at`, `confirmed_at`) VALUES (92, 92, 2, '2016-03-12 08:43:23', '2014-12-25 16:03:47');
INSERT INTO `friendship` (`user_id`, `friend_id`, `status_id`, `requested_at`, `confirmed_at`) VALUES (93, 93, 3, '2015-06-15 09:44:20', '2015-07-02 00:14:05');
INSERT INTO `friendship` (`user_id`, `friend_id`, `status_id`, `requested_at`, `confirmed_at`) VALUES (94, 94, 1, '2018-12-03 09:21:05', '2011-10-13 07:14:45');
INSERT INTO `friendship` (`user_id`, `friend_id`, `status_id`, `requested_at`, `confirmed_at`) VALUES (95, 95, 2, '2019-02-26 18:49:06', '2017-11-09 04:15:24');
INSERT INTO `friendship` (`user_id`, `friend_id`, `status_id`, `requested_at`, `confirmed_at`) VALUES (96, 96, 3, '2020-01-27 05:02:20', '2015-11-03 00:13:26');
INSERT INTO `friendship` (`user_id`, `friend_id`, `status_id`, `requested_at`, `confirmed_at`) VALUES (97, 97, 1, '2020-01-25 05:49:19', '2019-01-31 22:14:33');
INSERT INTO `friendship` (`user_id`, `friend_id`, `status_id`, `requested_at`, `confirmed_at`) VALUES (98, 98, 2, '2017-02-03 00:44:27', '2010-09-14 07:15:27');
INSERT INTO `friendship` (`user_id`, `friend_id`, `status_id`, `requested_at`, `confirmed_at`) VALUES (99, 99, 3, '2012-02-27 05:59:51', '2013-06-07 01:39:26');
INSERT INTO `friendship` (`user_id`, `friend_id`, `status_id`, `requested_at`, `confirmed_at`) VALUES (100, 100, 1, '2019-03-09 05:27:45', '2014-04-10 06:27:25');


#
# TABLE STRUCTURE FOR: friendship_statuses
#

DROP TABLE IF EXISTS `friendship_statuses`;

CREATE TABLE `friendship_statuses` (
  `id` int(10) unsigned NOT NULL AUTO_INCREMENT,
  `name` varchar(150) COLLATE utf8_unicode_ci NOT NULL,
  PRIMARY KEY (`id`),
  UNIQUE KEY `name` (`name`)
) ENGINE=InnoDB AUTO_INCREMENT=4 DEFAULT CHARSET=utf8 COLLATE=utf8_unicode_ci;

INSERT INTO `friendship_statuses` (`id`, `name`) VALUES (3, 'confirmed');
INSERT INTO `friendship_statuses` (`id`, `name`) VALUES (2, 'rejected');
INSERT INTO `friendship_statuses` (`id`, `name`) VALUES (1, 'requested');


#
# TABLE STRUCTURE FOR: media
#

DROP TABLE IF EXISTS `media`;

CREATE TABLE `media` (
  `id` int(10) unsigned NOT NULL AUTO_INCREMENT,
  `media_type_id` int(10) unsigned NOT NULL,
  `user_id` int(10) unsigned NOT NULL,
  `file_path` varchar(255) COLLATE utf8_unicode_ci NOT NULL,
  `size` int(11) NOT NULL,
  `metadata` longtext CHARACTER SET utf8mb4 COLLATE utf8mb4_bin DEFAULT NULL,
  `created_at` datetime DEFAULT current_timestamp(),
  `updated_at` datetime DEFAULT current_timestamp() ON UPDATE current_timestamp(),
  PRIMARY KEY (`id`)
) ENGINE=InnoDB AUTO_INCREMENT=101 DEFAULT CHARSET=utf8 COLLATE=utf8_unicode_ci;

INSERT INTO `media` (`id`, `media_type_id`, `user_id`, `file_path`, `size`, `metadata`, `created_at`, `updated_at`) VALUES (1, 1, 1, 'aut', 4, 'corrupti', '2015-11-02 03:48:01', '2017-04-30 12:05:18');
INSERT INTO `media` (`id`, `media_type_id`, `user_id`, `file_path`, `size`, `metadata`, `created_at`, `updated_at`) VALUES (2, 2, 2, 'voluptatem', 0, 'perferendis', '2011-09-12 21:05:43', '2020-03-04 08:21:31');
INSERT INTO `media` (`id`, `media_type_id`, `user_id`, `file_path`, `size`, `metadata`, `created_at`, `updated_at`) VALUES (3, 3, 3, 'illo', 349533914, 'cumque', '2019-07-12 23:44:57', '2010-11-27 11:44:25');
INSERT INTO `media` (`id`, `media_type_id`, `user_id`, `file_path`, `size`, `metadata`, `created_at`, `updated_at`) VALUES (4, 4, 4, 'tempore', 3031049, 'eveniet', '2018-02-12 22:45:16', '2019-09-02 12:23:54');
INSERT INTO `media` (`id`, `media_type_id`, `user_id`, `file_path`, `size`, `metadata`, `created_at`, `updated_at`) VALUES (5, 5, 5, 'ut', 17858974, 'explicabo', '2010-06-18 02:17:17', '2011-08-13 07:41:22');
INSERT INTO `media` (`id`, `media_type_id`, `user_id`, `file_path`, `size`, `metadata`, `created_at`, `updated_at`) VALUES (6, 6, 6, 'consequatur', 23231, 'sit', '2017-08-30 15:08:50', '2011-11-29 09:11:06');
INSERT INTO `media` (`id`, `media_type_id`, `user_id`, `file_path`, `size`, `metadata`, `created_at`, `updated_at`) VALUES (7, 7, 7, 'placeat', 0, 'temporibus', '2010-12-20 14:57:26', '2016-10-10 11:16:45');
INSERT INTO `media` (`id`, `media_type_id`, `user_id`, `file_path`, `size`, `metadata`, `created_at`, `updated_at`) VALUES (8, 8, 8, 'dolores', 7, 'omnis', '2011-07-20 19:18:56', '2011-09-22 20:11:59');
INSERT INTO `media` (`id`, `media_type_id`, `user_id`, `file_path`, `size`, `metadata`, `created_at`, `updated_at`) VALUES (9, 9, 9, 'dolor', 0, 'sed', '2020-01-12 12:36:54', '2017-09-29 01:58:43');
INSERT INTO `media` (`id`, `media_type_id`, `user_id`, `file_path`, `size`, `metadata`, `created_at`, `updated_at`) VALUES (10, 10, 10, 'perferendis', 13156457, 'consequatur', '2015-09-22 23:18:13', '2019-08-19 00:24:04');
INSERT INTO `media` (`id`, `media_type_id`, `user_id`, `file_path`, `size`, `metadata`, `created_at`, `updated_at`) VALUES (11, 11, 11, 'voluptatem', 90, 'consequuntur', '2012-07-07 02:35:16', '2017-09-22 05:36:15');
INSERT INTO `media` (`id`, `media_type_id`, `user_id`, `file_path`, `size`, `metadata`, `created_at`, `updated_at`) VALUES (12, 12, 12, 'quisquam', 1694, 'autem', '2018-01-29 04:07:23', '2016-05-26 12:24:08');
INSERT INTO `media` (`id`, `media_type_id`, `user_id`, `file_path`, `size`, `metadata`, `created_at`, `updated_at`) VALUES (13, 13, 13, 'sint', 5998, 'facere', '2013-09-01 23:30:33', '2015-04-30 22:07:43');
INSERT INTO `media` (`id`, `media_type_id`, `user_id`, `file_path`, `size`, `metadata`, `created_at`, `updated_at`) VALUES (14, 14, 14, 'soluta', 1, 'consequatur', '2013-09-05 08:40:39', '2012-10-19 03:04:19');
INSERT INTO `media` (`id`, `media_type_id`, `user_id`, `file_path`, `size`, `metadata`, `created_at`, `updated_at`) VALUES (15, 15, 15, 'quibusdam', 2258154, 'ea', '2014-02-27 22:05:15', '2012-03-20 08:17:42');
INSERT INTO `media` (`id`, `media_type_id`, `user_id`, `file_path`, `size`, `metadata`, `created_at`, `updated_at`) VALUES (16, 16, 16, 'odio', 0, 'animi', '2019-01-25 21:42:48', '2015-03-19 05:54:04');
INSERT INTO `media` (`id`, `media_type_id`, `user_id`, `file_path`, `size`, `metadata`, `created_at`, `updated_at`) VALUES (17, 17, 17, 'nam', 1758728, 'odio', '2016-06-18 11:23:58', '2017-04-15 16:16:13');
INSERT INTO `media` (`id`, `media_type_id`, `user_id`, `file_path`, `size`, `metadata`, `created_at`, `updated_at`) VALUES (18, 18, 18, 'in', 151262, 'ipsam', '2012-07-03 01:45:43', '2017-08-05 09:49:17');
INSERT INTO `media` (`id`, `media_type_id`, `user_id`, `file_path`, `size`, `metadata`, `created_at`, `updated_at`) VALUES (19, 19, 19, 'voluptatem', 3275847, 'et', '2011-03-05 14:40:14', '2015-08-30 11:26:40');
INSERT INTO `media` (`id`, `media_type_id`, `user_id`, `file_path`, `size`, `metadata`, `created_at`, `updated_at`) VALUES (20, 20, 20, 'nihil', 466, 'exercitationem', '2017-10-15 00:50:34', '2020-02-04 19:50:23');
INSERT INTO `media` (`id`, `media_type_id`, `user_id`, `file_path`, `size`, `metadata`, `created_at`, `updated_at`) VALUES (21, 1, 21, 'in', 3, 'et', '2011-06-10 20:04:15', '2011-02-17 03:53:51');
INSERT INTO `media` (`id`, `media_type_id`, `user_id`, `file_path`, `size`, `metadata`, `created_at`, `updated_at`) VALUES (22, 2, 22, 'architecto', 369022, 'quos', '2013-09-06 07:28:29', '2011-07-19 10:44:19');
INSERT INTO `media` (`id`, `media_type_id`, `user_id`, `file_path`, `size`, `metadata`, `created_at`, `updated_at`) VALUES (23, 3, 23, 'quos', 7296759, 'officiis', '2010-07-14 13:18:35', '2013-09-22 08:07:31');
INSERT INTO `media` (`id`, `media_type_id`, `user_id`, `file_path`, `size`, `metadata`, `created_at`, `updated_at`) VALUES (24, 4, 24, 'et', 3898, 'maxime', '2011-07-17 12:19:49', '2012-10-19 19:03:21');
INSERT INTO `media` (`id`, `media_type_id`, `user_id`, `file_path`, `size`, `metadata`, `created_at`, `updated_at`) VALUES (25, 5, 25, 'quae', 7, 'voluptatibus', '2015-09-14 22:51:48', '2019-02-18 07:54:46');
INSERT INTO `media` (`id`, `media_type_id`, `user_id`, `file_path`, `size`, `metadata`, `created_at`, `updated_at`) VALUES (26, 6, 26, 'facere', 30093645, 'laudantium', '2016-01-09 18:24:42', '2012-12-30 22:32:51');
INSERT INTO `media` (`id`, `media_type_id`, `user_id`, `file_path`, `size`, `metadata`, `created_at`, `updated_at`) VALUES (27, 7, 27, 'quisquam', 17622, 'placeat', '2010-10-25 14:08:25', '2016-12-06 17:34:10');
INSERT INTO `media` (`id`, `media_type_id`, `user_id`, `file_path`, `size`, `metadata`, `created_at`, `updated_at`) VALUES (28, 8, 28, 'beatae', 0, 'doloremque', '2015-05-20 23:24:38', '2012-01-21 06:43:43');
INSERT INTO `media` (`id`, `media_type_id`, `user_id`, `file_path`, `size`, `metadata`, `created_at`, `updated_at`) VALUES (29, 9, 29, 'quo', 623827, 'sed', '2011-06-06 10:33:44', '2019-03-06 03:16:01');
INSERT INTO `media` (`id`, `media_type_id`, `user_id`, `file_path`, `size`, `metadata`, `created_at`, `updated_at`) VALUES (30, 10, 30, 'rerum', 439789343, 'est', '2014-11-10 10:11:25', '2015-07-25 20:52:48');
INSERT INTO `media` (`id`, `media_type_id`, `user_id`, `file_path`, `size`, `metadata`, `created_at`, `updated_at`) VALUES (31, 11, 31, 'velit', 476, 'sint', '2019-08-28 19:30:49', '2012-07-27 19:51:32');
INSERT INTO `media` (`id`, `media_type_id`, `user_id`, `file_path`, `size`, `metadata`, `created_at`, `updated_at`) VALUES (32, 12, 32, 'quos', 589944, 'ea', '2015-05-19 16:48:34', '2016-03-23 12:38:08');
INSERT INTO `media` (`id`, `media_type_id`, `user_id`, `file_path`, `size`, `metadata`, `created_at`, `updated_at`) VALUES (33, 13, 33, 'voluptatem', 361079708, 'reiciendis', '2010-12-05 16:27:00', '2010-07-21 15:10:53');
INSERT INTO `media` (`id`, `media_type_id`, `user_id`, `file_path`, `size`, `metadata`, `created_at`, `updated_at`) VALUES (34, 14, 34, 'consequatur', 15, 'eveniet', '2010-04-01 19:17:44', '2019-03-14 07:18:35');
INSERT INTO `media` (`id`, `media_type_id`, `user_id`, `file_path`, `size`, `metadata`, `created_at`, `updated_at`) VALUES (35, 15, 35, 'dolor', 1388805, 'sunt', '2012-03-15 09:28:25', '2014-10-02 17:58:21');
INSERT INTO `media` (`id`, `media_type_id`, `user_id`, `file_path`, `size`, `metadata`, `created_at`, `updated_at`) VALUES (36, 16, 36, 'harum', 88, 'ea', '2017-05-06 01:43:42', '2014-01-29 16:35:03');
INSERT INTO `media` (`id`, `media_type_id`, `user_id`, `file_path`, `size`, `metadata`, `created_at`, `updated_at`) VALUES (37, 17, 37, 'nihil', 2082, 'nobis', '2019-12-01 00:54:19', '2012-12-31 00:16:11');
INSERT INTO `media` (`id`, `media_type_id`, `user_id`, `file_path`, `size`, `metadata`, `created_at`, `updated_at`) VALUES (38, 18, 38, 'qui', 561239, 'omnis', '2011-05-01 06:15:09', '2018-12-26 12:13:12');
INSERT INTO `media` (`id`, `media_type_id`, `user_id`, `file_path`, `size`, `metadata`, `created_at`, `updated_at`) VALUES (39, 19, 39, 'dolores', 6, 'et', '2018-04-02 01:11:48', '2013-02-21 14:28:14');
INSERT INTO `media` (`id`, `media_type_id`, `user_id`, `file_path`, `size`, `metadata`, `created_at`, `updated_at`) VALUES (40, 20, 40, 'non', 304002, 'voluptatem', '2016-10-06 08:43:17', '2016-12-30 06:45:49');
INSERT INTO `media` (`id`, `media_type_id`, `user_id`, `file_path`, `size`, `metadata`, `created_at`, `updated_at`) VALUES (41, 1, 41, 'consequatur', 109, 'consequatur', '2019-03-12 14:15:38', '2019-06-08 06:10:26');
INSERT INTO `media` (`id`, `media_type_id`, `user_id`, `file_path`, `size`, `metadata`, `created_at`, `updated_at`) VALUES (42, 2, 42, 'qui', 19, 'eos', '2019-04-04 13:15:27', '2018-09-20 13:38:22');
INSERT INTO `media` (`id`, `media_type_id`, `user_id`, `file_path`, `size`, `metadata`, `created_at`, `updated_at`) VALUES (43, 3, 43, 'recusandae', 54064591, 'aspernatur', '2019-04-19 04:24:39', '2015-07-13 09:15:39');
INSERT INTO `media` (`id`, `media_type_id`, `user_id`, `file_path`, `size`, `metadata`, `created_at`, `updated_at`) VALUES (44, 4, 44, 'et', 8409055, 'tenetur', '2014-09-05 08:16:01', '2012-04-11 11:08:14');
INSERT INTO `media` (`id`, `media_type_id`, `user_id`, `file_path`, `size`, `metadata`, `created_at`, `updated_at`) VALUES (45, 5, 45, 'consequatur', 8153, 'voluptate', '2014-10-18 22:41:07', '2019-11-19 04:52:04');
INSERT INTO `media` (`id`, `media_type_id`, `user_id`, `file_path`, `size`, `metadata`, `created_at`, `updated_at`) VALUES (46, 6, 46, 'et', 396, 'in', '2014-03-19 00:40:37', '2016-01-01 10:51:28');
INSERT INTO `media` (`id`, `media_type_id`, `user_id`, `file_path`, `size`, `metadata`, `created_at`, `updated_at`) VALUES (47, 7, 47, 'sint', 423878, 'reiciendis', '2019-10-03 02:54:58', '2018-08-15 04:27:06');
INSERT INTO `media` (`id`, `media_type_id`, `user_id`, `file_path`, `size`, `metadata`, `created_at`, `updated_at`) VALUES (48, 8, 48, 'praesentium', 4, 'aperiam', '2010-06-19 02:00:46', '2017-01-02 05:11:37');
INSERT INTO `media` (`id`, `media_type_id`, `user_id`, `file_path`, `size`, `metadata`, `created_at`, `updated_at`) VALUES (49, 9, 49, 'beatae', 1642487, 'omnis', '2014-12-11 09:22:00', '2020-03-13 06:52:39');
INSERT INTO `media` (`id`, `media_type_id`, `user_id`, `file_path`, `size`, `metadata`, `created_at`, `updated_at`) VALUES (50, 10, 50, 'voluptas', 17, 'similique', '2011-11-22 13:46:46', '2016-11-23 13:39:59');
INSERT INTO `media` (`id`, `media_type_id`, `user_id`, `file_path`, `size`, `metadata`, `created_at`, `updated_at`) VALUES (51, 11, 51, 'quisquam', 224544260, 'sequi', '2019-01-04 20:08:45', '2012-05-12 20:54:32');
INSERT INTO `media` (`id`, `media_type_id`, `user_id`, `file_path`, `size`, `metadata`, `created_at`, `updated_at`) VALUES (52, 12, 52, 'nihil', 560, 'molestias', '2013-09-18 17:54:58', '2012-04-26 12:21:14');
INSERT INTO `media` (`id`, `media_type_id`, `user_id`, `file_path`, `size`, `metadata`, `created_at`, `updated_at`) VALUES (53, 13, 53, 'quos', 32, 'magni', '2015-06-01 01:30:46', '2019-07-06 22:50:51');
INSERT INTO `media` (`id`, `media_type_id`, `user_id`, `file_path`, `size`, `metadata`, `created_at`, `updated_at`) VALUES (54, 14, 54, 'blanditiis', 0, 'numquam', '2012-11-20 18:48:09', '2014-03-02 07:34:01');
INSERT INTO `media` (`id`, `media_type_id`, `user_id`, `file_path`, `size`, `metadata`, `created_at`, `updated_at`) VALUES (55, 15, 55, 'ab', 31, 'aut', '2015-11-11 08:21:41', '2019-02-15 10:37:52');
INSERT INTO `media` (`id`, `media_type_id`, `user_id`, `file_path`, `size`, `metadata`, `created_at`, `updated_at`) VALUES (56, 16, 56, 'pariatur', 6972, 'dolorem', '2014-05-23 10:26:42', '2016-05-21 07:35:58');
INSERT INTO `media` (`id`, `media_type_id`, `user_id`, `file_path`, `size`, `metadata`, `created_at`, `updated_at`) VALUES (57, 17, 57, 'sapiente', 49, 'atque', '2019-09-15 18:52:09', '2016-09-16 18:17:03');
INSERT INTO `media` (`id`, `media_type_id`, `user_id`, `file_path`, `size`, `metadata`, `created_at`, `updated_at`) VALUES (58, 18, 58, 'ad', 77510, 'eum', '2018-04-19 08:53:43', '2010-09-03 16:19:55');
INSERT INTO `media` (`id`, `media_type_id`, `user_id`, `file_path`, `size`, `metadata`, `created_at`, `updated_at`) VALUES (59, 19, 59, 'rem', 0, 'aut', '2019-06-04 10:32:59', '2018-07-12 03:37:39');
INSERT INTO `media` (`id`, `media_type_id`, `user_id`, `file_path`, `size`, `metadata`, `created_at`, `updated_at`) VALUES (60, 20, 60, 'et', 93336, 'dignissimos', '2010-05-09 05:47:49', '2011-05-20 05:13:05');
INSERT INTO `media` (`id`, `media_type_id`, `user_id`, `file_path`, `size`, `metadata`, `created_at`, `updated_at`) VALUES (61, 1, 61, 'ab', 34478, 'expedita', '2014-07-27 06:56:26', '2019-03-06 23:58:58');
INSERT INTO `media` (`id`, `media_type_id`, `user_id`, `file_path`, `size`, `metadata`, `created_at`, `updated_at`) VALUES (62, 2, 62, 'odit', 187, 'et', '2018-09-23 13:51:56', '2012-11-13 22:41:16');
INSERT INTO `media` (`id`, `media_type_id`, `user_id`, `file_path`, `size`, `metadata`, `created_at`, `updated_at`) VALUES (63, 3, 63, 'aut', 51674, 'omnis', '2010-04-13 08:14:50', '2011-02-04 16:12:52');
INSERT INTO `media` (`id`, `media_type_id`, `user_id`, `file_path`, `size`, `metadata`, `created_at`, `updated_at`) VALUES (64, 4, 64, 'dolor', 10, 'temporibus', '2018-03-03 19:43:17', '2018-12-07 06:39:21');
INSERT INTO `media` (`id`, `media_type_id`, `user_id`, `file_path`, `size`, `metadata`, `created_at`, `updated_at`) VALUES (65, 5, 65, 'a', 155127, 'enim', '2018-12-06 03:25:37', '2019-09-06 17:29:03');
INSERT INTO `media` (`id`, `media_type_id`, `user_id`, `file_path`, `size`, `metadata`, `created_at`, `updated_at`) VALUES (66, 6, 66, 'tempore', 34, 'earum', '2016-06-25 13:13:26', '2020-02-19 12:10:23');
INSERT INTO `media` (`id`, `media_type_id`, `user_id`, `file_path`, `size`, `metadata`, `created_at`, `updated_at`) VALUES (67, 7, 67, 'voluptatem', 3, 'et', '2017-12-05 20:38:08', '2013-09-15 04:21:50');
INSERT INTO `media` (`id`, `media_type_id`, `user_id`, `file_path`, `size`, `metadata`, `created_at`, `updated_at`) VALUES (68, 8, 68, 'repudiandae', 655, 'quia', '2011-04-01 19:31:27', '2011-06-20 15:56:10');
INSERT INTO `media` (`id`, `media_type_id`, `user_id`, `file_path`, `size`, `metadata`, `created_at`, `updated_at`) VALUES (69, 9, 69, 'et', 0, 'eos', '2012-10-20 01:24:52', '2011-08-14 10:18:15');
INSERT INTO `media` (`id`, `media_type_id`, `user_id`, `file_path`, `size`, `metadata`, `created_at`, `updated_at`) VALUES (70, 10, 70, 'rem', 0, 'harum', '2011-11-19 03:14:16', '2015-08-28 08:59:33');
INSERT INTO `media` (`id`, `media_type_id`, `user_id`, `file_path`, `size`, `metadata`, `created_at`, `updated_at`) VALUES (71, 11, 71, 'earum', 1344697, 'modi', '2015-10-01 00:51:55', '2016-12-11 19:57:20');
INSERT INTO `media` (`id`, `media_type_id`, `user_id`, `file_path`, `size`, `metadata`, `created_at`, `updated_at`) VALUES (72, 12, 72, 'illo', 1748286, 'fugit', '2010-09-03 20:15:58', '2019-10-05 09:23:07');
INSERT INTO `media` (`id`, `media_type_id`, `user_id`, `file_path`, `size`, `metadata`, `created_at`, `updated_at`) VALUES (73, 13, 73, 'deleniti', 2, 'aut', '2014-08-19 17:30:24', '2019-09-09 20:10:22');
INSERT INTO `media` (`id`, `media_type_id`, `user_id`, `file_path`, `size`, `metadata`, `created_at`, `updated_at`) VALUES (74, 14, 74, 'id', 25001, 'dolorem', '2013-06-06 11:28:36', '2018-03-06 22:36:10');
INSERT INTO `media` (`id`, `media_type_id`, `user_id`, `file_path`, `size`, `metadata`, `created_at`, `updated_at`) VALUES (75, 15, 75, 'eaque', 1, 'est', '2014-06-08 00:24:28', '2017-11-30 00:45:25');
INSERT INTO `media` (`id`, `media_type_id`, `user_id`, `file_path`, `size`, `metadata`, `created_at`, `updated_at`) VALUES (76, 16, 76, 'illo', 7967, 'sit', '2017-05-26 17:48:35', '2014-07-21 22:24:01');
INSERT INTO `media` (`id`, `media_type_id`, `user_id`, `file_path`, `size`, `metadata`, `created_at`, `updated_at`) VALUES (77, 17, 77, 'occaecati', 1, 'et', '2011-10-18 21:06:41', '2010-07-03 09:55:40');
INSERT INTO `media` (`id`, `media_type_id`, `user_id`, `file_path`, `size`, `metadata`, `created_at`, `updated_at`) VALUES (78, 18, 78, 'et', 406019, 'autem', '2013-09-01 12:18:29', '2018-01-09 07:23:36');
INSERT INTO `media` (`id`, `media_type_id`, `user_id`, `file_path`, `size`, `metadata`, `created_at`, `updated_at`) VALUES (79, 19, 79, 'aut', 9784, 'iure', '2016-01-19 23:37:56', '2012-01-24 18:06:24');
INSERT INTO `media` (`id`, `media_type_id`, `user_id`, `file_path`, `size`, `metadata`, `created_at`, `updated_at`) VALUES (80, 20, 80, 'cum', 31, 'cumque', '2018-06-23 12:38:02', '2010-09-03 03:09:14');
INSERT INTO `media` (`id`, `media_type_id`, `user_id`, `file_path`, `size`, `metadata`, `created_at`, `updated_at`) VALUES (81, 1, 81, 'saepe', 3360959, 'officiis', '2013-10-14 19:44:01', '2019-08-09 07:52:18');
INSERT INTO `media` (`id`, `media_type_id`, `user_id`, `file_path`, `size`, `metadata`, `created_at`, `updated_at`) VALUES (82, 2, 82, 'deserunt', 0, 'placeat', '2019-05-26 21:56:21', '2011-11-24 11:42:52');
INSERT INTO `media` (`id`, `media_type_id`, `user_id`, `file_path`, `size`, `metadata`, `created_at`, `updated_at`) VALUES (83, 3, 83, 'nam', 5134220, 'est', '2019-04-11 08:55:25', '2016-06-25 05:15:17');
INSERT INTO `media` (`id`, `media_type_id`, `user_id`, `file_path`, `size`, `metadata`, `created_at`, `updated_at`) VALUES (84, 4, 84, 'iure', 2394167, 'aliquid', '2015-04-01 11:06:50', '2012-07-31 15:38:38');
INSERT INTO `media` (`id`, `media_type_id`, `user_id`, `file_path`, `size`, `metadata`, `created_at`, `updated_at`) VALUES (85, 5, 85, 'et', 23, 'ut', '2018-01-12 04:20:58', '2014-01-18 02:09:03');
INSERT INTO `media` (`id`, `media_type_id`, `user_id`, `file_path`, `size`, `metadata`, `created_at`, `updated_at`) VALUES (86, 6, 86, 'voluptatum', 21, 'consequuntur', '2015-05-10 09:14:44', '2019-02-12 22:48:01');
INSERT INTO `media` (`id`, `media_type_id`, `user_id`, `file_path`, `size`, `metadata`, `created_at`, `updated_at`) VALUES (87, 7, 87, 'explicabo', 512, 'facilis', '2010-09-06 12:46:00', '2019-07-20 23:37:39');
INSERT INTO `media` (`id`, `media_type_id`, `user_id`, `file_path`, `size`, `metadata`, `created_at`, `updated_at`) VALUES (88, 8, 88, 'deleniti', 20, 'dolores', '2017-10-03 18:16:25', '2010-04-10 20:10:01');
INSERT INTO `media` (`id`, `media_type_id`, `user_id`, `file_path`, `size`, `metadata`, `created_at`, `updated_at`) VALUES (89, 9, 89, 'nihil', 22576, 'rerum', '2016-08-15 04:42:59', '2015-02-12 03:48:56');
INSERT INTO `media` (`id`, `media_type_id`, `user_id`, `file_path`, `size`, `metadata`, `created_at`, `updated_at`) VALUES (90, 10, 90, 'quia', 17643935, 'dolorem', '2015-01-09 21:52:31', '2011-09-22 13:30:28');
INSERT INTO `media` (`id`, `media_type_id`, `user_id`, `file_path`, `size`, `metadata`, `created_at`, `updated_at`) VALUES (91, 11, 91, 'sint', 0, 'omnis', '2010-10-11 13:19:59', '2019-07-01 11:49:28');
INSERT INTO `media` (`id`, `media_type_id`, `user_id`, `file_path`, `size`, `metadata`, `created_at`, `updated_at`) VALUES (92, 12, 92, 'aperiam', 4, 'magnam', '2018-09-16 18:18:02', '2016-05-25 07:41:20');
INSERT INTO `media` (`id`, `media_type_id`, `user_id`, `file_path`, `size`, `metadata`, `created_at`, `updated_at`) VALUES (93, 13, 93, 'sit', 366, 'quia', '2016-01-01 12:52:51', '2018-06-08 07:40:23');
INSERT INTO `media` (`id`, `media_type_id`, `user_id`, `file_path`, `size`, `metadata`, `created_at`, `updated_at`) VALUES (94, 14, 94, 'inventore', 0, 'tempore', '2016-01-22 16:14:45', '2014-12-20 00:42:16');
INSERT INTO `media` (`id`, `media_type_id`, `user_id`, `file_path`, `size`, `metadata`, `created_at`, `updated_at`) VALUES (95, 15, 95, 'suscipit', 1, 'alias', '2010-07-09 13:37:25', '2011-02-04 03:10:11');
INSERT INTO `media` (`id`, `media_type_id`, `user_id`, `file_path`, `size`, `metadata`, `created_at`, `updated_at`) VALUES (96, 16, 96, 'perferendis', 5383, 'et', '2019-01-22 02:15:04', '2013-11-08 08:36:54');
INSERT INTO `media` (`id`, `media_type_id`, `user_id`, `file_path`, `size`, `metadata`, `created_at`, `updated_at`) VALUES (97, 17, 97, 'temporibus', 701407, 'earum', '2018-04-02 20:32:04', '2012-05-27 22:31:31');
INSERT INTO `media` (`id`, `media_type_id`, `user_id`, `file_path`, `size`, `metadata`, `created_at`, `updated_at`) VALUES (98, 18, 98, 'odit', 7216, 'doloribus', '2016-05-14 03:38:49', '2017-04-07 01:10:25');
INSERT INTO `media` (`id`, `media_type_id`, `user_id`, `file_path`, `size`, `metadata`, `created_at`, `updated_at`) VALUES (99, 19, 99, 'amet', 397146, 'sint', '2016-12-12 11:05:31', '2019-12-12 12:24:23');
INSERT INTO `media` (`id`, `media_type_id`, `user_id`, `file_path`, `size`, `metadata`, `created_at`, `updated_at`) VALUES (100, 20, 100, 'non', 35991, 'illum', '2010-10-19 15:19:21', '2012-12-05 03:06:32');


#
# TABLE STRUCTURE FOR: media_types
#

DROP TABLE IF EXISTS `media_types`;

CREATE TABLE `media_types` (
  `id` int(10) unsigned NOT NULL AUTO_INCREMENT,
  `name` varchar(255) COLLATE utf8_unicode_ci NOT NULL,
  PRIMARY KEY (`id`),
  UNIQUE KEY `name` (`name`)
) ENGINE=InnoDB AUTO_INCREMENT=21 DEFAULT CHARSET=utf8 COLLATE=utf8_unicode_ci;

INSERT INTO `media_types` (`id`, `name`) VALUES (14, 'bmp');
INSERT INTO `media_types` (`id`, `name`) VALUES (13, 'chat');
INSERT INTO `media_types` (`id`, `name`) VALUES (15, 'deb');
INSERT INTO `media_types` (`id`, `name`) VALUES (12, 'eot');
INSERT INTO `media_types` (`id`, `name`) VALUES (17, 'esf');
INSERT INTO `media_types` (`id`, `name`) VALUES (9, 'movie');
INSERT INTO `media_types` (`id`, `name`) VALUES (1, 'oti');
INSERT INTO `media_types` (`id`, `name`) VALUES (2, 'oxt');
INSERT INTO `media_types` (`id`, `name`) VALUES (8, 'pct');
INSERT INTO `media_types` (`id`, `name`) VALUES (20, 'scm');
INSERT INTO `media_types` (`id`, `name`) VALUES (16, 'seed');
INSERT INTO `media_types` (`id`, `name`) VALUES (11, 'srt');
INSERT INTO `media_types` (`id`, `name`) VALUES (10, 'sti');
INSERT INTO `media_types` (`id`, `name`) VALUES (7, 'sv4cpio');
INSERT INTO `media_types` (`id`, `name`) VALUES (4, 'sxd');
INSERT INTO `media_types` (`id`, `name`) VALUES (19, 'uvvh');
INSERT INTO `media_types` (`id`, `name`) VALUES (3, 'wml');
INSERT INTO `media_types` (`id`, `name`) VALUES (18, 'xaml');
INSERT INTO `media_types` (`id`, `name`) VALUES (6, 'xar');
INSERT INTO `media_types` (`id`, `name`) VALUES (5, 'xpl');


#
# TABLE STRUCTURE FOR: messages
#

DROP TABLE IF EXISTS `messages`;

CREATE TABLE `messages` (
  `id` int(10) unsigned NOT NULL AUTO_INCREMENT,
  `from_user_id` int(10) unsigned NOT NULL,
  `to_user_id` int(10) unsigned NOT NULL,
  `body` text COLLATE utf8_unicode_ci NOT NULL,
  `is_important` tinyint(1) DEFAULT NULL,
  `is_delivered` tinyint(1) DEFAULT NULL,
  `created_at` datetime DEFAULT current_timestamp(),
  PRIMARY KEY (`id`)
) ENGINE=InnoDB AUTO_INCREMENT=101 DEFAULT CHARSET=utf8 COLLATE=utf8_unicode_ci;

INSERT INTO `messages` (`id`, `from_user_id`, `to_user_id`, `body`, `is_important`, `is_delivered`, `created_at`) VALUES (1, 712135, 9, 'Animi odio et dignissimos expedita molestiae. Qui quidem harum perspiciatis cumque et neque in numquam.', 0, 1, '2019-09-28 00:00:00');
INSERT INTO `messages` (`id`, `from_user_id`, `to_user_id`, `body`, `is_important`, `is_delivered`, `created_at`) VALUES (2, 7, 27551369, 'Inventore odit autem molestiae sapiente magni aut libero doloribus. Hic quos quia eos non. Et sed corrupti et quia consequuntur commodi.', 1, 1, '2017-11-23 00:00:00');
INSERT INTO `messages` (`id`, `from_user_id`, `to_user_id`, `body`, `is_important`, `is_delivered`, `created_at`) VALUES (3, 236, 46, 'Iusto laudantium ea dolor ducimus. Harum deserunt et voluptatem esse. Commodi in repellat in voluptatem molestiae voluptas.', 1, 0, '1970-06-10 00:00:00');
INSERT INTO `messages` (`id`, `from_user_id`, `to_user_id`, `body`, `is_important`, `is_delivered`, `created_at`) VALUES (4, 56759994, 86167114, 'Magnam ut voluptas iusto aut ipsa. Sit vitae sit nisi aut. Totam voluptatum deserunt in et similique quasi. Dolorem et dolores voluptas voluptas.', 0, 0, '2018-05-18 00:00:00');
INSERT INTO `messages` (`id`, `from_user_id`, `to_user_id`, `body`, `is_important`, `is_delivered`, `created_at`) VALUES (5, 0, 186, 'Consectetur in voluptatem sit laboriosam enim velit qui. Aut occaecati voluptatem recusandae dolorem adipisci quo et. Nihil animi amet praesentium omnis voluptas.', 1, 1, '2005-07-19 00:00:00');
INSERT INTO `messages` (`id`, `from_user_id`, `to_user_id`, `body`, `is_important`, `is_delivered`, `created_at`) VALUES (6, 0, 3750424, 'Et aut quo animi adipisci temporibus. Iusto dolorum error sunt tempore similique impedit. Quidem repellat quia eos voluptate sed nihil. Omnis asperiores eaque dignissimos ut.', 0, 1, '2012-11-10 00:00:00');
INSERT INTO `messages` (`id`, `from_user_id`, `to_user_id`, `body`, `is_important`, `is_delivered`, `created_at`) VALUES (7, 3954, 1, 'Delectus necessitatibus odio tempore architecto eos. Nobis nihil nobis deserunt deleniti saepe molestias quibusdam neque. Nobis quos sed velit unde officia nemo porro alias. Nulla ipsa illum rerum facere.', 0, 1, '2006-09-19 00:00:00');
INSERT INTO `messages` (`id`, `from_user_id`, `to_user_id`, `body`, `is_important`, `is_delivered`, `created_at`) VALUES (8, 0, 76074817, 'Dignissimos qui qui labore error. Ipsa odio doloribus dolores. Qui soluta temporibus debitis eius natus velit.', 0, 0, '2001-09-23 00:00:00');
INSERT INTO `messages` (`id`, `from_user_id`, `to_user_id`, `body`, `is_important`, `is_delivered`, `created_at`) VALUES (9, 7, 549709, 'Occaecati dolor dolores vel illo. Delectus porro perspiciatis accusantium. At harum et aut numquam incidunt. Eum enim nobis voluptas ut repellendus quasi. Vel dolores sequi enim accusantium.', 1, 1, '2007-04-04 00:00:00');
INSERT INTO `messages` (`id`, `from_user_id`, `to_user_id`, `body`, `is_important`, `is_delivered`, `created_at`) VALUES (10, 9, 2659, 'Inventore deleniti dolor et velit sequi nostrum. Eveniet aspernatur eum sint atque quaerat maxime sapiente. Veniam rerum maxime deleniti fugit minus laudantium. Quis sit eum illum nulla sed animi molestias.', 0, 0, '2000-04-19 00:00:00');
INSERT INTO `messages` (`id`, `from_user_id`, `to_user_id`, `body`, `is_important`, `is_delivered`, `created_at`) VALUES (11, 0, 0, 'Qui rerum illo sint amet id ea. Et et quos rerum est voluptas. Qui eveniet ut illo aspernatur. Enim eveniet nesciunt nostrum quas.', 1, 1, '2012-01-26 00:00:00');
INSERT INTO `messages` (`id`, `from_user_id`, `to_user_id`, `body`, `is_important`, `is_delivered`, `created_at`) VALUES (12, 137103, 545492825, 'Et officia dolorum magnam commodi perspiciatis deserunt. Dolores ipsa aliquam et odit voluptatem.', 0, 1, '1988-10-27 00:00:00');
INSERT INTO `messages` (`id`, `from_user_id`, `to_user_id`, `body`, `is_important`, `is_delivered`, `created_at`) VALUES (13, 176654239, 54357, 'Mollitia mollitia nihil molestias incidunt amet. Eaque necessitatibus tempora eius voluptatem laudantium aspernatur laborum. Explicabo ea voluptates tenetur magni minus adipisci sed.', 1, 1, '1972-10-23 00:00:00');
INSERT INTO `messages` (`id`, `from_user_id`, `to_user_id`, `body`, `is_important`, `is_delivered`, `created_at`) VALUES (14, 9758238, 94, 'Aliquam a dolorum reprehenderit non excepturi saepe aspernatur. Et consequuntur et accusantium velit sit harum. Omnis ut repellat repudiandae aut in nostrum.', 1, 0, '1993-12-13 00:00:00');
INSERT INTO `messages` (`id`, `from_user_id`, `to_user_id`, `body`, `is_important`, `is_delivered`, `created_at`) VALUES (15, 67138, 744237185, 'Cupiditate nisi neque recusandae neque ut. Provident fugit itaque accusantium quaerat. Non illum culpa at inventore voluptatem. Laboriosam maiores est consequatur doloribus.', 0, 0, '1986-10-15 00:00:00');
INSERT INTO `messages` (`id`, `from_user_id`, `to_user_id`, `body`, `is_important`, `is_delivered`, `created_at`) VALUES (16, 27284, 2051400, 'Tempora eius consequatur iure voluptas inventore eum modi. Dolorem placeat qui officia assumenda aut totam nihil. Consequatur est ex in aut. Sint fuga omnis aut nemo rem iusto voluptas.', 1, 1, '1975-12-17 00:00:00');
INSERT INTO `messages` (`id`, `from_user_id`, `to_user_id`, `body`, `is_important`, `is_delivered`, `created_at`) VALUES (17, 382020, 0, 'Suscipit iste perferendis voluptates consequuntur quo error maxime. Dicta sit dolore voluptatum explicabo. Et consequuntur officiis est tempore non minus debitis.', 0, 1, '2006-02-10 00:00:00');
INSERT INTO `messages` (`id`, `from_user_id`, `to_user_id`, `body`, `is_important`, `is_delivered`, `created_at`) VALUES (18, 2632140, 592517843, 'Assumenda qui accusamus et vel provident quo. Qui sapiente nobis ab ut dignissimos. Esse occaecati et enim excepturi recusandae. Autem et a aut eum.', 1, 0, '1987-10-14 00:00:00');
INSERT INTO `messages` (`id`, `from_user_id`, `to_user_id`, `body`, `is_important`, `is_delivered`, `created_at`) VALUES (19, 626358070, 180917143, 'Sapiente rerum iure corrupti ut ut. Aliquam voluptatem non eos esse nisi culpa. Id aspernatur veniam qui quia cum velit. Aspernatur nisi ea occaecati.', 1, 0, '1985-03-28 00:00:00');
INSERT INTO `messages` (`id`, `from_user_id`, `to_user_id`, `body`, `is_important`, `is_delivered`, `created_at`) VALUES (20, 43, 1613648, 'Aliquam qui harum dignissimos omnis itaque. Asperiores maxime non nisi consectetur.', 1, 1, '1973-01-28 00:00:00');
INSERT INTO `messages` (`id`, `from_user_id`, `to_user_id`, `body`, `is_important`, `is_delivered`, `created_at`) VALUES (21, 885388585, 9, 'Odit reprehenderit eos nihil porro et est dolores. Ipsa sit nulla consequatur architecto beatae labore tempora. Maiores nesciunt at dolores totam suscipit. Eius nulla et est quos.', 1, 0, '2002-10-13 00:00:00');
INSERT INTO `messages` (`id`, `from_user_id`, `to_user_id`, `body`, `is_important`, `is_delivered`, `created_at`) VALUES (22, 28193675, 92, 'Error qui dolorem deleniti aut repudiandae mollitia. Sapiente at autem possimus in harum. Ex aut sapiente cum fugit quia beatae quod.', 1, 1, '1993-04-20 00:00:00');
INSERT INTO `messages` (`id`, `from_user_id`, `to_user_id`, `body`, `is_important`, `is_delivered`, `created_at`) VALUES (23, 63788, 691440778, 'Cum ut assumenda sint esse accusamus quia architecto. Amet omnis autem facilis itaque. Et dolor ut similique omnis in sit. Nisi sint et dicta.', 0, 1, '1990-12-08 00:00:00');
INSERT INTO `messages` (`id`, `from_user_id`, `to_user_id`, `body`, `is_important`, `is_delivered`, `created_at`) VALUES (24, 470344, 6555, 'Odio est et incidunt. Nostrum inventore distinctio minima corrupti. Esse optio vero et architecto soluta sint. Cupiditate doloremque repellendus labore provident.', 0, 0, '1977-08-31 00:00:00');
INSERT INTO `messages` (`id`, `from_user_id`, `to_user_id`, `body`, `is_important`, `is_delivered`, `created_at`) VALUES (25, 256, 6310, 'Vel voluptas eaque doloremque qui repellendus non delectus. Ab voluptatem beatae incidunt cum magnam nihil. Aperiam nisi atque minus corrupti omnis.', 1, 1, '1970-10-13 00:00:00');
INSERT INTO `messages` (`id`, `from_user_id`, `to_user_id`, `body`, `is_important`, `is_delivered`, `created_at`) VALUES (26, 465, 0, 'Fugit ad nobis perferendis dolor corrupti dolores minus quis. Et quod ducimus quasi. Itaque explicabo odio excepturi possimus cum. Necessitatibus nobis culpa aut reprehenderit.', 1, 1, '2012-06-27 00:00:00');
INSERT INTO `messages` (`id`, `from_user_id`, `to_user_id`, `body`, `is_important`, `is_delivered`, `created_at`) VALUES (27, 1588985, 347488902, 'Nostrum dolores voluptatem voluptatem accusamus non. In fugit recusandae sequi quisquam pariatur sit ea. Facere voluptate sunt rem voluptas. Qui modi dolorem eos reiciendis.', 0, 0, '2011-06-10 00:00:00');
INSERT INTO `messages` (`id`, `from_user_id`, `to_user_id`, `body`, `is_important`, `is_delivered`, `created_at`) VALUES (28, 15, 366, 'Consequatur dignissimos totam illo. Quia quod fugit soluta omnis est sint repellendus. Est voluptas ullam accusamus nihil dignissimos eaque qui. Expedita qui reiciendis animi soluta ab.', 1, 1, '1988-10-09 00:00:00');
INSERT INTO `messages` (`id`, `from_user_id`, `to_user_id`, `body`, `is_important`, `is_delivered`, `created_at`) VALUES (29, 97978, 0, 'Vitae adipisci voluptatem id quidem rerum et. Sit repellendus blanditiis beatae. Tenetur distinctio est velit. Libero voluptatem autem vel.', 0, 1, '2011-06-14 00:00:00');
INSERT INTO `messages` (`id`, `from_user_id`, `to_user_id`, `body`, `is_important`, `is_delivered`, `created_at`) VALUES (30, 2767103, 279594, 'Hic saepe explicabo voluptatem ducimus unde blanditiis. Illum necessitatibus magni consequatur dignissimos. Et quaerat placeat et earum quasi velit. Quae accusantium sed quae illum dicta voluptas.', 0, 0, '1987-08-25 00:00:00');
INSERT INTO `messages` (`id`, `from_user_id`, `to_user_id`, `body`, `is_important`, `is_delivered`, `created_at`) VALUES (31, 351165515, 8, 'Non necessitatibus soluta modi et dignissimos. Ipsam dicta iure distinctio ex rerum aut. Omnis dolore commodi et vitae molestiae harum iusto et.', 0, 0, '2015-04-28 00:00:00');
INSERT INTO `messages` (`id`, `from_user_id`, `to_user_id`, `body`, `is_important`, `is_delivered`, `created_at`) VALUES (32, 40, 668452072, 'Rem cumque at ea quia asperiores quas est. Ab incidunt quas non officiis optio quod error corrupti. Dolores tenetur placeat reiciendis nesciunt reiciendis.', 1, 1, '2014-03-18 00:00:00');
INSERT INTO `messages` (`id`, `from_user_id`, `to_user_id`, `body`, `is_important`, `is_delivered`, `created_at`) VALUES (33, 70, 7, 'Aut nesciunt non voluptatem numquam dignissimos. Eius et non dolor pariatur adipisci dolore. Quaerat voluptatem nulla itaque praesentium vel sed. Quo alias nemo aliquam accusantium adipisci aut. Perspiciatis debitis non beatae expedita in sed tempore exercitationem.', 1, 0, '1983-11-10 00:00:00');
INSERT INTO `messages` (`id`, `from_user_id`, `to_user_id`, `body`, `is_important`, `is_delivered`, `created_at`) VALUES (34, 3823, 157661, 'Eligendi quia cupiditate alias quas eligendi illum vero eveniet. Suscipit rem voluptatem totam doloribus dicta a. Esse deserunt ut impedit qui. Id itaque nam expedita.', 1, 0, '1978-10-13 00:00:00');
INSERT INTO `messages` (`id`, `from_user_id`, `to_user_id`, `body`, `is_important`, `is_delivered`, `created_at`) VALUES (35, 1151408, 826, 'Dolorem sapiente quis hic et consequatur tenetur. In quasi ab odio aut ut suscipit quibusdam dolore.', 0, 0, '2009-09-23 00:00:00');
INSERT INTO `messages` (`id`, `from_user_id`, `to_user_id`, `body`, `is_important`, `is_delivered`, `created_at`) VALUES (36, 779964525, 3934, 'Qui animi voluptatem magni impedit aperiam provident alias. Architecto aliquam quia aperiam sint sunt debitis et. Quibusdam hic est dolore et doloremque. Officia quae veniam aliquam harum a dolorum quaerat.', 1, 1, '2016-05-20 00:00:00');
INSERT INTO `messages` (`id`, `from_user_id`, `to_user_id`, `body`, `is_important`, `is_delivered`, `created_at`) VALUES (37, 71545, 4, 'Porro repellat voluptas rerum explicabo laborum aut id. Nihil ducimus aut perferendis dignissimos. Omnis cum nostrum reprehenderit quis tempore cupiditate. Sit aut molestias ea.', 1, 1, '2001-04-01 00:00:00');
INSERT INTO `messages` (`id`, `from_user_id`, `to_user_id`, `body`, `is_important`, `is_delivered`, `created_at`) VALUES (38, 0, 44, 'Quisquam consectetur nostrum officiis. Sunt quo provident accusamus nulla. Aut sunt est et iure aut. Sapiente tenetur laudantium consequatur qui rerum.', 1, 0, '1996-04-23 00:00:00');
INSERT INTO `messages` (`id`, `from_user_id`, `to_user_id`, `body`, `is_important`, `is_delivered`, `created_at`) VALUES (39, 2694, 9886, 'Quas dolores reiciendis omnis voluptatibus voluptatem nesciunt sed. Veritatis quisquam dolorem nesciunt. Aut expedita officia repellat minima illo.', 1, 1, '1997-08-06 00:00:00');
INSERT INTO `messages` (`id`, `from_user_id`, `to_user_id`, `body`, `is_important`, `is_delivered`, `created_at`) VALUES (40, 56579380, 373, 'Illum voluptate ad quasi. Amet nemo voluptatem molestiae natus nostrum. Dolor debitis hic vero. Dolore non quia et.', 1, 1, '2008-12-14 00:00:00');
INSERT INTO `messages` (`id`, `from_user_id`, `to_user_id`, `body`, `is_important`, `is_delivered`, `created_at`) VALUES (41, 6062, 3509, 'Voluptatem sapiente et beatae exercitationem maxime magnam. Quisquam necessitatibus sapiente aut ut. Itaque natus architecto quasi laborum qui voluptatum architecto quae. Iure sunt quia a vel est ipsum et voluptatem.', 1, 1, '1982-04-10 00:00:00');
INSERT INTO `messages` (`id`, `from_user_id`, `to_user_id`, `body`, `is_important`, `is_delivered`, `created_at`) VALUES (42, 5, 0, 'Ad est aut qui qui. Earum officiis blanditiis temporibus rerum temporibus dolor illo. Excepturi magni odio eos quia saepe fugit praesentium. Recusandae est harum officiis culpa vel quibusdam.', 0, 1, '2017-02-09 00:00:00');
INSERT INTO `messages` (`id`, `from_user_id`, `to_user_id`, `body`, `is_important`, `is_delivered`, `created_at`) VALUES (43, 9509, 972421, 'Dolores dolor laborum asperiores facilis sed nobis id. Nobis ullam commodi quia earum. Ut non id magni ipsum impedit nostrum est. Fugit aut labore molestiae ea quod.', 0, 0, '2009-07-30 00:00:00');
INSERT INTO `messages` (`id`, `from_user_id`, `to_user_id`, `body`, `is_important`, `is_delivered`, `created_at`) VALUES (44, 826, 5, 'Sequi ut et ut totam et. Fugiat nesciunt alias nobis eum. Ipsam cumque tempore omnis error quia autem quo. Dignissimos temporibus sunt et omnis.', 1, 1, '1978-08-14 00:00:00');
INSERT INTO `messages` (`id`, `from_user_id`, `to_user_id`, `body`, `is_important`, `is_delivered`, `created_at`) VALUES (45, 6529, 236741628, 'Necessitatibus reprehenderit totam iste excepturi consectetur rem hic. Dignissimos beatae pariatur vel nam esse velit est.', 1, 1, '1992-06-30 00:00:00');
INSERT INTO `messages` (`id`, `from_user_id`, `to_user_id`, `body`, `is_important`, `is_delivered`, `created_at`) VALUES (46, 84, 998825460, 'Vitae accusantium laudantium tenetur. Voluptas iure eos dolore.', 0, 1, '1987-11-09 00:00:00');
INSERT INTO `messages` (`id`, `from_user_id`, `to_user_id`, `body`, `is_important`, `is_delivered`, `created_at`) VALUES (47, 0, 7667893, 'Dolor reiciendis mollitia temporibus. Repudiandae suscipit suscipit harum voluptatem praesentium dolores repellendus ad. Tenetur aliquid et omnis officia et.', 1, 0, '1970-02-23 00:00:00');
INSERT INTO `messages` (`id`, `from_user_id`, `to_user_id`, `body`, `is_important`, `is_delivered`, `created_at`) VALUES (48, 0, 592, 'Ducimus facilis molestiae voluptatem nemo neque fugiat. Voluptatem et atque officia et et ut facilis et. Temporibus quo voluptatem ea quia consectetur quod recusandae. Debitis eos voluptates eum quis.', 1, 0, '1994-05-27 00:00:00');
INSERT INTO `messages` (`id`, `from_user_id`, `to_user_id`, `body`, `is_important`, `is_delivered`, `created_at`) VALUES (49, 750917522, 357, 'Vero sapiente molestiae error nisi neque qui aliquid. Reiciendis ea et quasi magni.', 1, 1, '1978-11-23 00:00:00');
INSERT INTO `messages` (`id`, `from_user_id`, `to_user_id`, `body`, `is_important`, `is_delivered`, `created_at`) VALUES (50, 5656777, 677667089, 'Magni adipisci ut repellat vel explicabo. Est omnis aliquid et maxime. Tempore omnis exercitationem assumenda ipsam id ducimus in.', 1, 0, '2011-09-11 00:00:00');
INSERT INTO `messages` (`id`, `from_user_id`, `to_user_id`, `body`, `is_important`, `is_delivered`, `created_at`) VALUES (51, 3, 34492, 'Praesentium omnis corrupti non quam eaque quo qui. Eos facilis dolor similique eos enim. Fugit occaecati deserunt et incidunt fugit voluptatem molestiae quibusdam. Provident quisquam harum natus ad delectus deserunt. Quia est consequatur provident suscipit deleniti numquam.', 0, 0, '1984-08-27 00:00:00');
INSERT INTO `messages` (`id`, `from_user_id`, `to_user_id`, `body`, `is_important`, `is_delivered`, `created_at`) VALUES (52, 6784572, 871, 'Tenetur voluptas sint alias laudantium sint atque delectus quaerat. Vero cupiditate consequatur et sit ab alias libero. Explicabo aliquam porro nobis distinctio et.', 0, 0, '1982-08-12 00:00:00');
INSERT INTO `messages` (`id`, `from_user_id`, `to_user_id`, `body`, `is_important`, `is_delivered`, `created_at`) VALUES (53, 10212, 9073371, 'Ex qui vel in sunt et et. Sapiente ratione qui non culpa. Aliquid perferendis temporibus sapiente et quod.', 0, 1, '1984-02-28 00:00:00');
INSERT INTO `messages` (`id`, `from_user_id`, `to_user_id`, `body`, `is_important`, `is_delivered`, `created_at`) VALUES (54, 3827, 225862, 'Quo non placeat sint ratione expedita sed eum. Corporis qui nisi ex porro reiciendis ad ut. Cum consequatur a necessitatibus quidem.', 0, 0, '2007-05-17 00:00:00');
INSERT INTO `messages` (`id`, `from_user_id`, `to_user_id`, `body`, `is_important`, `is_delivered`, `created_at`) VALUES (55, 98831, 57618, 'Nemo voluptate voluptas occaecati vero eos et. Quibusdam architecto et quos asperiores animi at est soluta. Cum debitis sit optio voluptatem assumenda repellat. Est porro in dolorum vitae quia sit.', 1, 0, '2011-11-02 00:00:00');
INSERT INTO `messages` (`id`, `from_user_id`, `to_user_id`, `body`, `is_important`, `is_delivered`, `created_at`) VALUES (56, 101, 776608, 'Veniam qui adipisci autem est. Quo saepe iusto voluptatem officiis. Possimus nemo ipsam amet. Voluptas quis doloremque fugiat consequatur suscipit nemo autem.', 0, 1, '1979-10-28 00:00:00');
INSERT INTO `messages` (`id`, `from_user_id`, `to_user_id`, `body`, `is_important`, `is_delivered`, `created_at`) VALUES (57, 5231, 9819, 'Asperiores ab eos perspiciatis veritatis aperiam et dolorum facere. Amet quam aut occaecati quibusdam doloribus. Reprehenderit praesentium quia debitis molestiae. Sit et non non molestiae et rerum. Animi ut qui non.', 0, 1, '2009-09-02 00:00:00');
INSERT INTO `messages` (`id`, `from_user_id`, `to_user_id`, `body`, `is_important`, `is_delivered`, `created_at`) VALUES (58, 43, 45, 'Deleniti laborum temporibus fugit harum alias omnis est. Soluta id et minima quae voluptas soluta. Quidem omnis reprehenderit voluptates. Architecto est laudantium asperiores qui odit quis.', 1, 1, '1991-03-15 00:00:00');
INSERT INTO `messages` (`id`, `from_user_id`, `to_user_id`, `body`, `is_important`, `is_delivered`, `created_at`) VALUES (59, 40627366, 20, 'Error expedita odio in quasi vel. Impedit quis est dolorem perferendis voluptate aliquam. Similique distinctio expedita temporibus provident assumenda. Harum quisquam dignissimos accusantium tempore blanditiis vitae.', 0, 1, '2016-07-05 00:00:00');
INSERT INTO `messages` (`id`, `from_user_id`, `to_user_id`, `body`, `is_important`, `is_delivered`, `created_at`) VALUES (60, 293767, 597955383, 'Labore et neque cum sit. Blanditiis cupiditate iste maxime.', 0, 1, '1976-09-04 00:00:00');
INSERT INTO `messages` (`id`, `from_user_id`, `to_user_id`, `body`, `is_important`, `is_delivered`, `created_at`) VALUES (61, 47410, 41, 'Inventore esse vitae quis dolores non ipsam culpa. Praesentium officia ut natus asperiores consequatur laudantium. Ab ut sit ut eos.', 0, 0, '2001-11-21 00:00:00');
INSERT INTO `messages` (`id`, `from_user_id`, `to_user_id`, `body`, `is_important`, `is_delivered`, `created_at`) VALUES (62, 7, 1030490, 'Soluta unde perferendis velit ut sunt tenetur. Velit et sint quos et molestias. Labore corrupti corrupti itaque eos ipsum. Doloremque et porro est molestias id.', 0, 1, '1971-05-25 00:00:00');
INSERT INTO `messages` (`id`, `from_user_id`, `to_user_id`, `body`, `is_important`, `is_delivered`, `created_at`) VALUES (63, 0, 3940, 'Nam voluptatem omnis ea et ipsum. Qui minus eos et. Ut illum eum eaque. Qui velit qui possimus numquam possimus.', 1, 1, '1999-02-03 00:00:00');
INSERT INTO `messages` (`id`, `from_user_id`, `to_user_id`, `body`, `is_important`, `is_delivered`, `created_at`) VALUES (64, 47717, 15559, 'Non repellat nostrum voluptatum. Totam eum praesentium incidunt magnam omnis iusto id. Maiores incidunt omnis ut. Aut itaque iusto laudantium quisquam iusto.', 1, 1, '1997-12-17 00:00:00');
INSERT INTO `messages` (`id`, `from_user_id`, `to_user_id`, `body`, `is_important`, `is_delivered`, `created_at`) VALUES (65, 790900, 2583287, 'Reiciendis animi consequuntur sint in blanditiis dolor. Libero nisi eveniet natus occaecati. Et itaque sint nesciunt sint.', 0, 1, '1998-12-10 00:00:00');
INSERT INTO `messages` (`id`, `from_user_id`, `to_user_id`, `body`, `is_important`, `is_delivered`, `created_at`) VALUES (66, 834658, 4506, 'Est dolorum voluptate quas pariatur impedit reiciendis. Voluptatem repellendus et expedita voluptas voluptate facilis tempore. Molestiae sed fugit id vel ullam.', 1, 1, '1991-02-13 00:00:00');
INSERT INTO `messages` (`id`, `from_user_id`, `to_user_id`, `body`, `is_important`, `is_delivered`, `created_at`) VALUES (67, 7, 10, 'Molestiae distinctio molestiae error deleniti. Labore tempora sunt et rerum. Et nihil sit molestias amet nihil. Vel qui eveniet ipsam ipsa aut.', 1, 1, '2017-01-17 00:00:00');
INSERT INTO `messages` (`id`, `from_user_id`, `to_user_id`, `body`, `is_important`, `is_delivered`, `created_at`) VALUES (68, 0, 0, 'Est ullam rerum occaecati neque est quos accusamus. Cumque doloremque nisi ea velit sint quisquam. Reprehenderit consequatur et est voluptatem. Et sit blanditiis et iure amet excepturi.', 1, 0, '1984-03-30 00:00:00');
INSERT INTO `messages` (`id`, `from_user_id`, `to_user_id`, `body`, `is_important`, `is_delivered`, `created_at`) VALUES (69, 90, 918, 'Laborum sed maxime consequatur a dolorum. Quis deleniti quae iure vel dolores voluptatum. Saepe ex velit in qui. Qui quas autem repellat.', 1, 1, '1983-10-07 00:00:00');
INSERT INTO `messages` (`id`, `from_user_id`, `to_user_id`, `body`, `is_important`, `is_delivered`, `created_at`) VALUES (70, 254, 7234260, 'Molestiae odio dolor voluptate et commodi reprehenderit. Eum aut vitae fuga delectus sit sed eveniet. Molestiae suscipit expedita animi ex. Est et a voluptatem aperiam consequuntur voluptatem. Et vitae atque est dolores animi minima.', 0, 0, '1973-05-25 00:00:00');
INSERT INTO `messages` (`id`, `from_user_id`, `to_user_id`, `body`, `is_important`, `is_delivered`, `created_at`) VALUES (71, 31290, 6229583, 'Similique voluptas autem eum fugit omnis. Sunt autem non similique magnam corrupti beatae dolor quidem. Ut et voluptas aut officiis vel a. Vitae sed corrupti voluptas cum ut optio.', 0, 0, '1974-04-15 00:00:00');
INSERT INTO `messages` (`id`, `from_user_id`, `to_user_id`, `body`, `is_important`, `is_delivered`, `created_at`) VALUES (72, 2727202, 9696, 'Reprehenderit alias sed est eos deleniti dolorem et. Consequatur sunt eveniet aspernatur veniam natus. Quod molestias molestias qui necessitatibus quam. Eos molestias molestiae voluptas laboriosam magni ut.', 1, 1, '1970-04-26 00:00:00');
INSERT INTO `messages` (`id`, `from_user_id`, `to_user_id`, `body`, `is_important`, `is_delivered`, `created_at`) VALUES (73, 123389190, 6770681, 'Quos magni ut maxime amet iure ullam. Libero doloribus pariatur voluptatem iusto asperiores. Eius optio delectus officia inventore adipisci sit. Voluptatem perspiciatis aut inventore ratione officiis aut.', 0, 0, '1970-02-26 00:00:00');
INSERT INTO `messages` (`id`, `from_user_id`, `to_user_id`, `body`, `is_important`, `is_delivered`, `created_at`) VALUES (74, 8468302, 88806762, 'Unde et esse vero enim dolores quisquam consequuntur. Ipsa tempora dignissimos vero cumque. Laboriosam et ea fuga odit. Totam quis aut qui rem ut dolorem voluptatem.', 1, 1, '1978-03-09 00:00:00');
INSERT INTO `messages` (`id`, `from_user_id`, `to_user_id`, `body`, `is_important`, `is_delivered`, `created_at`) VALUES (75, 2, 131091, 'Sapiente sed et consequatur fugiat impedit maiores. Autem odio aspernatur est delectus. Rerum amet ut asperiores quae.', 0, 0, '1996-11-09 00:00:00');
INSERT INTO `messages` (`id`, `from_user_id`, `to_user_id`, `body`, `is_important`, `is_delivered`, `created_at`) VALUES (76, 55334, 7994, 'Fugit exercitationem aut soluta debitis voluptate omnis temporibus fuga. Sapiente iste nulla corporis.', 0, 0, '1979-03-19 00:00:00');
INSERT INTO `messages` (`id`, `from_user_id`, `to_user_id`, `body`, `is_important`, `is_delivered`, `created_at`) VALUES (77, 50, 0, 'Nostrum nisi ducimus in qui nam voluptates cum. Est et natus et repudiandae non et. Quam vitae voluptas dolor quaerat dolor.', 0, 0, '2008-10-29 00:00:00');
INSERT INTO `messages` (`id`, `from_user_id`, `to_user_id`, `body`, `is_important`, `is_delivered`, `created_at`) VALUES (78, 8320736, 392846806, 'Deleniti consequuntur natus ducimus culpa quasi praesentium. Sint nihil repellat voluptas impedit sit. Ex quia voluptates sit quibusdam dicta vero. Cupiditate et sed dolor voluptatem doloribus.', 0, 1, '2000-04-08 00:00:00');
INSERT INTO `messages` (`id`, `from_user_id`, `to_user_id`, `body`, `is_important`, `is_delivered`, `created_at`) VALUES (79, 1643532, 18435519, 'Laborum eius et laborum maiores repudiandae id maiores. Nesciunt nobis atque fuga nobis esse est quod. Incidunt temporibus vel doloribus libero sed. Consequatur aut cupiditate sed amet reprehenderit.', 0, 1, '2008-05-03 00:00:00');
INSERT INTO `messages` (`id`, `from_user_id`, `to_user_id`, `body`, `is_important`, `is_delivered`, `created_at`) VALUES (80, 1085, 43697971, 'Inventore sit hic molestiae numquam ut. Ex et illo porro. Modi cupiditate explicabo illo minus magni. Dolor sint sed est quod dolor ut porro. Excepturi vel aspernatur sed consequuntur.', 0, 0, '2006-12-12 00:00:00');
INSERT INTO `messages` (`id`, `from_user_id`, `to_user_id`, `body`, `is_important`, `is_delivered`, `created_at`) VALUES (81, 516574321, 33, 'Cumque beatae molestiae expedita aliquam cum numquam. Repellat sit iusto dolores ut qui. Labore quo est molestias dolor suscipit repudiandae. Aut perspiciatis sit debitis.', 1, 1, '1978-08-31 00:00:00');
INSERT INTO `messages` (`id`, `from_user_id`, `to_user_id`, `body`, `is_important`, `is_delivered`, `created_at`) VALUES (82, 88205, 922, 'Et quidem recusandae excepturi officia suscipit excepturi recusandae laudantium. Totam voluptatem laudantium iste vel aut. Autem nobis rerum dolore tenetur qui voluptas aut.', 1, 0, '1986-11-13 00:00:00');
INSERT INTO `messages` (`id`, `from_user_id`, `to_user_id`, `body`, `is_important`, `is_delivered`, `created_at`) VALUES (83, 3222, 0, 'Blanditiis aut ut voluptatem tempore. Possimus temporibus pariatur facilis dolor molestiae quod. Voluptatem eos voluptas omnis. Eos alias ad enim asperiores autem.', 0, 0, '1991-01-03 00:00:00');
INSERT INTO `messages` (`id`, `from_user_id`, `to_user_id`, `body`, `is_important`, `is_delivered`, `created_at`) VALUES (84, 48931, 6782688, 'Enim vel eos nulla explicabo. Aut dolorem assumenda ipsa quasi reiciendis tempora. Deserunt consequatur iste incidunt et. Est in molestiae eos assumenda.', 1, 1, '2017-12-16 00:00:00');
INSERT INTO `messages` (`id`, `from_user_id`, `to_user_id`, `body`, `is_important`, `is_delivered`, `created_at`) VALUES (85, 197471585, 6027497, 'Doloremque eum reiciendis ut aut quisquam. Et assumenda ullam natus laboriosam ipsum eaque eaque. Animi temporibus incidunt tempore deserunt.', 1, 1, '1988-01-11 00:00:00');
INSERT INTO `messages` (`id`, `from_user_id`, `to_user_id`, `body`, `is_important`, `is_delivered`, `created_at`) VALUES (86, 261703, 78657009, 'Excepturi rerum praesentium aut officia in excepturi. Autem nostrum consequatur ut sed.', 1, 1, '2005-03-27 00:00:00');
INSERT INTO `messages` (`id`, `from_user_id`, `to_user_id`, `body`, `is_important`, `is_delivered`, `created_at`) VALUES (87, 20240131, 7735643, 'Ipsum est in officiis omnis. Quis consequuntur omnis vel sunt rerum.', 1, 1, '2019-09-24 00:00:00');
INSERT INTO `messages` (`id`, `from_user_id`, `to_user_id`, `body`, `is_important`, `is_delivered`, `created_at`) VALUES (88, 548, 0, 'Commodi et cupiditate rerum doloremque dolore et est molestias. Saepe sed et deserunt consequatur quia. Placeat laudantium corporis a deleniti est debitis qui nulla.', 1, 0, '2003-06-10 00:00:00');
INSERT INTO `messages` (`id`, `from_user_id`, `to_user_id`, `body`, `is_important`, `is_delivered`, `created_at`) VALUES (89, 2, 212, 'Quibusdam earum sit nemo facere aut. Modi ea excepturi et recusandae soluta qui. Expedita dolores ut libero omnis.', 0, 0, '2001-08-26 00:00:00');
INSERT INTO `messages` (`id`, `from_user_id`, `to_user_id`, `body`, `is_important`, `is_delivered`, `created_at`) VALUES (90, 295, 143867, 'Voluptatem quo magnam quod similique in et dignissimos. Eligendi nihil exercitationem error eligendi magni iusto. Et quasi est facilis.', 0, 0, '1977-04-21 00:00:00');
INSERT INTO `messages` (`id`, `from_user_id`, `to_user_id`, `body`, `is_important`, `is_delivered`, `created_at`) VALUES (91, 0, 4, 'Enim in eum qui aperiam. Quisquam necessitatibus non eius odit nostrum. Labore at debitis autem harum quae sed cupiditate et.', 1, 1, '1985-12-21 00:00:00');
INSERT INTO `messages` (`id`, `from_user_id`, `to_user_id`, `body`, `is_important`, `is_delivered`, `created_at`) VALUES (92, 3, 9648822, 'Autem aut animi quia numquam eos unde doloribus. Dolores ut id ducimus eveniet doloribus omnis et.', 0, 0, '2000-04-25 00:00:00');
INSERT INTO `messages` (`id`, `from_user_id`, `to_user_id`, `body`, `is_important`, `is_delivered`, `created_at`) VALUES (93, 30046, 78, 'Officia quibusdam eligendi tenetur cumque. Quaerat dolore officia dolorem omnis amet provident. Sunt quasi fugiat qui facere repellendus in.', 0, 0, '1988-01-15 00:00:00');
INSERT INTO `messages` (`id`, `from_user_id`, `to_user_id`, `body`, `is_important`, `is_delivered`, `created_at`) VALUES (94, 68157684, 9175, 'Modi a amet sit enim vel autem ratione quis. Quas quo dolore at dolor aut ut asperiores. Repellendus dignissimos aut dolorem a eveniet omnis repellat. Nulla vel et tempore harum in.', 1, 1, '1971-02-14 00:00:00');
INSERT INTO `messages` (`id`, `from_user_id`, `to_user_id`, `body`, `is_important`, `is_delivered`, `created_at`) VALUES (95, 4, 4370501, 'Tempore earum impedit fugiat eos similique cum. Saepe repellat quia illum vitae quibusdam accusantium. Sapiente quod veniam earum accusantium provident dolorem.', 0, 1, '1987-08-04 00:00:00');
INSERT INTO `messages` (`id`, `from_user_id`, `to_user_id`, `body`, `is_important`, `is_delivered`, `created_at`) VALUES (96, 0, 772413282, 'Quam accusamus ipsum rem ipsum blanditiis in ipsam. Non quo fugit iure ab aliquid eos ea. Rerum in quas placeat consequatur.', 0, 1, '1980-02-15 00:00:00');
INSERT INTO `messages` (`id`, `from_user_id`, `to_user_id`, `body`, `is_important`, `is_delivered`, `created_at`) VALUES (97, 9, 4392314, 'At ducimus officia facilis dicta sed reprehenderit. Exercitationem molestias vel optio similique. Ducimus similique reiciendis quo ipsum.', 1, 0, '2018-12-25 00:00:00');
INSERT INTO `messages` (`id`, `from_user_id`, `to_user_id`, `body`, `is_important`, `is_delivered`, `created_at`) VALUES (98, 250025, 378805227, 'Animi deserunt sed est voluptatem qui. Aliquid molestias sapiente aut qui neque vero. Vero doloribus ut enim eos magnam.', 1, 1, '1992-04-06 00:00:00');
INSERT INTO `messages` (`id`, `from_user_id`, `to_user_id`, `body`, `is_important`, `is_delivered`, `created_at`) VALUES (99, 311337072, 132644197, 'Voluptatem odio explicabo aliquam repudiandae. Sequi aliquam in recusandae. Sed odit voluptatum et odit est fugit at. Minima facilis voluptatibus nisi aut minima qui vel.', 0, 1, '1986-01-06 00:00:00');
INSERT INTO `messages` (`id`, `from_user_id`, `to_user_id`, `body`, `is_important`, `is_delivered`, `created_at`) VALUES (100, 0, 3, 'Quaerat aut aperiam ut officia sit consectetur vel itaque. Rem accusamus et porro ipsam autem placeat. Non alias tenetur et cupiditate consectetur voluptatibus.', 0, 1, '1981-12-20 00:00:00');


#
# TABLE STRUCTURE FOR: profiles
#

DROP TABLE IF EXISTS `profiles`;

CREATE TABLE `profiles` (
  `user_id` int(10) unsigned NOT NULL,
  `gender` char(1) COLLATE utf8_unicode_ci NOT NULL,
  `birthdate` date DEFAULT NULL,
  `city` varchar(100) COLLATE utf8_unicode_ci DEFAULT NULL,
  `country` varchar(100) COLLATE utf8_unicode_ci DEFAULT NULL,
  `photo_id` int(10) unsigned NOT NULL,
  `created_at` datetime DEFAULT current_timestamp(),
  `updated_at` datetime DEFAULT current_timestamp() ON UPDATE current_timestamp(),
  PRIMARY KEY (`user_id`)
) ENGINE=InnoDB DEFAULT CHARSET=utf8 COLLATE=utf8_unicode_ci;

INSERT INTO `profiles` (`user_id`, `gender`, `birthdate`, `city`, `country`, `photo_id`, `created_at`, `updated_at`) VALUES (1, 'm', '1995-01-20', 'Lake Benny', 'Libyan Arab Jamahiriya', 1, '2019-10-09 12:51:30', '2013-03-03 00:29:51');
INSERT INTO `profiles` (`user_id`, `gender`, `birthdate`, `city`, `country`, `photo_id`, `created_at`, `updated_at`) VALUES (2, 'u', '2015-10-24', 'Jennyferberg', 'Heard Island and McDonald Islands', 2, '2017-03-27 20:52:50', '2012-02-16 00:53:58');
INSERT INTO `profiles` (`user_id`, `gender`, `birthdate`, `city`, `country`, `photo_id`, `created_at`, `updated_at`) VALUES (3, 'f', '2018-01-29', 'North Alvina', 'Uganda', 3, '2014-03-23 08:03:56', '2011-11-20 11:00:03');
INSERT INTO `profiles` (`user_id`, `gender`, `birthdate`, `city`, `country`, `photo_id`, `created_at`, `updated_at`) VALUES (4, 'f', '1976-01-31', 'Hartmannmouth', 'Wallis and Futuna', 4, '2015-08-14 00:08:43', '2012-07-27 09:55:00');
INSERT INTO `profiles` (`user_id`, `gender`, `birthdate`, `city`, `country`, `photo_id`, `created_at`, `updated_at`) VALUES (5, 'm', '1999-08-12', 'Blairborough', 'Guyana', 5, '2013-08-25 23:56:37', '2016-02-18 11:09:19');
INSERT INTO `profiles` (`user_id`, `gender`, `birthdate`, `city`, `country`, `photo_id`, `created_at`, `updated_at`) VALUES (6, 'f', '1986-04-08', 'Port Mario', 'Norfolk Island', 6, '2017-04-17 23:04:31', '2013-02-18 08:27:05');
INSERT INTO `profiles` (`user_id`, `gender`, `birthdate`, `city`, `country`, `photo_id`, `created_at`, `updated_at`) VALUES (7, 'u', '1973-07-05', 'South Barryburgh', 'Slovakia (Slovak Republic)', 7, '2019-03-15 18:08:51', '2017-06-04 00:53:44');
INSERT INTO `profiles` (`user_id`, `gender`, `birthdate`, `city`, `country`, `photo_id`, `created_at`, `updated_at`) VALUES (8, 'f', '2012-10-07', 'Florianland', 'Cyprus', 8, '2019-06-27 04:51:45', '2013-11-14 09:28:17');
INSERT INTO `profiles` (`user_id`, `gender`, `birthdate`, `city`, `country`, `photo_id`, `created_at`, `updated_at`) VALUES (9, 'm', '1999-08-28', 'East Amara', 'Rwanda', 9, '2014-09-22 09:30:21', '2019-06-19 14:35:21');
INSERT INTO `profiles` (`user_id`, `gender`, `birthdate`, `city`, `country`, `photo_id`, `created_at`, `updated_at`) VALUES (10, 'u', '1995-04-10', 'Kihnfort', 'Christmas Island', 10, '2017-07-14 16:44:06', '2015-08-17 10:17:00');
INSERT INTO `profiles` (`user_id`, `gender`, `birthdate`, `city`, `country`, `photo_id`, `created_at`, `updated_at`) VALUES (11, 'u', '1979-05-17', 'Port Rolandoville', 'Cyprus', 11, '2017-04-17 07:54:54', '2017-03-11 03:45:25');
INSERT INTO `profiles` (`user_id`, `gender`, `birthdate`, `city`, `country`, `photo_id`, `created_at`, `updated_at`) VALUES (12, 'u', '2005-07-18', 'Lake Janae', 'Iraq', 12, '2013-02-19 00:28:02', '2015-06-19 16:35:05');
INSERT INTO `profiles` (`user_id`, `gender`, `birthdate`, `city`, `country`, `photo_id`, `created_at`, `updated_at`) VALUES (13, 'u', '2012-02-04', 'Brocktown', 'France', 13, '2018-09-03 19:05:44', '2018-01-15 05:00:59');
INSERT INTO `profiles` (`user_id`, `gender`, `birthdate`, `city`, `country`, `photo_id`, `created_at`, `updated_at`) VALUES (14, 'f', '1998-10-30', 'East Jermaintown', 'United States Minor Outlying Islands', 14, '2019-07-31 05:54:56', '2016-01-22 20:28:38');
INSERT INTO `profiles` (`user_id`, `gender`, `birthdate`, `city`, `country`, `photo_id`, `created_at`, `updated_at`) VALUES (15, 'f', '2005-12-20', 'Jadeside', 'Denmark', 15, '2016-11-27 18:55:18', '2011-04-07 19:41:52');
INSERT INTO `profiles` (`user_id`, `gender`, `birthdate`, `city`, `country`, `photo_id`, `created_at`, `updated_at`) VALUES (16, 'm', '1988-05-16', 'Rowebury', 'Chad', 16, '2014-05-05 10:02:42', '2019-06-08 15:28:35');
INSERT INTO `profiles` (`user_id`, `gender`, `birthdate`, `city`, `country`, `photo_id`, `created_at`, `updated_at`) VALUES (17, 'f', '2007-01-27', 'Skilesborough', 'Tuvalu', 17, '2012-06-21 12:22:49', '2018-09-05 22:04:46');
INSERT INTO `profiles` (`user_id`, `gender`, `birthdate`, `city`, `country`, `photo_id`, `created_at`, `updated_at`) VALUES (18, 'u', '1997-02-03', 'Gayleton', 'Greece', 18, '2016-10-31 20:24:04', '2015-04-25 14:19:22');
INSERT INTO `profiles` (`user_id`, `gender`, `birthdate`, `city`, `country`, `photo_id`, `created_at`, `updated_at`) VALUES (19, 'm', '2011-11-30', 'South Hoyt', 'Rwanda', 19, '2016-06-24 07:15:44', '2014-12-07 19:43:22');
INSERT INTO `profiles` (`user_id`, `gender`, `birthdate`, `city`, `country`, `photo_id`, `created_at`, `updated_at`) VALUES (20, 'f', '2006-07-01', 'West Lestermouth', 'Kyrgyz Republic', 20, '2016-09-29 16:33:12', '2019-02-23 02:57:58');
INSERT INTO `profiles` (`user_id`, `gender`, `birthdate`, `city`, `country`, `photo_id`, `created_at`, `updated_at`) VALUES (21, 'u', '1988-06-22', 'West Todberg', 'Anguilla', 21, '2013-01-12 20:15:24', '2017-09-25 16:56:04');
INSERT INTO `profiles` (`user_id`, `gender`, `birthdate`, `city`, `country`, `photo_id`, `created_at`, `updated_at`) VALUES (22, 'u', '1996-09-13', 'Jenkinsmouth', 'Taiwan', 22, '2020-01-30 06:58:11', '2017-09-05 22:47:15');
INSERT INTO `profiles` (`user_id`, `gender`, `birthdate`, `city`, `country`, `photo_id`, `created_at`, `updated_at`) VALUES (23, 'u', '1998-05-16', 'Port Micahtown', 'Guinea-Bissau', 23, '2017-02-03 12:13:07', '2018-08-06 05:28:14');
INSERT INTO `profiles` (`user_id`, `gender`, `birthdate`, `city`, `country`, `photo_id`, `created_at`, `updated_at`) VALUES (24, 'm', '1976-07-28', 'North Magnoliaburgh', 'Egypt', 24, '2013-03-02 19:45:47', '2016-06-01 00:58:51');
INSERT INTO `profiles` (`user_id`, `gender`, `birthdate`, `city`, `country`, `photo_id`, `created_at`, `updated_at`) VALUES (25, 'm', '1995-07-03', 'Jonesborough', 'Iraq', 25, '2019-12-11 13:05:46', '2015-09-04 21:15:28');
INSERT INTO `profiles` (`user_id`, `gender`, `birthdate`, `city`, `country`, `photo_id`, `created_at`, `updated_at`) VALUES (26, 'u', '2005-07-04', 'North Peter', 'France', 26, '2012-08-02 10:43:38', '2015-02-15 10:21:20');
INSERT INTO `profiles` (`user_id`, `gender`, `birthdate`, `city`, `country`, `photo_id`, `created_at`, `updated_at`) VALUES (27, 'u', '1992-08-16', 'South Gardner', 'Mali', 27, '2011-02-19 10:15:48', '2014-04-21 18:54:37');
INSERT INTO `profiles` (`user_id`, `gender`, `birthdate`, `city`, `country`, `photo_id`, `created_at`, `updated_at`) VALUES (28, 'm', '2000-12-09', 'East Llewellynville', 'Faroe Islands', 28, '2011-08-28 22:15:20', '2020-01-07 15:53:56');
INSERT INTO `profiles` (`user_id`, `gender`, `birthdate`, `city`, `country`, `photo_id`, `created_at`, `updated_at`) VALUES (29, 'm', '1983-03-03', 'Port Elmira', 'Togo', 29, '2016-01-11 08:10:10', '2019-05-03 23:20:38');
INSERT INTO `profiles` (`user_id`, `gender`, `birthdate`, `city`, `country`, `photo_id`, `created_at`, `updated_at`) VALUES (30, 'm', '2001-06-27', 'West Mathias', 'Montenegro', 30, '2011-10-25 10:49:24', '2011-09-08 21:51:13');
INSERT INTO `profiles` (`user_id`, `gender`, `birthdate`, `city`, `country`, `photo_id`, `created_at`, `updated_at`) VALUES (31, 'm', '2016-12-26', 'New Joanneshire', 'Egypt', 31, '2014-07-01 08:38:23', '2016-05-02 15:03:22');
INSERT INTO `profiles` (`user_id`, `gender`, `birthdate`, `city`, `country`, `photo_id`, `created_at`, `updated_at`) VALUES (32, 'f', '1995-07-24', 'South Warren', 'Saint Martin', 32, '2016-04-15 05:19:57', '2019-09-30 22:21:25');
INSERT INTO `profiles` (`user_id`, `gender`, `birthdate`, `city`, `country`, `photo_id`, `created_at`, `updated_at`) VALUES (33, 'f', '1975-12-20', 'South Luellaland', 'Kyrgyz Republic', 33, '2014-11-16 11:09:37', '2012-03-05 06:30:48');
INSERT INTO `profiles` (`user_id`, `gender`, `birthdate`, `city`, `country`, `photo_id`, `created_at`, `updated_at`) VALUES (34, 'm', '2012-02-05', 'Judsonfurt', 'Bulgaria', 34, '2010-10-04 03:35:12', '2017-01-02 12:50:47');
INSERT INTO `profiles` (`user_id`, `gender`, `birthdate`, `city`, `country`, `photo_id`, `created_at`, `updated_at`) VALUES (35, 'u', '1989-11-02', 'Schadenton', 'Canada', 35, '2019-07-30 11:12:25', '2011-05-21 17:09:37');
INSERT INTO `profiles` (`user_id`, `gender`, `birthdate`, `city`, `country`, `photo_id`, `created_at`, `updated_at`) VALUES (36, 'f', '2007-02-22', 'Franeckihaven', 'South Africa', 36, '2013-04-13 14:55:38', '2020-02-17 23:59:15');
INSERT INTO `profiles` (`user_id`, `gender`, `birthdate`, `city`, `country`, `photo_id`, `created_at`, `updated_at`) VALUES (37, 'f', '1987-05-15', 'Elsiehaven', 'Lithuania', 37, '2017-04-21 18:22:38', '2015-06-27 08:28:08');
INSERT INTO `profiles` (`user_id`, `gender`, `birthdate`, `city`, `country`, `photo_id`, `created_at`, `updated_at`) VALUES (38, 'm', '2000-08-31', 'New Jessika', 'Sao Tome and Principe', 38, '2012-04-14 23:49:27', '2019-12-24 19:22:03');
INSERT INTO `profiles` (`user_id`, `gender`, `birthdate`, `city`, `country`, `photo_id`, `created_at`, `updated_at`) VALUES (39, 'u', '2006-10-17', 'East Ellie', 'Seychelles', 39, '2019-05-30 20:32:27', '2015-01-08 11:39:08');
INSERT INTO `profiles` (`user_id`, `gender`, `birthdate`, `city`, `country`, `photo_id`, `created_at`, `updated_at`) VALUES (40, 'm', '1992-08-14', 'Marianahaven', 'Lao People\'s Democratic Republic', 40, '2019-12-02 20:51:21', '2019-10-23 23:29:18');
INSERT INTO `profiles` (`user_id`, `gender`, `birthdate`, `city`, `country`, `photo_id`, `created_at`, `updated_at`) VALUES (41, 'f', '2015-05-25', 'Reingerside', 'Lebanon', 41, '2017-06-07 04:30:23', '2019-07-23 20:10:04');
INSERT INTO `profiles` (`user_id`, `gender`, `birthdate`, `city`, `country`, `photo_id`, `created_at`, `updated_at`) VALUES (42, 'm', '1981-01-22', 'Darbyburgh', 'Albania', 42, '2010-08-23 06:39:35', '2020-02-25 15:41:37');
INSERT INTO `profiles` (`user_id`, `gender`, `birthdate`, `city`, `country`, `photo_id`, `created_at`, `updated_at`) VALUES (43, 'f', '1990-11-02', 'South Cristal', 'Iraq', 43, '2018-12-29 15:06:51', '2011-02-05 11:22:25');
INSERT INTO `profiles` (`user_id`, `gender`, `birthdate`, `city`, `country`, `photo_id`, `created_at`, `updated_at`) VALUES (44, 'm', '1985-01-23', 'New Thad', 'Tajikistan', 44, '2017-02-09 20:34:26', '2015-03-17 21:12:08');
INSERT INTO `profiles` (`user_id`, `gender`, `birthdate`, `city`, `country`, `photo_id`, `created_at`, `updated_at`) VALUES (45, 'u', '1984-05-21', 'East Johnson', 'Botswana', 45, '2013-08-17 05:26:16', '2010-07-30 06:06:40');
INSERT INTO `profiles` (`user_id`, `gender`, `birthdate`, `city`, `country`, `photo_id`, `created_at`, `updated_at`) VALUES (46, 'm', '1992-05-13', 'Damarisfort', 'Tunisia', 46, '2014-11-12 08:57:10', '2017-01-10 21:29:09');
INSERT INTO `profiles` (`user_id`, `gender`, `birthdate`, `city`, `country`, `photo_id`, `created_at`, `updated_at`) VALUES (47, 'u', '2015-04-16', 'South Zetta', 'Montenegro', 47, '2019-08-17 19:21:39', '2018-02-12 13:59:45');
INSERT INTO `profiles` (`user_id`, `gender`, `birthdate`, `city`, `country`, `photo_id`, `created_at`, `updated_at`) VALUES (48, 'm', '1989-04-14', 'Karineshire', 'Gibraltar', 48, '2014-12-21 08:36:34', '2019-02-04 23:21:56');
INSERT INTO `profiles` (`user_id`, `gender`, `birthdate`, `city`, `country`, `photo_id`, `created_at`, `updated_at`) VALUES (49, 'm', '2020-01-15', 'West Whitney', 'Kyrgyz Republic', 49, '2014-03-21 22:02:38', '2010-05-05 22:44:13');
INSERT INTO `profiles` (`user_id`, `gender`, `birthdate`, `city`, `country`, `photo_id`, `created_at`, `updated_at`) VALUES (50, 'm', '2002-08-28', 'Armstrongstad', 'Isle of Man', 50, '2016-04-17 17:48:15', '2012-08-26 19:41:27');
INSERT INTO `profiles` (`user_id`, `gender`, `birthdate`, `city`, `country`, `photo_id`, `created_at`, `updated_at`) VALUES (51, 'm', '1995-05-06', 'New Ulicesfurt', 'Uruguay', 51, '2015-01-21 02:00:25', '2015-12-24 01:08:11');
INSERT INTO `profiles` (`user_id`, `gender`, `birthdate`, `city`, `country`, `photo_id`, `created_at`, `updated_at`) VALUES (52, 'u', '2005-03-15', 'Lake Stan', 'Niger', 52, '2019-11-06 01:38:54', '2010-10-08 05:38:45');
INSERT INTO `profiles` (`user_id`, `gender`, `birthdate`, `city`, `country`, `photo_id`, `created_at`, `updated_at`) VALUES (53, 'm', '2012-02-16', 'Lake Greysonside', 'Holy See (Vatican City State)', 53, '2012-01-15 09:22:22', '2012-07-15 06:05:32');
INSERT INTO `profiles` (`user_id`, `gender`, `birthdate`, `city`, `country`, `photo_id`, `created_at`, `updated_at`) VALUES (54, 'f', '1991-11-06', 'North Larrybury', 'Brazil', 54, '2014-05-20 07:48:44', '2015-03-17 11:26:38');
INSERT INTO `profiles` (`user_id`, `gender`, `birthdate`, `city`, `country`, `photo_id`, `created_at`, `updated_at`) VALUES (55, 'f', '2009-09-05', 'Lake Ashaborough', 'Nigeria', 55, '2010-06-10 02:45:18', '2012-03-01 00:10:20');
INSERT INTO `profiles` (`user_id`, `gender`, `birthdate`, `city`, `country`, `photo_id`, `created_at`, `updated_at`) VALUES (56, 'f', '2009-05-17', 'South Dannieville', 'Denmark', 56, '2016-04-29 02:23:17', '2013-10-28 07:55:52');
INSERT INTO `profiles` (`user_id`, `gender`, `birthdate`, `city`, `country`, `photo_id`, `created_at`, `updated_at`) VALUES (57, 'm', '1970-05-30', 'Lake Yasminechester', 'Thailand', 57, '2015-10-09 20:13:39', '2016-10-28 03:15:41');
INSERT INTO `profiles` (`user_id`, `gender`, `birthdate`, `city`, `country`, `photo_id`, `created_at`, `updated_at`) VALUES (58, 'f', '1996-09-10', 'Kautzerborough', 'Czech Republic', 58, '2010-05-24 21:46:10', '2010-06-25 18:28:41');
INSERT INTO `profiles` (`user_id`, `gender`, `birthdate`, `city`, `country`, `photo_id`, `created_at`, `updated_at`) VALUES (59, 'u', '1993-01-17', 'Adamsmouth', 'Senegal', 59, '2019-02-27 18:35:09', '2012-11-05 20:31:18');
INSERT INTO `profiles` (`user_id`, `gender`, `birthdate`, `city`, `country`, `photo_id`, `created_at`, `updated_at`) VALUES (60, 'f', '1982-04-01', 'West Hollie', 'Lao People\'s Democratic Republic', 60, '2017-09-10 15:29:46', '2019-05-11 15:35:56');
INSERT INTO `profiles` (`user_id`, `gender`, `birthdate`, `city`, `country`, `photo_id`, `created_at`, `updated_at`) VALUES (61, 'u', '1980-02-03', 'Hamillport', 'Sao Tome and Principe', 61, '2011-12-07 23:44:47', '2016-01-19 19:29:39');
INSERT INTO `profiles` (`user_id`, `gender`, `birthdate`, `city`, `country`, `photo_id`, `created_at`, `updated_at`) VALUES (62, 'u', '2007-07-17', 'New Annabelle', 'Comoros', 62, '2011-06-20 01:44:08', '2011-01-04 12:35:00');
INSERT INTO `profiles` (`user_id`, `gender`, `birthdate`, `city`, `country`, `photo_id`, `created_at`, `updated_at`) VALUES (63, 'f', '2012-06-05', 'West Dorian', 'Benin', 63, '2018-08-17 04:39:34', '2016-02-18 10:06:42');
INSERT INTO `profiles` (`user_id`, `gender`, `birthdate`, `city`, `country`, `photo_id`, `created_at`, `updated_at`) VALUES (64, 'f', '1982-09-14', 'Lake Jeanieburgh', 'Liberia', 64, '2012-07-11 15:17:01', '2011-01-09 07:42:28');
INSERT INTO `profiles` (`user_id`, `gender`, `birthdate`, `city`, `country`, `photo_id`, `created_at`, `updated_at`) VALUES (65, 'u', '1973-07-08', 'Smithamshire', 'Philippines', 65, '2015-12-16 16:07:29', '2018-07-26 21:10:33');
INSERT INTO `profiles` (`user_id`, `gender`, `birthdate`, `city`, `country`, `photo_id`, `created_at`, `updated_at`) VALUES (66, 'u', '2019-04-19', 'Dustyview', 'Tokelau', 66, '2016-09-24 21:08:56', '2018-01-12 18:29:05');
INSERT INTO `profiles` (`user_id`, `gender`, `birthdate`, `city`, `country`, `photo_id`, `created_at`, `updated_at`) VALUES (67, 'f', '2002-03-25', 'Braunmouth', 'Andorra', 67, '2014-01-03 11:01:21', '2018-11-22 05:20:28');
INSERT INTO `profiles` (`user_id`, `gender`, `birthdate`, `city`, `country`, `photo_id`, `created_at`, `updated_at`) VALUES (68, 'f', '2008-09-07', 'West Ali', 'Faroe Islands', 68, '2018-03-26 04:46:34', '2011-06-07 01:53:03');
INSERT INTO `profiles` (`user_id`, `gender`, `birthdate`, `city`, `country`, `photo_id`, `created_at`, `updated_at`) VALUES (69, 'f', '1992-09-27', 'East Jessicaland', 'Poland', 69, '2014-12-21 05:09:47', '2018-08-01 07:41:37');
INSERT INTO `profiles` (`user_id`, `gender`, `birthdate`, `city`, `country`, `photo_id`, `created_at`, `updated_at`) VALUES (70, 'm', '1987-07-10', 'Lake Destany', 'Cuba', 70, '2013-05-31 23:37:42', '2015-02-26 23:07:36');
INSERT INTO `profiles` (`user_id`, `gender`, `birthdate`, `city`, `country`, `photo_id`, `created_at`, `updated_at`) VALUES (71, 'm', '1991-06-18', 'North Fatimashire', 'Algeria', 71, '2012-03-18 13:55:49', '2016-12-11 21:05:13');
INSERT INTO `profiles` (`user_id`, `gender`, `birthdate`, `city`, `country`, `photo_id`, `created_at`, `updated_at`) VALUES (72, 'm', '1994-03-16', 'Monahantown', 'Slovenia', 72, '2012-06-01 20:24:41', '2015-12-23 12:28:18');
INSERT INTO `profiles` (`user_id`, `gender`, `birthdate`, `city`, `country`, `photo_id`, `created_at`, `updated_at`) VALUES (73, 'u', '2002-12-21', 'Littleborough', 'Slovenia', 73, '2018-08-06 02:15:27', '2015-01-20 00:30:09');
INSERT INTO `profiles` (`user_id`, `gender`, `birthdate`, `city`, `country`, `photo_id`, `created_at`, `updated_at`) VALUES (74, 'f', '1991-04-29', 'East Nelda', 'Cote d\'Ivoire', 74, '2010-07-17 17:02:30', '2013-03-10 16:24:21');
INSERT INTO `profiles` (`user_id`, `gender`, `birthdate`, `city`, `country`, `photo_id`, `created_at`, `updated_at`) VALUES (75, 'f', '1984-01-21', 'South Tatum', 'Paraguay', 75, '2017-06-15 21:31:34', '2015-10-20 09:25:46');
INSERT INTO `profiles` (`user_id`, `gender`, `birthdate`, `city`, `country`, `photo_id`, `created_at`, `updated_at`) VALUES (76, 'f', '2006-09-10', 'Coltenmouth', 'Palestinian Territory', 76, '2019-07-15 09:56:13', '2018-03-02 09:40:35');
INSERT INTO `profiles` (`user_id`, `gender`, `birthdate`, `city`, `country`, `photo_id`, `created_at`, `updated_at`) VALUES (77, 'f', '2005-10-10', 'New Shawnview', 'Saudi Arabia', 77, '2012-03-13 09:30:27', '2019-07-06 18:30:52');
INSERT INTO `profiles` (`user_id`, `gender`, `birthdate`, `city`, `country`, `photo_id`, `created_at`, `updated_at`) VALUES (78, 'f', '1973-04-29', 'Lake Amos', 'Myanmar', 78, '2012-09-25 04:42:00', '2019-08-08 20:32:06');
INSERT INTO `profiles` (`user_id`, `gender`, `birthdate`, `city`, `country`, `photo_id`, `created_at`, `updated_at`) VALUES (79, 'u', '1985-01-24', 'Mosciskimouth', 'Venezuela', 79, '2017-01-30 00:20:31', '2011-09-04 21:38:59');
INSERT INTO `profiles` (`user_id`, `gender`, `birthdate`, `city`, `country`, `photo_id`, `created_at`, `updated_at`) VALUES (80, 'm', '1993-08-24', 'North Ceciliaburgh', 'Tuvalu', 80, '2014-04-12 15:27:27', '2019-06-21 09:50:01');
INSERT INTO `profiles` (`user_id`, `gender`, `birthdate`, `city`, `country`, `photo_id`, `created_at`, `updated_at`) VALUES (81, 'f', '2007-12-27', 'Joseside', 'Gabon', 81, '2018-09-25 15:41:13', '2016-10-19 20:10:29');
INSERT INTO `profiles` (`user_id`, `gender`, `birthdate`, `city`, `country`, `photo_id`, `created_at`, `updated_at`) VALUES (82, 'u', '2000-06-02', 'North Josephine', 'Barbados', 82, '2016-03-15 03:24:37', '2013-12-03 18:32:26');
INSERT INTO `profiles` (`user_id`, `gender`, `birthdate`, `city`, `country`, `photo_id`, `created_at`, `updated_at`) VALUES (83, 'f', '1981-10-28', 'West Odessa', 'Gibraltar', 83, '2010-10-08 06:21:18', '2010-09-18 22:51:21');
INSERT INTO `profiles` (`user_id`, `gender`, `birthdate`, `city`, `country`, `photo_id`, `created_at`, `updated_at`) VALUES (84, 'f', '1990-08-28', 'Terryview', 'Equatorial Guinea', 84, '2018-11-16 11:44:20', '2018-07-25 11:59:50');
INSERT INTO `profiles` (`user_id`, `gender`, `birthdate`, `city`, `country`, `photo_id`, `created_at`, `updated_at`) VALUES (85, 'm', '2004-06-24', 'North Maynard', 'Barbados', 85, '2012-07-26 17:38:43', '2014-01-26 00:26:12');
INSERT INTO `profiles` (`user_id`, `gender`, `birthdate`, `city`, `country`, `photo_id`, `created_at`, `updated_at`) VALUES (86, 'u', '1970-11-29', 'Susanamouth', 'Guyana', 86, '2019-08-26 11:32:43', '2011-10-28 08:16:53');
INSERT INTO `profiles` (`user_id`, `gender`, `birthdate`, `city`, `country`, `photo_id`, `created_at`, `updated_at`) VALUES (87, 'u', '2004-06-26', 'Estebanshire', 'United Kingdom', 87, '2014-10-17 00:21:08', '2010-05-29 17:36:28');
INSERT INTO `profiles` (`user_id`, `gender`, `birthdate`, `city`, `country`, `photo_id`, `created_at`, `updated_at`) VALUES (88, 'u', '2006-06-30', 'North Kara', 'Eritrea', 88, '2012-07-15 14:17:51', '2013-09-09 19:21:09');
INSERT INTO `profiles` (`user_id`, `gender`, `birthdate`, `city`, `country`, `photo_id`, `created_at`, `updated_at`) VALUES (89, 'u', '2000-08-03', 'Jefferyview', 'Egypt', 89, '2012-04-26 16:06:51', '2011-03-26 11:29:27');
INSERT INTO `profiles` (`user_id`, `gender`, `birthdate`, `city`, `country`, `photo_id`, `created_at`, `updated_at`) VALUES (90, 'f', '2004-07-06', 'Ashatown', 'Argentina', 90, '2011-02-25 16:40:59', '2019-10-31 23:03:04');
INSERT INTO `profiles` (`user_id`, `gender`, `birthdate`, `city`, `country`, `photo_id`, `created_at`, `updated_at`) VALUES (91, 'm', '1971-07-03', 'Heidiburgh', 'Solomon Islands', 91, '2015-03-05 02:23:12', '2011-09-19 12:24:04');
INSERT INTO `profiles` (`user_id`, `gender`, `birthdate`, `city`, `country`, `photo_id`, `created_at`, `updated_at`) VALUES (92, 'f', '1992-03-16', 'Halvorsonmouth', 'Hungary', 92, '2013-11-02 15:51:13', '2018-05-04 16:46:13');
INSERT INTO `profiles` (`user_id`, `gender`, `birthdate`, `city`, `country`, `photo_id`, `created_at`, `updated_at`) VALUES (93, 'f', '1996-11-16', 'New Myrtlemouth', 'Cape Verde', 93, '2015-07-07 17:50:46', '2012-05-15 18:48:39');
INSERT INTO `profiles` (`user_id`, `gender`, `birthdate`, `city`, `country`, `photo_id`, `created_at`, `updated_at`) VALUES (94, 'm', '1977-08-29', 'Spinkatown', 'Heard Island and McDonald Islands', 94, '2011-10-31 19:10:48', '2018-06-07 15:21:34');
INSERT INTO `profiles` (`user_id`, `gender`, `birthdate`, `city`, `country`, `photo_id`, `created_at`, `updated_at`) VALUES (95, 'm', '1997-03-14', 'West Josiahport', 'Tonga', 95, '2010-12-23 12:58:03', '2016-12-31 13:57:39');
INSERT INTO `profiles` (`user_id`, `gender`, `birthdate`, `city`, `country`, `photo_id`, `created_at`, `updated_at`) VALUES (96, 'u', '2002-11-04', 'Towneland', 'Russian Federation', 96, '2016-10-15 15:46:40', '2010-08-12 06:31:56');
INSERT INTO `profiles` (`user_id`, `gender`, `birthdate`, `city`, `country`, `photo_id`, `created_at`, `updated_at`) VALUES (97, 'm', '2008-07-03', 'Mariloustad', 'Palau', 97, '2015-01-11 16:27:17', '2019-04-16 04:48:52');
INSERT INTO `profiles` (`user_id`, `gender`, `birthdate`, `city`, `country`, `photo_id`, `created_at`, `updated_at`) VALUES (98, 'f', '1984-05-26', 'Port Darlenestad', 'Bouvet Island (Bouvetoya)', 98, '2012-03-03 18:45:23', '2014-02-05 13:47:29');
INSERT INTO `profiles` (`user_id`, `gender`, `birthdate`, `city`, `country`, `photo_id`, `created_at`, `updated_at`) VALUES (99, 'u', '2002-10-22', 'West Larissa', 'Greenland', 99, '2012-05-21 23:18:49', '2012-06-10 08:21:53');
INSERT INTO `profiles` (`user_id`, `gender`, `birthdate`, `city`, `country`, `photo_id`, `created_at`, `updated_at`) VALUES (100, 'm', '2009-01-03', 'Bradtkeside', 'Dominican Republic', 100, '2014-11-05 08:17:22', '2019-10-07 00:23:30');


#
# TABLE STRUCTURE FOR: users
#

DROP TABLE IF EXISTS `users`;

CREATE TABLE `users` (
  `id` int(10) unsigned NOT NULL AUTO_INCREMENT,
  `first_name` varchar(100) COLLATE utf8_unicode_ci NOT NULL,
  `last_name` varchar(100) COLLATE utf8_unicode_ci NOT NULL,
  `email` varchar(120) COLLATE utf8_unicode_ci NOT NULL,
  `phone` varchar(120) COLLATE utf8_unicode_ci NOT NULL,
  `created_at` datetime DEFAULT current_timestamp(),
  `updated_at` datetime DEFAULT current_timestamp() ON UPDATE current_timestamp(),
  PRIMARY KEY (`id`),
  UNIQUE KEY `email` (`email`),
  UNIQUE KEY `phone` (`phone`)
) ENGINE=InnoDB AUTO_INCREMENT=101 DEFAULT CHARSET=utf8 COLLATE=utf8_unicode_ci;

INSERT INTO `users` (`id`, `first_name`, `last_name`, `email`, `phone`, `created_at`, `updated_at`) VALUES (1, 'Conor', 'Nicolas', 'sstroman@example.com', '04892185313', '2013-11-24 05:59:44', '2017-08-13 05:32:43');
INSERT INTO `users` (`id`, `first_name`, `last_name`, `email`, `phone`, `created_at`, `updated_at`) VALUES (2, 'Deven', 'Gusikowski', 'gmcdermott@example.net', '127.634.6297x6959', '2013-01-06 13:05:08', '2017-05-22 08:16:27');
INSERT INTO `users` (`id`, `first_name`, `last_name`, `email`, `phone`, `created_at`, `updated_at`) VALUES (3, 'Arvel', 'Langworth', 'waelchi.harry@example.com', '1-190-872-9931', '2013-03-17 08:46:13', '2015-03-26 17:05:06');
INSERT INTO `users` (`id`, `first_name`, `last_name`, `email`, `phone`, `created_at`, `updated_at`) VALUES (4, 'Henry', 'Hoppe', 'brendon78@example.org', '+82(0)1924828752', '2016-03-02 07:20:59', '2017-10-24 19:25:56');
INSERT INTO `users` (`id`, `first_name`, `last_name`, `email`, `phone`, `created_at`, `updated_at`) VALUES (5, 'Rosamond', 'McGlynn', 'gerardo82@example.com', '(272)103-4479x293', '2016-07-23 08:39:19', '2012-04-14 21:09:48');
INSERT INTO `users` (`id`, `first_name`, `last_name`, `email`, `phone`, `created_at`, `updated_at`) VALUES (6, 'Laila', 'Stokes', 'devin.hoeger@example.net', '370-526-9872x057', '2011-10-11 02:03:50', '2016-03-12 13:49:46');
INSERT INTO `users` (`id`, `first_name`, `last_name`, `email`, `phone`, `created_at`, `updated_at`) VALUES (7, 'Oscar', 'Reilly', 'donnelly.robb@example.net', '892-558-6426', '2013-10-10 14:56:14', '2019-06-27 17:10:00');
INSERT INTO `users` (`id`, `first_name`, `last_name`, `email`, `phone`, `created_at`, `updated_at`) VALUES (8, 'Maryse', 'Wehner', 'brekke.alysson@example.org', '1-845-634-9153x32820', '2011-12-01 14:27:00', '2017-07-10 10:56:31');
INSERT INTO `users` (`id`, `first_name`, `last_name`, `email`, `phone`, `created_at`, `updated_at`) VALUES (9, 'Lincoln', 'Lemke', 'goldner.jeanette@example.com', '+14(6)2064907078', '2020-01-05 20:16:13', '2012-10-05 15:11:54');
INSERT INTO `users` (`id`, `first_name`, `last_name`, `email`, `phone`, `created_at`, `updated_at`) VALUES (10, 'Genoveva', 'Bartoletti', 'pmccullough@example.net', '982.204.6698', '2015-10-28 06:19:46', '2018-04-04 10:01:38');
INSERT INTO `users` (`id`, `first_name`, `last_name`, `email`, `phone`, `created_at`, `updated_at`) VALUES (11, 'Zena', 'O\'Hara', 'smoore@example.net', '1-375-721-3570x75748', '2013-02-04 14:01:45', '2016-05-19 09:49:35');
INSERT INTO `users` (`id`, `first_name`, `last_name`, `email`, `phone`, `created_at`, `updated_at`) VALUES (12, 'Dina', 'Torp', 'kelly61@example.net', '333.085.4163x3545', '2016-07-26 14:19:45', '2011-03-11 14:10:45');
INSERT INTO `users` (`id`, `first_name`, `last_name`, `email`, `phone`, `created_at`, `updated_at`) VALUES (13, 'Saige', 'Funk', 'iklein@example.com', '555-309-3511x418', '2010-10-05 22:52:29', '2019-07-30 14:49:23');
INSERT INTO `users` (`id`, `first_name`, `last_name`, `email`, `phone`, `created_at`, `updated_at`) VALUES (14, 'Nickolas', 'Bins', 'nola.wisozk@example.net', '(948)713-0775x2228', '2014-11-12 05:58:39', '2019-11-21 22:57:15');
INSERT INTO `users` (`id`, `first_name`, `last_name`, `email`, `phone`, `created_at`, `updated_at`) VALUES (15, 'Soledad', 'Berge', 'femmerich@example.net', '281.643.3792', '2011-07-13 14:01:25', '2018-07-22 05:10:54');
INSERT INTO `users` (`id`, `first_name`, `last_name`, `email`, `phone`, `created_at`, `updated_at`) VALUES (16, 'Ahmed', 'Runte', 'opal.pfannerstill@example.com', '(948)682-9666', '2012-05-26 03:26:19', '2017-01-17 07:34:41');
INSERT INTO `users` (`id`, `first_name`, `last_name`, `email`, `phone`, `created_at`, `updated_at`) VALUES (17, 'Jazmyn', 'Rogahn', 'aileen87@example.org', '679.928.4071x759', '2016-02-28 01:18:58', '2011-07-09 19:49:23');
INSERT INTO `users` (`id`, `first_name`, `last_name`, `email`, `phone`, `created_at`, `updated_at`) VALUES (18, 'Amie', 'Gaylord', 'xromaguera@example.org', '02607026584', '2017-12-13 18:31:06', '2011-08-18 15:30:17');
INSERT INTO `users` (`id`, `first_name`, `last_name`, `email`, `phone`, `created_at`, `updated_at`) VALUES (19, 'Justine', 'Kerluke', 'olson.moses@example.net', '06855941736', '2012-05-09 14:09:00', '2019-09-08 14:49:51');
INSERT INTO `users` (`id`, `first_name`, `last_name`, `email`, `phone`, `created_at`, `updated_at`) VALUES (20, 'Jamil', 'Gulgowski', 'zgreenholt@example.com', '280-832-4950', '2016-06-10 02:26:07', '2011-11-15 15:49:29');
INSERT INTO `users` (`id`, `first_name`, `last_name`, `email`, `phone`, `created_at`, `updated_at`) VALUES (21, 'Cristopher', 'Hoeger', 'telly.kihn@example.com', '1-592-185-0887x68192', '2016-01-18 09:11:39', '2014-06-26 05:17:31');
INSERT INTO `users` (`id`, `first_name`, `last_name`, `email`, `phone`, `created_at`, `updated_at`) VALUES (22, 'Pauline', 'Rowe', 'gschimmel@example.org', '+99(2)9036370772', '2011-08-27 19:57:11', '2013-11-02 01:14:44');
INSERT INTO `users` (`id`, `first_name`, `last_name`, `email`, `phone`, `created_at`, `updated_at`) VALUES (23, 'Camron', 'Stark', 'maxime.doyle@example.com', '01066169504', '2010-06-06 05:03:27', '2014-05-12 09:08:07');
INSERT INTO `users` (`id`, `first_name`, `last_name`, `email`, `phone`, `created_at`, `updated_at`) VALUES (24, 'Katlynn', 'Mitchell', 'florence.cartwright@example.org', '861-654-5901x638', '2018-08-09 02:31:03', '2015-02-24 20:20:59');
INSERT INTO `users` (`id`, `first_name`, `last_name`, `email`, `phone`, `created_at`, `updated_at`) VALUES (25, 'Gaylord', 'Fadel', 'terry.violet@example.com', '(145)216-8048x67673', '2010-04-08 11:58:25', '2016-04-12 11:59:24');
INSERT INTO `users` (`id`, `first_name`, `last_name`, `email`, `phone`, `created_at`, `updated_at`) VALUES (26, 'Kim', 'Cummings', 'myrtice90@example.net', '1-860-758-3013', '2013-08-07 14:31:02', '2018-11-03 17:34:22');
INSERT INTO `users` (`id`, `first_name`, `last_name`, `email`, `phone`, `created_at`, `updated_at`) VALUES (27, 'Arely', 'Flatley', 'branson17@example.net', '1-634-470-4297x3960', '2015-06-12 05:12:35', '2011-01-13 03:52:30');
INSERT INTO `users` (`id`, `first_name`, `last_name`, `email`, `phone`, `created_at`, `updated_at`) VALUES (28, 'Murray', 'Kshlerin', 'kayleigh.pouros@example.com', '690.812.4713x655', '2019-01-31 22:41:41', '2016-08-05 10:57:36');
INSERT INTO `users` (`id`, `first_name`, `last_name`, `email`, `phone`, `created_at`, `updated_at`) VALUES (29, 'Marilou', 'Tillman', 'marquardt.chandler@example.net', '(859)051-5263', '2011-06-03 01:15:05', '2014-03-24 10:57:12');
INSERT INTO `users` (`id`, `first_name`, `last_name`, `email`, `phone`, `created_at`, `updated_at`) VALUES (30, 'Althea', 'Davis', 'vada23@example.org', '159-234-8019x2265', '2011-08-20 02:49:45', '2015-10-23 05:14:15');
INSERT INTO `users` (`id`, `first_name`, `last_name`, `email`, `phone`, `created_at`, `updated_at`) VALUES (31, 'Chaim', 'Wiza', 'laverne.bailey@example.org', '(207)385-2991', '2016-01-12 20:56:33', '2014-12-06 06:14:12');
INSERT INTO `users` (`id`, `first_name`, `last_name`, `email`, `phone`, `created_at`, `updated_at`) VALUES (32, 'Marcelino', 'Steuber', 'lmayer@example.com', '1-315-166-2873x3467', '2011-06-21 22:30:07', '2015-11-06 09:22:25');
INSERT INTO `users` (`id`, `first_name`, `last_name`, `email`, `phone`, `created_at`, `updated_at`) VALUES (33, 'Bernadette', 'Gibson', 'dayton56@example.com', '574-090-9436x1308', '2014-08-14 20:33:50', '2014-05-19 16:29:13');
INSERT INTO `users` (`id`, `first_name`, `last_name`, `email`, `phone`, `created_at`, `updated_at`) VALUES (34, 'Amani', 'Swaniawski', 'vicky30@example.net', '1-223-852-3370', '2015-12-22 19:40:40', '2014-04-09 22:54:21');
INSERT INTO `users` (`id`, `first_name`, `last_name`, `email`, `phone`, `created_at`, `updated_at`) VALUES (35, 'Daniela', 'Streich', 'berge.albertha@example.com', '546.188.7259x70302', '2014-09-23 16:09:02', '2016-11-18 12:28:41');
INSERT INTO `users` (`id`, `first_name`, `last_name`, `email`, `phone`, `created_at`, `updated_at`) VALUES (36, 'Dallas', 'Kutch', 'mleuschke@example.net', '761.244.0194', '2010-09-07 19:50:28', '2019-10-21 05:51:38');
INSERT INTO `users` (`id`, `first_name`, `last_name`, `email`, `phone`, `created_at`, `updated_at`) VALUES (37, 'Robert', 'Beer', 'eino98@example.net', '131-007-3588', '2012-07-12 19:23:54', '2017-04-29 09:26:54');
INSERT INTO `users` (`id`, `first_name`, `last_name`, `email`, `phone`, `created_at`, `updated_at`) VALUES (38, 'Maci', 'Klein', 'oemmerich@example.net', '1-368-227-7865', '2015-06-19 09:49:37', '2014-02-21 20:53:00');
INSERT INTO `users` (`id`, `first_name`, `last_name`, `email`, `phone`, `created_at`, `updated_at`) VALUES (39, 'Elvis', 'Witting', 'jakob.renner@example.org', '1-189-359-2608', '2020-02-20 19:31:12', '2012-08-23 17:17:54');
INSERT INTO `users` (`id`, `first_name`, `last_name`, `email`, `phone`, `created_at`, `updated_at`) VALUES (40, 'Rowan', 'Dibbert', 'luettgen.colton@example.com', '1-807-015-4070x43060', '2019-08-08 15:20:38', '2012-09-29 03:14:05');
INSERT INTO `users` (`id`, `first_name`, `last_name`, `email`, `phone`, `created_at`, `updated_at`) VALUES (41, 'Hillard', 'Aufderhar', 'meredith.medhurst@example.net', '(307)439-4156x66220', '2016-06-29 21:07:18', '2016-07-21 10:43:37');
INSERT INTO `users` (`id`, `first_name`, `last_name`, `email`, `phone`, `created_at`, `updated_at`) VALUES (42, 'Clifford', 'O\'Kon', 'skuhic@example.org', '(900)287-0480x79196', '2010-05-23 22:06:13', '2013-11-08 05:16:46');
INSERT INTO `users` (`id`, `first_name`, `last_name`, `email`, `phone`, `created_at`, `updated_at`) VALUES (43, 'Owen', 'Reynolds', 'schuster.janae@example.com', '(058)865-9888x796', '2013-08-03 16:15:50', '2014-06-28 23:17:03');
INSERT INTO `users` (`id`, `first_name`, `last_name`, `email`, `phone`, `created_at`, `updated_at`) VALUES (44, 'Lulu', 'Lindgren', 'lhodkiewicz@example.com', '1-542-440-5967', '2017-04-07 03:49:50', '2016-10-06 16:23:30');
INSERT INTO `users` (`id`, `first_name`, `last_name`, `email`, `phone`, `created_at`, `updated_at`) VALUES (45, 'Vern', 'Ruecker', 'abernhard@example.org', '04088185810', '2015-03-24 02:41:28', '2012-10-07 07:11:47');
INSERT INTO `users` (`id`, `first_name`, `last_name`, `email`, `phone`, `created_at`, `updated_at`) VALUES (46, 'Nick', 'Padberg', 'boyle.elsa@example.com', '(880)949-0958', '2019-06-06 16:42:53', '2019-03-05 04:32:40');
INSERT INTO `users` (`id`, `first_name`, `last_name`, `email`, `phone`, `created_at`, `updated_at`) VALUES (47, 'Bernice', 'Schinner', 'eharber@example.com', '468.747.9816x574', '2011-09-10 14:30:57', '2018-02-26 15:20:36');
INSERT INTO `users` (`id`, `first_name`, `last_name`, `email`, `phone`, `created_at`, `updated_at`) VALUES (48, 'Madyson', 'Cummings', 'hhodkiewicz@example.net', '(028)056-3182x57151', '2011-09-17 20:50:13', '2015-08-01 02:13:29');
INSERT INTO `users` (`id`, `first_name`, `last_name`, `email`, `phone`, `created_at`, `updated_at`) VALUES (49, 'Judson', 'Davis', 'vernon24@example.net', '1-778-877-6846x38654', '2016-09-14 16:10:26', '2013-05-10 17:01:16');
INSERT INTO `users` (`id`, `first_name`, `last_name`, `email`, `phone`, `created_at`, `updated_at`) VALUES (50, 'Arlo', 'Medhurst', 'fhintz@example.com', '(119)488-9137', '2012-04-26 23:31:46', '2012-11-21 07:25:17');
INSERT INTO `users` (`id`, `first_name`, `last_name`, `email`, `phone`, `created_at`, `updated_at`) VALUES (51, 'Cecile', 'Schamberger', 'loyal.kovacek@example.com', '(012)925-0804x955', '2012-11-08 03:28:52', '2014-10-27 21:34:15');
INSERT INTO `users` (`id`, `first_name`, `last_name`, `email`, `phone`, `created_at`, `updated_at`) VALUES (52, 'Akeem', 'Heaney', 'elliott03@example.net', '110.678.4718', '2018-12-29 11:48:41', '2016-09-29 00:36:45');
INSERT INTO `users` (`id`, `first_name`, `last_name`, `email`, `phone`, `created_at`, `updated_at`) VALUES (53, 'Joy', 'Yundt', 'mueller.noe@example.net', '620.207.8521', '2014-11-15 02:09:22', '2015-02-03 13:56:54');
INSERT INTO `users` (`id`, `first_name`, `last_name`, `email`, `phone`, `created_at`, `updated_at`) VALUES (54, 'Jackson', 'Hermiston', 'aileen.heller@example.org', '07827603306', '2018-05-23 14:23:04', '2012-10-01 23:15:25');
INSERT INTO `users` (`id`, `first_name`, `last_name`, `email`, `phone`, `created_at`, `updated_at`) VALUES (55, 'Janelle', 'Altenwerth', 'raleigh.kohler@example.net', '01040409625', '2017-12-25 08:48:39', '2011-06-06 16:40:57');
INSERT INTO `users` (`id`, `first_name`, `last_name`, `email`, `phone`, `created_at`, `updated_at`) VALUES (56, 'Zachery', 'Lehner', 'brown.izaiah@example.com', '1-491-628-6064x2519', '2011-04-09 15:13:32', '2019-05-05 03:56:41');
INSERT INTO `users` (`id`, `first_name`, `last_name`, `email`, `phone`, `created_at`, `updated_at`) VALUES (57, 'Aliza', 'Lehner', 'pschuppe@example.org', '1-292-849-0980', '2018-02-26 21:53:46', '2014-07-03 07:31:06');
INSERT INTO `users` (`id`, `first_name`, `last_name`, `email`, `phone`, `created_at`, `updated_at`) VALUES (58, 'Larry', 'Jacobi', 'margaretta20@example.org', '577.491.9266', '2015-09-10 10:54:36', '2015-05-24 00:41:24');
INSERT INTO `users` (`id`, `first_name`, `last_name`, `email`, `phone`, `created_at`, `updated_at`) VALUES (59, 'Gerard', 'Tillman', 'ldurgan@example.net', '(379)439-1051x9702', '2019-04-30 18:34:26', '2013-05-23 22:52:10');
INSERT INTO `users` (`id`, `first_name`, `last_name`, `email`, `phone`, `created_at`, `updated_at`) VALUES (60, 'Ken', 'Pagac', 'isaac.schumm@example.com', '761-943-9152x9301', '2017-11-07 11:25:22', '2011-12-25 11:22:49');
INSERT INTO `users` (`id`, `first_name`, `last_name`, `email`, `phone`, `created_at`, `updated_at`) VALUES (61, 'Agustin', 'Rice', 'derrick.bode@example.net', '266-644-2597', '2012-03-11 05:35:40', '2016-10-24 02:43:26');
INSERT INTO `users` (`id`, `first_name`, `last_name`, `email`, `phone`, `created_at`, `updated_at`) VALUES (62, 'Destin', 'Fritsch', 'mona24@example.net', '610.259.4660x102', '2017-11-12 21:04:44', '2015-02-17 11:45:28');
INSERT INTO `users` (`id`, `first_name`, `last_name`, `email`, `phone`, `created_at`, `updated_at`) VALUES (63, 'Easter', 'Beer', 'lori68@example.org', '917-910-2453x00869', '2016-11-29 05:18:00', '2012-11-10 17:29:06');
INSERT INTO `users` (`id`, `first_name`, `last_name`, `email`, `phone`, `created_at`, `updated_at`) VALUES (64, 'Harley', 'Doyle', 'sterling28@example.com', '1-300-847-7660x7347', '2012-08-17 10:48:02', '2011-09-01 01:49:56');
INSERT INTO `users` (`id`, `first_name`, `last_name`, `email`, `phone`, `created_at`, `updated_at`) VALUES (65, 'Hallie', 'Greenholt', 'gage.kassulke@example.org', '989-909-9728', '2012-10-29 21:17:36', '2018-10-17 17:41:28');
INSERT INTO `users` (`id`, `first_name`, `last_name`, `email`, `phone`, `created_at`, `updated_at`) VALUES (66, 'Carlo', 'Cremin', 'dennis.smith@example.net', '652-681-7584x795', '2016-04-29 06:36:18', '2014-06-25 12:56:14');
INSERT INTO `users` (`id`, `first_name`, `last_name`, `email`, `phone`, `created_at`, `updated_at`) VALUES (67, 'Abel', 'Tremblay', 'marian.weimann@example.org', '1-456-059-0117x091', '2012-03-16 20:49:32', '2019-05-04 12:30:33');
INSERT INTO `users` (`id`, `first_name`, `last_name`, `email`, `phone`, `created_at`, `updated_at`) VALUES (68, 'Elmo', 'Powlowski', 'towne.twila@example.net', '950-878-5575x26564', '2020-02-15 21:33:06', '2019-06-11 07:55:29');
INSERT INTO `users` (`id`, `first_name`, `last_name`, `email`, `phone`, `created_at`, `updated_at`) VALUES (69, 'Lemuel', 'Runte', 'kthompson@example.org', '07157763498', '2019-10-22 21:32:52', '2013-06-12 03:44:15');
INSERT INTO `users` (`id`, `first_name`, `last_name`, `email`, `phone`, `created_at`, `updated_at`) VALUES (70, 'Barney', 'Kirlin', 'dcremin@example.net', '1-730-180-2621', '2010-12-03 11:18:54', '2012-09-04 18:20:00');
INSERT INTO `users` (`id`, `first_name`, `last_name`, `email`, `phone`, `created_at`, `updated_at`) VALUES (71, 'Christ', 'Hauck', 'uweber@example.org', '(565)632-2890x7072', '2013-01-10 18:37:26', '2016-12-25 13:12:34');
INSERT INTO `users` (`id`, `first_name`, `last_name`, `email`, `phone`, `created_at`, `updated_at`) VALUES (72, 'Christ', 'Streich', 'kkirlin@example.org', '(643)372-1695x4833', '2013-09-01 23:32:41', '2019-09-16 04:16:26');
INSERT INTO `users` (`id`, `first_name`, `last_name`, `email`, `phone`, `created_at`, `updated_at`) VALUES (73, 'Bailee', 'Ankunding', 'earnestine96@example.org', '(733)663-5599', '2019-09-26 23:02:43', '2016-02-20 13:19:05');
INSERT INTO `users` (`id`, `first_name`, `last_name`, `email`, `phone`, `created_at`, `updated_at`) VALUES (74, 'Henriette', 'Dare', 'vhammes@example.org', '135-423-8266x56648', '2011-03-25 21:19:45', '2012-04-12 21:35:46');
INSERT INTO `users` (`id`, `first_name`, `last_name`, `email`, `phone`, `created_at`, `updated_at`) VALUES (75, 'Jimmie', 'Lebsack', 'hettinger.elvera@example.org', '751-325-2566x7088', '2011-09-10 07:54:59', '2016-01-29 12:26:29');
INSERT INTO `users` (`id`, `first_name`, `last_name`, `email`, `phone`, `created_at`, `updated_at`) VALUES (76, 'Hermina', 'Littel', 'chelsey34@example.com', '1-373-466-7820x48770', '2012-05-18 19:29:33', '2020-01-30 10:12:17');
INSERT INTO `users` (`id`, `first_name`, `last_name`, `email`, `phone`, `created_at`, `updated_at`) VALUES (77, 'Elvie', 'Parker', 'otho.smitham@example.com', '180.106.3594x65555', '2019-11-03 17:37:25', '2015-01-11 08:58:40');
INSERT INTO `users` (`id`, `first_name`, `last_name`, `email`, `phone`, `created_at`, `updated_at`) VALUES (78, 'Ophelia', 'Tillman', 'garett80@example.net', '622-168-7453', '2019-06-15 11:01:08', '2013-03-31 01:45:06');
INSERT INTO `users` (`id`, `first_name`, `last_name`, `email`, `phone`, `created_at`, `updated_at`) VALUES (79, 'Kristofer', 'Collier', 'tressa34@example.net', '727.064.2187', '2011-04-24 09:24:22', '2011-04-07 00:11:55');
INSERT INTO `users` (`id`, `first_name`, `last_name`, `email`, `phone`, `created_at`, `updated_at`) VALUES (80, 'Dagmar', 'Ferry', 'russ01@example.com', '802.043.3282x59305', '2019-01-08 12:30:36', '2016-10-10 15:34:17');
INSERT INTO `users` (`id`, `first_name`, `last_name`, `email`, `phone`, `created_at`, `updated_at`) VALUES (81, 'Sigrid', 'Morar', 'bailey.eunice@example.net', '(728)360-7745', '2013-11-24 23:04:53', '2011-09-25 14:13:09');
INSERT INTO `users` (`id`, `first_name`, `last_name`, `email`, `phone`, `created_at`, `updated_at`) VALUES (82, 'Hermann', 'Macejkovic', 'vhagenes@example.com', '184.065.6398x703', '2010-10-19 09:03:58', '2018-01-07 15:41:10');
INSERT INTO `users` (`id`, `first_name`, `last_name`, `email`, `phone`, `created_at`, `updated_at`) VALUES (83, 'Karlie', 'Connelly', 'tremayne80@example.com', '(641)405-3865', '2019-02-20 09:28:32', '2011-01-16 10:08:01');
INSERT INTO `users` (`id`, `first_name`, `last_name`, `email`, `phone`, `created_at`, `updated_at`) VALUES (84, 'Nils', 'Stracke', 'mbeahan@example.net', '1-375-095-8546x0893', '2019-10-29 16:07:25', '2012-12-24 08:02:22');
INSERT INTO `users` (`id`, `first_name`, `last_name`, `email`, `phone`, `created_at`, `updated_at`) VALUES (85, 'Peter', 'Marks', 'elva.mitchell@example.net', '(412)991-4234', '2014-02-12 23:36:45', '2019-12-22 04:22:07');
INSERT INTO `users` (`id`, `first_name`, `last_name`, `email`, `phone`, `created_at`, `updated_at`) VALUES (86, 'Audrey', 'Windler', 'rheathcote@example.org', '(873)999-7750x11274', '2011-02-15 02:34:53', '2016-05-01 18:18:10');
INSERT INTO `users` (`id`, `first_name`, `last_name`, `email`, `phone`, `created_at`, `updated_at`) VALUES (87, 'Libbie', 'Predovic', 'monica79@example.com', '(122)293-6133x6454', '2019-07-29 08:38:13', '2013-03-03 05:11:32');
INSERT INTO `users` (`id`, `first_name`, `last_name`, `email`, `phone`, `created_at`, `updated_at`) VALUES (88, 'Estevan', 'Lindgren', 'leola.mcglynn@example.net', '(358)113-3660', '2018-09-11 10:55:26', '2015-01-28 10:47:23');
INSERT INTO `users` (`id`, `first_name`, `last_name`, `email`, `phone`, `created_at`, `updated_at`) VALUES (89, 'Thomas', 'Fritsch', 'pschinner@example.org', '1-077-953-5845x398', '2016-07-03 16:44:26', '2017-05-25 18:31:28');
INSERT INTO `users` (`id`, `first_name`, `last_name`, `email`, `phone`, `created_at`, `updated_at`) VALUES (90, 'Eleanore', 'Wyman', 'sabina27@example.net', '987.536.3831x7061', '2017-10-07 14:37:41', '2014-05-21 01:28:14');
INSERT INTO `users` (`id`, `first_name`, `last_name`, `email`, `phone`, `created_at`, `updated_at`) VALUES (91, 'Pierre', 'Rowe', 'daija25@example.org', '(435)281-4633x4623', '2017-01-25 14:32:45', '2016-10-14 21:54:58');
INSERT INTO `users` (`id`, `first_name`, `last_name`, `email`, `phone`, `created_at`, `updated_at`) VALUES (92, 'Ramon', 'Metz', 'jschneider@example.org', '512-356-3698x87838', '2010-09-14 12:56:22', '2015-07-04 18:18:31');
INSERT INTO `users` (`id`, `first_name`, `last_name`, `email`, `phone`, `created_at`, `updated_at`) VALUES (93, 'Lew', 'Shields', 'fkuhic@example.net', '(422)170-3460', '2016-11-24 05:59:22', '2010-12-27 21:09:24');
INSERT INTO `users` (`id`, `first_name`, `last_name`, `email`, `phone`, `created_at`, `updated_at`) VALUES (94, 'Kay', 'Bruen', 'augustine66@example.com', '(701)151-4571', '2015-07-23 09:41:50', '2014-06-21 11:08:57');
INSERT INTO `users` (`id`, `first_name`, `last_name`, `email`, `phone`, `created_at`, `updated_at`) VALUES (95, 'Claudie', 'Shanahan', 'karley.nitzsche@example.net', '(863)944-3452x3391', '2013-10-24 01:54:29', '2016-01-10 17:02:38');
INSERT INTO `users` (`id`, `first_name`, `last_name`, `email`, `phone`, `created_at`, `updated_at`) VALUES (96, 'Deshawn', 'Olson', 'alysha.connelly@example.net', '(613)288-2675x83413', '2019-05-19 04:11:08', '2018-01-29 04:32:54');
INSERT INTO `users` (`id`, `first_name`, `last_name`, `email`, `phone`, `created_at`, `updated_at`) VALUES (97, 'Maiya', 'Mills', 'gmurazik@example.com', '1-705-164-4919x7250', '2013-08-05 09:23:54', '2011-01-08 21:51:23');
INSERT INTO `users` (`id`, `first_name`, `last_name`, `email`, `phone`, `created_at`, `updated_at`) VALUES (98, 'Amy', 'Kunde', 'presley84@example.net', '415-796-6500x907', '2019-11-16 14:17:01', '2019-12-11 06:19:32');
INSERT INTO `users` (`id`, `first_name`, `last_name`, `email`, `phone`, `created_at`, `updated_at`) VALUES (99, 'Lesly', 'Jacobi', 'britney91@example.com', '(556)645-2438x7528', '2017-08-01 05:00:40', '2010-07-18 07:25:53');
INSERT INTO `users` (`id`, `first_name`, `last_name`, `email`, `phone`, `created_at`, `updated_at`) VALUES (100, 'Brielle', 'Harris', 'hschulist@example.org', '1-899-677-1451', '2015-03-31 18:47:02', '2014-02-13 06:34:14');


