-- MySQL dump 10.13  Distrib 8.0.19, for Linux (x86_64)
--
-- Host: localhost    Database: vk
-- ------------------------------------------------------
-- Server version	8.0.19

/*!40101 SET @OLD_CHARACTER_SET_CLIENT=@@CHARACTER_SET_CLIENT */;
/*!40101 SET @OLD_CHARACTER_SET_RESULTS=@@CHARACTER_SET_RESULTS */;
/*!40101 SET @OLD_COLLATION_CONNECTION=@@COLLATION_CONNECTION */;
/*!50503 SET NAMES utf8mb4 */;
/*!40103 SET @OLD_TIME_ZONE=@@TIME_ZONE */;
/*!40103 SET TIME_ZONE='+00:00' */;
/*!40014 SET @OLD_UNIQUE_CHECKS=@@UNIQUE_CHECKS, UNIQUE_CHECKS=0 */;
/*!40014 SET @OLD_FOREIGN_KEY_CHECKS=@@FOREIGN_KEY_CHECKS, FOREIGN_KEY_CHECKS=0 */;
/*!40101 SET @OLD_SQL_MODE=@@SQL_MODE, SQL_MODE='NO_AUTO_VALUE_ON_ZERO' */;
/*!40111 SET @OLD_SQL_NOTES=@@SQL_NOTES, SQL_NOTES=0 */;

--
-- Table structure for table `communities`
--

DROP TABLE IF EXISTS `communities`;
/*!40101 SET @saved_cs_client     = @@character_set_client */;
/*!50503 SET character_set_client = utf8mb4 */;
CREATE TABLE `communities` (
  `id` int unsigned NOT NULL AUTO_INCREMENT,
  `name` varchar(150) CHARACTER SET utf8 COLLATE utf8_unicode_ci NOT NULL,
  PRIMARY KEY (`id`),
  UNIQUE KEY `name` (`name`)
) ENGINE=InnoDB AUTO_INCREMENT=31 DEFAULT CHARSET=utf8 COLLATE=utf8_unicode_ci;
/*!40101 SET character_set_client = @saved_cs_client */;

--
-- Dumping data for table `communities`
--

LOCK TABLES `communities` WRITE;
/*!40000 ALTER TABLE `communities` DISABLE KEYS */;
INSERT INTO `communities` VALUES (16,'aliquam'),(20,'asperiores'),(6,'at'),(26,'consequatur'),(29,'dolor'),(12,'doloremque'),(19,'error'),(25,'exercitationem'),(13,'fuga'),(3,'id'),(5,'illum'),(1,'ipsum'),(21,'iste'),(7,'itaque'),(27,'laudantium'),(24,'mollitia'),(28,'non'),(4,'occaecati'),(17,'officiis'),(30,'qui'),(22,'quia'),(11,'quod'),(18,'recusandae'),(15,'reprehenderit'),(9,'similique'),(2,'sit'),(10,'totam'),(23,'ut'),(8,'velit'),(14,'voluptatibus');
/*!40000 ALTER TABLE `communities` ENABLE KEYS */;
UNLOCK TABLES;

--
-- Table structure for table `communities_users`
--

DROP TABLE IF EXISTS `communities_users`;
/*!40101 SET @saved_cs_client     = @@character_set_client */;
/*!50503 SET character_set_client = utf8mb4 */;
CREATE TABLE `communities_users` (
  `community_id` int unsigned NOT NULL,
  `user_id` int unsigned NOT NULL,
  PRIMARY KEY (`community_id`,`user_id`),
  KEY `communities_users_user_id_fk` (`user_id`),
  CONSTRAINT `communities_users_community_id_fk` FOREIGN KEY (`community_id`) REFERENCES `communities` (`id`) ON DELETE CASCADE,
  CONSTRAINT `communities_users_user_id_fk` FOREIGN KEY (`user_id`) REFERENCES `users` (`id`) ON DELETE CASCADE
) ENGINE=InnoDB DEFAULT CHARSET=utf8 COLLATE=utf8_unicode_ci;
/*!40101 SET character_set_client = @saved_cs_client */;

--
-- Dumping data for table `communities_users`
--

LOCK TABLES `communities_users` WRITE;
/*!40000 ALTER TABLE `communities_users` DISABLE KEYS */;
INSERT INTO `communities_users` VALUES (1,1),(11,1),(21,1),(2,2),(12,2),(22,2),(3,3),(13,3),(23,3),(4,4),(14,4),(24,4),(5,5),(15,5),(25,5),(6,6),(16,6),(26,6),(7,7),(17,7),(27,7),(8,8),(18,8),(28,8),(9,9),(19,9),(29,9),(10,10),(20,10),(30,10),(1,11),(11,11),(21,11),(2,12),(12,12),(22,12),(3,13),(13,13),(23,13),(4,14),(14,14),(24,14),(5,15),(15,15),(25,15),(6,16),(16,16),(26,16),(7,17),(17,17),(27,17),(8,18),(18,18),(28,18),(9,19),(19,19),(29,19),(10,20),(20,20),(30,20),(1,21),(11,21),(21,21),(2,22),(12,22),(22,22),(3,23),(13,23),(23,23),(4,24),(14,24),(24,24),(5,25),(15,25),(25,25),(6,26),(16,26),(26,26),(7,27),(17,27),(27,27),(8,28),(18,28),(28,28),(9,29),(19,29),(29,29),(10,30),(20,30),(30,30),(1,31),(11,31),(21,31),(2,32),(12,32),(22,32),(3,33),(13,33),(23,33),(4,34),(14,34),(24,34),(5,35),(15,35),(25,35),(6,36),(16,36),(26,36),(7,37),(17,37),(27,37),(8,38),(18,38),(28,38),(9,39),(19,39),(29,39),(10,40),(20,40),(30,40),(1,41),(11,41),(21,41),(2,42),(12,42),(22,42),(3,43),(13,43),(23,43),(4,44),(14,44),(24,44),(5,45),(15,45),(25,45),(6,46),(16,46),(26,46),(7,47),(17,47),(27,47),(8,48),(18,48),(28,48),(9,49),(19,49),(29,49),(10,50),(20,50),(30,50),(1,51),(11,51),(21,51),(2,52),(12,52),(22,52),(3,53),(13,53),(23,53),(4,54),(14,54),(24,54),(5,55),(15,55),(25,55),(6,56),(16,56),(26,56),(7,57),(17,57),(27,57),(8,58),(18,58),(28,58),(9,59),(19,59),(29,59),(10,60),(20,60),(30,60),(1,61),(11,61),(21,61),(2,62),(12,62),(22,62),(3,63),(13,63),(23,63),(4,64),(14,64),(24,64),(5,65),(15,65),(25,65),(6,66),(16,66),(26,66),(7,67),(17,67),(27,67),(8,68),(18,68),(28,68),(9,69),(19,69),(29,69),(10,70),(20,70),(30,70),(1,71),(11,71),(21,71),(2,72),(12,72),(22,72),(3,73),(13,73),(23,73),(4,74),(14,74),(24,74),(5,75),(15,75),(25,75),(6,76),(16,76),(26,76),(7,77),(17,77),(27,77),(8,78),(18,78),(28,78),(9,79),(19,79),(29,79),(10,80),(20,80),(30,80),(1,81),(11,81),(21,81),(2,82),(12,82),(22,82),(3,83),(13,83),(23,83),(4,84),(14,84),(24,84),(5,85),(15,85),(25,85),(6,86),(16,86),(26,86),(7,87),(17,87),(27,87),(8,88),(18,88),(28,88),(9,89),(19,89),(29,89),(10,90),(20,90),(30,90),(1,91),(11,91),(21,91),(2,92),(12,92),(22,92),(3,93),(13,93),(23,93),(4,94),(14,94),(24,94),(5,95),(15,95),(25,95),(6,96),(16,96),(26,96),(7,97),(17,97),(27,97),(8,98),(18,98),(28,98),(9,99),(19,99),(29,99),(10,100),(20,100),(30,100),(1,101),(11,101),(21,101),(2,102),(12,102),(22,102),(3,103),(13,103),(23,103),(4,104),(14,104),(24,104),(5,105),(15,105),(25,105),(6,106),(16,106),(26,106),(7,107),(17,107),(27,107),(8,108),(18,108),(28,108),(9,109),(19,109),(29,109),(10,110),(20,110),(30,110),(1,111),(11,111),(21,111),(2,112),(12,112),(22,112),(3,113),(13,113),(23,113),(4,114),(14,114),(24,114),(5,115),(15,115),(25,115),(6,116),(16,116),(26,116),(7,117),(17,117),(27,117),(8,118),(18,118),(28,118),(9,119),(19,119),(29,119),(10,120),(20,120),(30,120),(1,121),(11,121),(21,121),(2,122),(12,122),(22,122),(3,123),(13,123),(23,123),(4,124),(14,124),(24,124),(5,125),(15,125),(25,125),(6,126),(16,126),(26,126),(7,127),(17,127),(27,127),(8,128),(18,128),(28,128),(9,129),(19,129),(29,129),(10,130),(20,130),(30,130),(1,131),(11,131),(21,131),(2,132),(12,132),(22,132),(3,133),(13,133),(23,133),(4,134),(14,134),(24,134),(5,135),(15,135),(25,135),(6,136),(16,136),(26,136),(7,137),(17,137),(27,137),(8,138),(18,138),(28,138),(9,139),(19,139),(29,139),(10,140),(20,140),(30,140),(1,141),(11,141),(21,141),(2,142),(12,142),(22,142),(3,143),(13,143),(23,143),(4,144),(14,144),(24,144),(5,145),(15,145),(25,145),(6,146),(16,146),(26,146),(7,147),(17,147),(27,147),(8,148),(18,148),(28,148),(9,149),(19,149),(29,149),(10,150),(20,150),(30,150),(1,151),(11,151),(21,151),(2,152),(12,152),(22,152),(3,153),(13,153),(23,153),(4,154),(14,154),(24,154),(5,155),(15,155),(25,155),(6,156),(16,156),(26,156),(7,157),(17,157),(27,157),(8,158),(18,158),(28,158),(9,159),(19,159),(29,159),(10,160),(20,160),(30,160),(1,161),(11,161),(21,161),(2,162),(12,162),(22,162),(3,163),(13,163),(23,163),(4,164),(14,164),(24,164),(5,165),(15,165),(25,165),(6,166),(16,166),(26,166),(7,167),(17,167),(27,167),(8,168),(18,168),(28,168),(9,169),(19,169),(29,169),(10,170),(20,170),(30,170),(1,171),(11,171),(21,171),(2,172),(12,172),(22,172),(3,173),(13,173),(23,173),(4,174),(14,174),(24,174),(5,175),(15,175),(25,175),(6,176),(16,176),(26,176),(7,177),(17,177),(27,177),(8,178),(18,178),(28,178),(9,179),(19,179),(29,179),(10,180),(20,180),(30,180),(1,181),(11,181),(21,181),(2,182),(12,182),(22,182),(3,183),(13,183),(23,183),(4,184),(14,184),(24,184),(5,185),(15,185),(25,185),(6,186),(16,186),(26,186),(7,187),(17,187),(27,187),(8,188),(18,188),(28,188),(9,189),(19,189),(29,189),(10,190),(20,190),(30,190),(1,191),(11,191),(21,191),(2,192),(12,192),(22,192),(3,193),(13,193),(23,193),(4,194),(14,194),(24,194),(5,195),(15,195),(25,195),(6,196),(16,196),(26,196),(7,197),(17,197),(27,197),(8,198),(18,198),(28,198),(9,199),(19,199),(29,199),(10,200),(20,200),(30,200);
/*!40000 ALTER TABLE `communities_users` ENABLE KEYS */;
UNLOCK TABLES;

--
-- Table structure for table `friendship`
--

DROP TABLE IF EXISTS `friendship`;
/*!40101 SET @saved_cs_client     = @@character_set_client */;
/*!50503 SET character_set_client = utf8mb4 */;
CREATE TABLE `friendship` (
  `user_id` int unsigned NOT NULL,
  `friend_id` int unsigned NOT NULL,
  `status_id` int unsigned NOT NULL,
  `requested_at` datetime DEFAULT CURRENT_TIMESTAMP,
  `confirmed_at` datetime DEFAULT NULL,
  PRIMARY KEY (`user_id`,`friend_id`),
  KEY `friendship_status_id_fk` (`status_id`),
  KEY `friendship_friend_id_fk` (`friend_id`),
  CONSTRAINT `friendship_friend_id_fk` FOREIGN KEY (`friend_id`) REFERENCES `users` (`id`) ON DELETE CASCADE,
  CONSTRAINT `friendship_status_id_fk` FOREIGN KEY (`status_id`) REFERENCES `friendship_statuses` (`id`) ON DELETE SET DEFAULT ON UPDATE CASCADE,
  CONSTRAINT `friendship_user_id_fk` FOREIGN KEY (`user_id`) REFERENCES `users` (`id`) ON DELETE CASCADE
) ENGINE=InnoDB DEFAULT CHARSET=utf8 COLLATE=utf8_unicode_ci;
/*!40101 SET character_set_client = @saved_cs_client */;

--
-- Dumping data for table `friendship`
--

LOCK TABLES `friendship` WRITE;
/*!40000 ALTER TABLE `friendship` DISABLE KEYS */;
INSERT INTO `friendship` VALUES (1,9,1,'2019-12-02 07:15:00','2020-04-02 20:01:36'),(1,11,1,'2019-12-02 07:15:00','2020-04-02 20:01:36'),(1,50,3,'2019-12-02 07:15:00','2020-04-02 19:21:02'),(2,105,1,'2019-10-21 22:15:23','2020-04-02 20:01:36'),(2,145,2,'2020-03-11 18:29:09','2020-04-02 19:21:02'),(2,191,2,'2019-10-21 22:15:23','2020-04-02 19:21:02'),(3,9,2,'2013-07-30 14:01:26','2020-04-02 19:21:02'),(3,73,3,'2016-11-02 15:33:17','2020-04-02 19:21:02'),(3,199,3,'2019-12-28 17:56:41','2020-04-02 19:21:02'),(4,2,3,'2019-04-20 00:47:22','2019-10-21 22:15:23'),(4,22,1,'2019-04-20 00:47:22','2020-04-02 20:01:36'),(4,158,1,'2019-04-20 00:47:22','2020-04-02 19:21:02'),(5,46,2,'2019-10-04 01:10:45','2020-04-02 20:01:36'),(5,174,1,'2019-10-04 01:10:45','2020-04-02 20:01:36'),(5,196,2,'2019-10-04 01:10:45','2020-04-02 20:01:36'),(6,24,3,'2016-11-26 02:04:00','2020-04-02 19:21:02'),(6,49,3,'2018-02-01 05:54:08','2020-04-02 19:21:02'),(6,70,2,'2017-07-25 05:23:08','2018-03-06 08:23:49'),(7,131,3,'2020-02-09 15:59:35','2020-04-02 19:21:02'),(7,185,1,'2018-09-12 15:22:20','2019-11-04 00:47:07'),(7,196,1,'2012-01-07 00:30:21','2017-03-15 11:10:09'),(8,41,2,'2012-02-23 03:10:41','2018-09-10 06:33:59'),(8,108,1,'2012-03-16 01:00:22','2016-12-28 21:57:42'),(8,120,2,'2013-11-01 11:19:07','2020-04-02 19:21:02'),(9,63,3,'2017-02-20 18:26:13','2020-04-02 20:01:36'),(9,134,3,'2017-02-20 18:26:13','2020-04-02 19:21:02'),(9,155,2,'2017-02-20 18:26:13','2019-05-20 18:03:38'),(10,98,3,'2015-09-28 23:55:28','2020-04-02 19:21:02'),(10,111,1,'2016-10-07 23:27:50','2020-04-02 19:21:02'),(10,157,1,'2012-01-26 08:35:42','2020-04-02 19:21:02'),(11,8,1,'2016-03-22 19:25:16','2018-08-06 23:11:16'),(11,18,2,'2016-03-22 00:35:27','2018-07-06 07:47:56'),(11,190,2,'2019-07-19 17:41:55','2020-04-02 19:21:02'),(12,72,3,'2018-10-26 19:22:58','2020-04-02 19:21:02'),(12,84,2,'2016-02-18 10:30:42','2020-04-02 19:21:02'),(12,86,3,'2018-04-23 12:01:48','2020-04-02 19:21:02'),(13,38,1,'2014-03-28 14:34:55','2020-04-02 19:21:02'),(13,63,3,'2014-03-28 14:34:55','2017-08-14 12:17:09'),(13,195,1,'2014-12-21 10:49:17','2018-05-17 22:10:24'),(14,78,2,'2015-08-10 07:14:50','2015-11-15 06:45:30'),(14,83,1,'2015-08-10 07:14:50','2020-01-27 21:01:55'),(14,155,2,'2018-09-20 00:35:50','2020-04-02 19:21:02'),(15,83,3,'2015-07-26 13:08:37','2020-01-27 21:01:55'),(15,162,3,'2014-06-30 18:12:01','2020-04-02 19:21:02'),(15,198,2,'2018-07-22 14:10:09','2020-04-02 19:21:02'),(16,24,3,'2015-06-04 02:46:58','2020-04-02 19:21:02'),(16,54,1,'2015-06-04 02:46:58','2019-10-25 04:20:35'),(16,169,1,'2015-06-04 02:46:58','2020-04-02 19:21:02'),(17,92,2,'2017-09-10 04:58:43','2019-12-23 06:23:15'),(17,194,2,'2012-06-30 05:24:32','2019-05-12 16:45:34'),(17,195,1,'2019-02-22 16:03:52','2020-04-02 19:21:02'),(18,36,2,'2017-07-24 20:17:14','2020-04-02 20:01:36'),(18,75,3,'2017-07-24 20:17:14','2020-04-02 19:21:02'),(18,191,3,'2017-07-24 20:17:14','2020-04-02 19:21:02'),(19,52,1,'2018-12-25 10:51:31','2020-04-02 19:21:02'),(19,69,1,'2014-02-02 12:55:02','2020-03-02 08:20:57'),(19,115,3,'2014-05-14 07:13:45','2019-05-01 07:16:49'),(20,58,2,'2017-01-27 18:25:51','2020-04-02 19:21:02'),(20,69,1,'2013-05-28 10:52:05','2014-08-20 08:08:24'),(20,173,2,'2015-10-16 02:23:03','2020-04-02 19:21:02'),(21,6,3,'2013-03-25 18:24:34','2016-10-03 20:19:44'),(21,113,3,'2017-11-24 16:27:57','2020-04-02 19:21:02'),(21,159,2,'2015-07-22 06:25:08','2020-04-02 19:21:02'),(22,8,1,'2015-10-12 16:57:10','2020-04-02 19:21:02'),(22,102,1,'2015-10-12 16:57:10','2020-04-02 20:01:36'),(22,165,3,'2019-08-14 03:58:51','2020-04-02 19:21:02'),(23,134,2,'2013-11-24 03:56:23','2017-07-10 22:49:22'),(23,140,2,'2019-05-16 09:27:17','2020-04-02 19:21:02'),(23,179,1,'2019-01-04 10:48:42','2020-04-02 19:21:02'),(24,4,3,'2016-04-27 08:50:09','2020-04-02 19:21:02'),(24,97,2,'2016-04-27 08:50:09','2016-05-02 04:42:58'),(24,113,3,'2017-07-01 09:54:04','2020-04-02 19:21:02'),(25,85,3,'2019-10-06 05:33:47','2020-04-02 19:21:02'),(25,109,1,'2015-02-28 02:33:22','2020-01-22 07:27:35'),(25,124,1,'2013-11-05 01:46:39','2018-11-23 15:05:23'),(26,46,1,'2015-11-26 08:49:05','2018-06-02 19:11:16'),(26,93,2,'2017-02-05 20:09:56','2020-04-02 19:21:02'),(26,159,2,'2015-11-26 08:49:05','2020-03-16 22:33:22'),(27,15,3,'2015-07-03 22:43:45','2016-02-15 22:02:57'),(27,127,2,'2015-07-03 22:43:45','2020-04-02 19:21:02'),(27,200,3,'2015-07-03 22:43:45','2020-04-02 19:21:02'),(28,41,3,'2017-04-02 16:33:27','2020-04-02 19:21:02'),(28,75,1,'2018-03-09 05:21:23','2020-03-10 22:30:19'),(28,77,1,'2014-12-09 05:46:06','2018-03-22 16:03:47'),(28,93,3,'2020-04-11 15:11:19',NULL),(29,8,2,'2011-12-29 21:50:53','2017-05-25 12:56:05'),(29,83,1,'2018-11-19 08:04:51','2020-04-02 19:21:02'),(29,104,2,'2017-06-04 05:02:27','2017-06-28 13:22:06'),(30,18,3,'2018-03-14 07:13:41','2020-04-02 19:21:02'),(30,67,3,'2018-03-14 07:13:41','2019-10-03 22:32:12'),(30,195,2,'2018-03-14 07:13:41','2020-04-02 19:21:02'),(31,124,1,'2012-03-06 22:29:03','2018-11-23 15:05:23'),(31,152,3,'2019-10-23 10:13:18','2020-04-02 19:21:02'),(31,165,1,'2015-02-14 20:28:21','2016-09-21 00:12:57'),(32,58,2,'2017-10-19 16:08:31','2019-10-21 17:27:05'),(32,64,2,'2015-07-29 00:03:21','2016-08-25 13:49:53'),(32,103,1,'2017-05-04 17:19:30','2018-06-19 09:34:46'),(33,8,3,'2015-01-12 21:52:06','2020-04-02 19:21:02'),(33,59,3,'2015-05-31 04:59:55','2019-10-09 01:49:46'),(33,162,2,'2019-06-29 12:23:34','2020-04-02 19:21:02'),(34,33,1,'2018-07-15 19:09:56','2019-11-13 10:26:29'),(34,42,3,'2015-08-25 15:40:15','2020-04-02 20:01:36'),(34,198,1,'2015-08-25 15:40:15','2018-09-24 09:33:41'),(35,51,1,'2015-01-20 03:07:30','2020-04-02 19:21:02'),(35,86,2,'2017-03-24 15:27:03','2018-08-10 17:35:33'),(35,154,2,'2012-05-05 12:30:57','2015-05-05 01:45:34'),(36,34,2,'2018-07-04 09:14:30','2020-04-02 19:21:02'),(36,38,3,'2014-09-28 04:39:11','2018-01-08 16:16:18'),(36,90,3,'2019-09-24 12:39:44','2020-04-02 19:21:02'),(37,72,3,'2017-03-02 10:58:11','2020-04-02 19:21:02'),(37,98,1,'2016-02-01 11:54:03','2020-04-02 19:21:02'),(37,182,1,'2016-10-24 19:59:52','2020-03-15 00:44:50'),(38,47,2,'2015-03-31 17:45:04','2019-05-22 10:01:27'),(38,66,2,'2017-09-22 04:32:31','2020-04-02 19:21:02'),(38,107,1,'2016-12-16 19:30:32','2020-04-02 19:21:02'),(39,74,2,'2015-03-14 15:22:13','2020-04-02 19:21:02'),(39,170,3,'2014-08-11 18:36:41','2020-04-02 19:21:02'),(39,181,3,'2016-12-02 15:51:50','2020-04-02 19:21:02'),(40,43,1,'2013-11-07 23:40:22','2016-09-29 02:09:09'),(40,127,3,'2017-11-21 05:43:08','2018-04-02 00:06:40'),(40,182,1,'2017-06-10 16:54:38','2020-03-15 00:44:50'),(41,6,2,'2018-09-10 06:33:59','2020-04-02 20:01:36'),(41,40,1,'2018-09-10 06:33:59','2020-04-02 19:21:02'),(41,130,2,'2018-09-10 06:33:59','2020-04-02 19:21:02'),(42,12,3,'2014-07-24 19:50:03','2020-04-02 19:21:02'),(42,129,3,'2018-12-15 02:04:28','2020-04-02 19:21:02'),(42,163,2,'2014-07-24 19:50:03','2020-04-02 20:01:36'),(43,5,3,'2016-09-29 02:09:09','2019-10-04 01:10:45'),(43,36,1,'2016-09-29 02:09:09','2020-04-02 19:21:02'),(43,122,1,'2016-09-29 02:09:09','2020-04-02 19:21:02'),(44,71,2,'2019-03-09 19:15:58','2020-04-02 20:01:36'),(44,77,2,'2019-03-09 19:15:58','2020-04-02 19:21:02'),(44,83,1,'2019-03-09 19:15:58','2020-04-02 19:21:02'),(45,7,3,'2019-12-28 20:41:53','2020-04-02 19:21:02'),(45,10,2,'2018-10-12 11:51:46','2020-02-25 07:50:02'),(45,79,3,'2013-04-21 23:10:08','2020-04-02 20:01:36'),(46,12,1,'2018-06-02 19:11:16','2020-04-02 20:01:36'),(46,18,3,'2018-06-02 19:11:16','2020-04-02 19:21:02'),(46,169,1,'2018-06-02 19:11:16','2020-02-20 08:09:08'),(47,3,1,'2016-02-01 13:38:36','2019-10-05 22:35:32'),(47,59,2,'2015-03-25 04:21:02','2019-10-09 01:49:46'),(47,116,2,'2016-01-12 06:05:33','2020-04-02 19:21:02'),(48,30,2,'2018-08-20 12:27:58','2020-04-02 19:21:02'),(48,36,3,'2018-07-24 00:55:46','2020-04-02 20:01:36'),(48,113,3,'2018-07-24 00:55:46','2019-08-15 01:32:58'),(49,78,1,'2012-09-22 08:56:08','2013-08-01 21:34:48'),(49,97,1,'2019-05-02 14:02:03','2020-04-02 19:21:02'),(49,124,3,'2015-11-23 05:45:40','2020-04-02 19:21:02'),(50,81,1,'2019-12-15 10:10:34','2020-04-02 19:21:02'),(50,125,2,'2019-06-11 09:30:58','2020-04-02 20:01:36'),(50,176,2,'2019-10-16 06:56:19','2020-02-18 20:15:26'),(51,27,3,'2017-10-19 01:29:49','2020-04-02 19:21:02'),(51,58,3,'2013-05-05 01:59:07','2016-11-03 01:40:39'),(51,184,2,'2019-09-12 09:29:26','2020-04-02 19:21:02'),(52,9,1,'2018-02-05 14:29:46','2020-04-02 19:21:02'),(52,174,1,'2013-12-28 04:24:35','2017-07-28 22:39:58'),(52,182,3,'2014-07-24 01:01:07','2020-03-15 00:44:50'),(53,8,2,'2015-02-27 21:57:04','2020-04-02 19:21:02'),(53,119,1,'2015-09-06 19:28:35','2020-04-02 19:21:02'),(53,170,2,'2017-11-15 02:06:34','2020-04-02 19:21:02'),(54,90,2,'2019-10-25 04:20:35','2020-04-02 19:21:02'),(54,114,3,'2020-01-11 14:05:21','2020-04-02 19:21:02'),(54,156,3,'2019-10-25 04:20:35','2020-04-02 20:01:36'),(55,84,1,'2014-05-14 18:59:57','2020-04-02 20:01:36'),(55,150,1,'2015-05-06 01:17:09','2019-11-18 14:47:10'),(55,186,3,'2015-12-19 17:34:25','2016-03-27 16:39:57'),(56,7,2,'2015-11-16 06:49:21','2019-09-12 18:52:04'),(56,152,1,'2018-02-24 01:53:19','2020-04-02 19:21:02'),(56,192,2,'2015-11-16 06:49:21','2020-04-02 19:21:02'),(57,29,2,'2017-10-23 16:08:40','2020-04-02 19:21:02'),(57,104,3,'2017-10-23 16:08:40','2020-04-02 19:21:02'),(57,193,3,'2017-10-23 16:08:40','2020-04-02 20:01:36'),(58,33,1,'2016-07-04 15:28:06','2017-01-01 11:31:26'),(58,93,3,'2020-04-11 15:11:19',NULL),(58,110,3,'2018-06-13 08:41:06','2020-04-02 19:21:02'),(58,113,1,'2016-07-04 15:28:06','2017-07-16 22:27:47'),(59,26,1,'2019-10-09 01:49:46','2020-04-02 20:01:36'),(59,56,2,'2019-10-31 01:32:31','2020-04-02 19:21:02'),(59,73,2,'2019-10-09 01:49:46','2019-12-19 03:08:43'),(60,31,2,'2018-01-13 02:10:12','2020-04-02 19:21:02'),(60,56,3,'2018-01-13 02:10:12','2020-04-02 20:01:36'),(60,97,3,'2018-01-13 02:10:12','2020-04-02 20:01:36'),(61,42,3,'2018-06-18 05:26:17','2020-04-02 19:21:02'),(61,79,1,'2020-03-21 14:54:53','2020-04-02 19:21:02'),(61,104,1,'2013-07-26 02:24:02','2013-08-22 13:42:35'),(62,54,2,'2020-02-01 17:27:47','2020-04-02 19:21:02'),(62,94,1,'2017-02-11 06:13:27','2020-01-14 23:50:56'),(62,130,2,'2017-02-11 06:13:27','2018-02-03 11:08:41'),(63,43,2,'2017-03-14 12:22:25','2020-04-02 19:21:02'),(63,61,3,'2015-10-20 07:11:47','2020-04-02 19:21:02'),(63,133,3,'2016-06-12 05:27:27','2020-04-02 19:21:02'),(64,3,3,'2015-08-28 12:13:12','2020-04-02 19:21:02'),(64,70,1,'2015-08-28 12:13:12','2020-04-02 19:21:02'),(64,125,1,'2016-04-30 22:26:10','2020-04-02 19:21:02'),(65,7,2,'2015-07-28 20:41:24','2017-01-21 19:15:45'),(65,21,2,'2018-06-10 00:37:31','2020-04-02 19:21:02'),(65,30,1,'2012-08-01 23:45:37','2020-04-02 19:21:02'),(66,8,3,'2014-10-08 18:05:40','2020-04-02 19:21:02'),(66,154,2,'2018-02-24 22:08:30','2019-07-30 23:56:45'),(66,166,3,'2011-05-08 22:16:11','2019-03-20 21:36:44'),(67,33,3,'2020-01-27 17:23:16','2020-04-02 19:21:02'),(67,119,1,'2019-10-03 22:32:12','2020-04-02 20:01:36'),(67,183,1,'2019-10-03 22:32:12','2020-04-02 19:21:02'),(68,81,2,'2017-01-07 06:10:05','2017-12-18 22:42:00'),(68,111,2,'2017-10-22 22:09:12','2020-04-02 19:21:02'),(68,170,1,'2017-01-07 06:10:05','2020-04-02 19:21:02'),(69,59,2,'2020-03-21 06:37:29','2020-04-02 19:21:02'),(69,84,3,'2016-05-29 22:21:05','2020-04-02 19:21:02'),(69,172,3,'2015-05-03 21:01:46','2018-12-16 18:07:39'),(70,25,1,'2017-05-05 01:12:02','2020-04-02 19:21:02'),(70,42,3,'2017-06-05 13:15:37','2020-04-02 19:21:02'),(70,169,1,'2017-05-05 01:12:02','2018-05-14 07:37:33'),(71,3,2,'2015-12-02 19:53:09','2020-04-02 19:21:02'),(71,26,1,'2012-10-26 09:09:22','2020-01-26 07:20:24'),(71,67,2,'2013-02-13 03:36:13','2019-10-03 22:32:12'),(72,15,3,'2018-08-22 00:52:45','2020-04-02 19:21:02'),(72,37,2,'2016-11-24 01:59:56','2020-04-02 19:21:02'),(72,189,3,'2014-09-12 19:16:25','2020-04-02 19:21:02'),(73,3,1,'2019-09-02 22:51:13','2020-04-02 19:21:02'),(73,157,3,'2019-09-02 22:51:13','2020-04-02 19:21:02'),(73,169,1,'2019-09-02 22:51:13','2020-04-02 19:21:02'),(74,16,2,'2014-09-05 07:19:44','2019-06-25 08:14:31'),(74,80,2,'2015-06-09 13:22:32','2020-04-02 19:21:02'),(74,105,1,'2014-09-05 07:19:44','2016-04-14 03:43:56'),(75,35,3,'2013-10-08 09:01:20','2016-10-04 15:16:24'),(75,42,3,'2013-10-08 09:01:20','2017-10-18 11:58:35'),(75,158,2,'2013-10-08 09:01:20','2020-04-02 19:21:02'),(76,57,3,'2018-07-12 03:47:48','2020-04-02 19:21:02'),(76,58,1,'2012-05-18 10:37:03','2016-07-04 15:28:06'),(76,130,1,'2015-11-01 06:03:55','2020-04-02 19:21:02'),(77,39,2,'2018-03-06 08:01:05','2018-08-10 00:33:42'),(77,47,1,'2018-03-06 08:01:05','2020-04-02 19:21:02'),(77,111,2,'2018-03-06 08:01:05','2020-04-02 19:21:02'),(78,124,3,'2019-01-23 23:41:21','2020-04-02 19:21:02'),(78,160,2,'2019-06-30 02:37:35','2020-04-02 19:21:02'),(78,167,3,'2013-07-22 02:44:52','2015-01-04 08:21:45'),(79,8,1,'2014-04-08 00:07:10','2016-01-07 11:57:47'),(79,35,3,'2012-11-02 18:24:02','2013-08-30 00:50:23'),(79,127,1,'2016-01-31 06:32:10','2020-04-02 19:21:02'),(80,8,1,'2014-06-25 20:09:57','2020-04-02 19:21:02'),(80,88,2,'2018-02-10 11:30:16','2020-04-02 19:21:02'),(80,111,2,'2013-01-06 10:17:09','2019-01-11 21:17:53'),(81,31,3,'2019-07-06 22:45:09','2020-04-02 19:21:02'),(81,154,2,'2016-10-13 19:14:00','2020-04-02 19:21:02'),(81,157,3,'2019-09-07 09:39:33','2020-04-02 19:21:02'),(82,30,3,'2016-08-01 15:46:35','2020-04-02 19:21:02'),(82,66,1,'2018-07-25 06:28:21','2020-04-02 19:21:02'),(82,123,1,'2011-09-18 23:20:48','2020-04-02 19:21:02'),(83,35,2,'2020-01-27 21:01:55','2020-04-02 19:21:02'),(83,44,1,'2020-01-27 21:01:55','2020-04-02 19:21:02'),(83,110,2,'2020-01-27 21:01:55','2020-04-02 19:21:02'),(84,42,3,'2017-11-13 07:17:13','2020-04-02 19:21:02'),(84,68,3,'2016-07-07 21:29:14','2020-04-02 19:21:02'),(84,167,2,'2011-06-07 19:25:44','2018-05-19 06:46:44'),(85,61,1,'2019-02-10 03:59:15','2020-04-02 19:21:02'),(85,91,1,'2019-02-10 03:59:15','2019-11-29 16:09:22'),(85,113,3,'2019-06-29 23:29:14','2020-04-02 19:21:02'),(86,41,2,'2016-01-16 23:13:15','2018-09-10 06:33:59'),(86,81,2,'2016-01-16 23:13:15','2017-12-21 08:08:29'),(86,93,1,'2016-01-16 23:13:15','2020-04-02 19:21:02'),(87,72,2,'2011-07-01 20:40:27','2017-12-09 03:57:38'),(87,94,3,'2018-01-19 00:34:57','2020-04-02 19:21:02'),(87,113,3,'2018-01-04 08:13:43','2020-04-02 19:21:02'),(88,43,3,'2014-02-16 22:37:06','2018-09-01 11:00:21'),(88,126,1,'2018-09-15 03:39:24','2019-11-25 14:03:59'),(88,154,1,'2014-09-19 13:48:02','2019-09-07 09:35:56'),(89,7,2,'2015-03-09 14:21:06','2018-07-01 12:37:46'),(89,55,1,'2015-03-09 14:21:06','2015-07-07 02:29:22'),(89,102,2,'2015-03-09 14:21:06','2020-04-02 19:21:02'),(90,51,3,'2019-10-23 07:46:27','2020-01-15 01:45:21'),(90,149,3,'2019-10-23 07:46:27','2020-04-02 19:21:02'),(90,163,2,'2019-10-23 07:46:27','2020-04-02 19:21:02'),(91,3,3,'2016-04-27 01:21:21','2020-04-02 19:21:02'),(91,30,1,'2016-04-19 03:21:28','2020-04-02 19:21:02'),(91,130,1,'2015-12-06 11:22:26','2020-04-02 19:21:02'),(92,56,2,'2019-12-23 06:23:15','2020-04-02 20:01:36'),(92,76,1,'2019-12-23 06:23:15','2020-04-02 19:21:02'),(92,170,2,'2019-12-23 06:23:15','2020-04-02 19:21:02'),(93,28,3,'2014-03-26 16:44:51','2014-12-09 05:46:06'),(93,58,3,'2019-03-14 05:32:35','2020-04-02 19:21:02'),(93,151,2,'2014-03-26 16:44:51','2020-04-02 20:01:36'),(94,23,3,'2020-01-14 23:50:56','2020-04-02 19:21:02'),(94,75,1,'2020-01-14 23:50:56','2020-04-02 19:21:02'),(94,144,1,'2020-01-14 23:50:56','2020-04-02 20:01:36'),(95,1,1,'2013-01-21 18:13:38','2019-12-02 07:15:00'),(95,74,2,'2013-08-16 23:18:19','2014-09-05 07:19:44'),(95,184,2,'2016-12-24 07:25:53','2020-04-02 19:21:02'),(96,10,3,'2018-09-28 01:37:18','2020-04-02 19:21:02'),(96,156,2,'2018-06-05 14:45:53','2020-04-02 19:21:02'),(96,166,3,'2016-03-23 13:47:24','2020-04-02 20:01:36'),(97,90,1,'2017-04-05 21:30:51','2020-04-02 19:21:02'),(97,116,1,'2019-04-26 21:14:15','2020-04-02 19:21:02'),(97,145,3,'2017-05-22 05:59:13','2020-04-02 19:21:02'),(98,48,2,'2019-02-25 12:40:02','2020-04-02 19:21:02'),(98,132,1,'2017-02-23 17:11:10','2020-04-02 20:01:36'),(98,156,2,'2017-02-23 17:11:10','2019-07-03 15:56:02'),(99,6,3,'2018-04-23 12:17:52','2020-04-02 19:21:02'),(99,60,2,'2018-04-23 12:17:52','2020-04-02 20:01:36'),(99,184,3,'2018-04-23 12:17:52','2019-02-28 23:23:32'),(100,151,1,'2013-12-31 23:05:37','2017-01-09 19:25:36'),(100,187,3,'2018-12-01 21:05:02','2020-04-02 19:21:02'),(100,190,1,'2013-03-14 04:51:20','2017-11-16 02:01:17'),(101,133,2,'2018-10-07 16:42:54','2019-01-16 04:16:42'),(102,118,3,'2011-01-02 00:53:16','2014-05-26 15:31:35'),(103,198,1,'2018-04-14 16:00:34','2018-09-24 09:33:41'),(104,125,2,'2015-01-02 07:07:29','2020-04-02 19:21:02'),(105,12,3,'2015-07-26 05:27:19','2020-04-02 19:21:02'),(106,118,1,'2018-07-23 06:02:21','2020-04-02 19:21:02'),(107,199,2,'2019-04-27 15:24:36','2020-04-02 19:21:02'),(108,52,3,'2016-12-28 21:57:42','2020-04-02 19:21:02'),(109,32,1,'2019-09-21 17:06:00','2020-02-15 23:53:17'),(110,129,2,'2013-10-03 15:19:04','2017-01-07 23:44:59'),(111,81,3,'2012-08-09 17:25:27','2020-04-02 19:21:02'),(112,8,1,'2018-03-03 14:49:04','2020-04-02 20:01:36'),(113,102,2,'2020-01-04 12:41:31','2020-04-02 19:21:02'),(114,64,3,'2017-06-09 21:58:13','2020-04-02 19:21:02'),(115,111,1,'2019-05-01 07:16:49','2020-04-02 20:01:36'),(116,135,2,'2016-12-05 15:20:11','2020-04-02 19:21:02'),(117,135,3,'2017-04-15 08:36:04','2020-04-02 19:21:02'),(118,29,1,'2014-05-26 15:31:35','2020-04-02 19:21:02'),(119,47,2,'2019-02-17 04:19:25','2020-02-28 21:14:30'),(120,93,3,'2020-01-19 05:24:32','2020-04-02 19:21:02'),(121,171,1,'2017-11-01 03:35:34','2020-04-02 20:01:36'),(122,153,2,'2018-02-08 17:06:33','2019-03-09 15:52:03'),(123,160,3,'2018-09-17 16:06:30','2020-04-02 20:01:36'),(124,101,1,'2018-11-23 15:05:23','2020-04-02 20:01:36'),(125,168,2,'2012-01-12 01:57:59','2016-04-07 02:27:31'),(126,107,3,'2018-10-13 11:44:32','2020-04-02 19:21:02'),(127,68,1,'2013-02-12 21:27:17','2017-01-07 06:10:05'),(128,117,2,'2014-01-26 17:29:34','2017-04-15 08:36:04'),(129,137,3,'2019-01-28 23:07:27','2020-04-02 19:21:02'),(130,82,1,'2019-02-22 20:30:52','2019-11-22 15:59:54'),(131,144,2,'2018-02-09 11:21:18','2020-04-02 20:01:36'),(132,192,3,'2012-11-13 21:08:44','2019-12-30 12:38:07'),(133,34,1,'2018-12-31 20:05:53','2020-04-02 20:01:36'),(134,155,2,'2017-07-10 22:49:22','2019-05-20 18:03:38'),(135,21,3,'2017-10-25 07:42:04','2020-04-02 19:21:02'),(136,68,1,'2010-11-18 18:45:07','2017-01-07 06:10:05'),(137,104,2,'2018-05-22 07:40:00','2020-04-02 19:21:02'),(138,177,3,'2019-03-18 02:29:49','2020-04-02 19:21:02'),(139,120,1,'2017-09-07 08:16:40','2020-04-02 19:21:02'),(140,92,2,'2017-08-29 15:03:44','2020-04-02 19:21:02'),(141,144,3,'2019-07-28 20:43:03','2020-04-02 19:21:02'),(142,133,1,'2019-08-05 20:38:54','2020-04-02 20:01:36'),(143,37,2,'2016-12-21 12:06:10','2020-04-02 19:21:02'),(144,166,3,'2013-07-13 13:42:55','2016-02-24 02:30:49'),(145,166,1,'2016-12-11 10:14:34','2019-08-22 19:14:35'),(146,72,2,'2018-05-25 14:39:32','2020-04-02 19:21:02'),(147,85,3,'2012-11-24 22:46:30','2019-02-10 03:59:15'),(148,192,1,'2019-06-27 14:22:16','2020-04-02 19:21:02'),(149,137,2,'2017-03-10 04:13:37','2020-04-02 19:21:02'),(150,20,3,'2018-06-23 11:59:49','2020-04-02 19:21:02'),(151,174,1,'2013-12-27 15:04:15','2017-07-28 22:39:58'),(152,36,2,'2017-09-04 02:51:53','2020-04-02 19:21:02'),(153,68,3,'2019-03-09 15:52:03','2020-04-02 19:21:02'),(154,138,1,'2015-09-12 09:01:55','2020-04-02 19:21:02'),(155,126,2,'2019-05-20 18:03:38','2020-04-02 20:01:36'),(156,89,3,'2019-07-03 15:56:02','2020-04-02 20:01:36'),(157,8,1,'2019-07-08 23:12:24','2020-04-02 20:01:36'),(158,106,2,'2019-04-15 17:58:35','2019-12-22 22:08:29'),(159,124,3,'2015-10-22 03:34:49','2020-04-02 19:21:02'),(160,135,1,'2011-07-24 01:56:41','2016-01-25 05:43:53'),(161,127,2,'2013-08-05 00:06:37','2018-11-24 15:11:05'),(162,200,3,'2019-11-25 00:13:52','2020-04-02 20:01:36'),(163,192,1,'2019-10-28 03:01:23','2020-04-02 19:21:02'),(164,115,2,'2019-01-23 13:00:56','2020-04-02 19:21:02'),(165,32,3,'2015-06-23 10:10:20','2015-12-29 17:54:00'),(166,19,1,'2014-02-24 19:16:33','2019-01-15 09:28:09'),(167,169,2,'2019-01-08 00:32:20','2020-04-02 19:21:02'),(168,17,3,'2016-04-07 02:27:31','2020-04-02 19:21:02'),(169,130,1,'2015-04-10 01:39:04','2020-04-02 19:21:02'),(170,187,2,'2018-04-16 04:47:52','2020-04-02 19:21:02'),(171,149,3,'2014-11-08 02:16:39','2017-03-10 04:13:37'),(172,95,1,'2019-04-19 13:41:24','2020-04-02 19:21:02'),(173,53,2,'2018-07-20 11:12:58','2020-04-02 19:21:02'),(174,94,3,'2018-07-31 18:26:45','2020-04-02 19:21:02'),(175,194,1,'2015-06-12 13:38:43','2020-04-02 19:21:02'),(176,70,2,'2017-08-12 17:55:11','2019-05-14 16:54:06'),(177,73,3,'2017-04-19 02:41:38','2020-04-02 19:21:02'),(178,78,1,'2015-12-28 16:37:38','2020-04-02 20:01:36'),(179,120,2,'2017-03-06 08:35:41','2020-01-19 05:24:32'),(180,183,3,'2018-04-10 04:32:57','2019-10-26 08:43:01'),(181,159,1,'2018-03-11 22:24:41','2020-04-02 19:21:02'),(182,80,2,'2020-03-15 00:44:50','2020-04-02 19:21:02'),(183,84,3,'2019-10-26 08:43:01','2020-04-02 20:01:36'),(184,131,1,'2014-09-08 20:17:13','2020-04-02 19:21:02'),(185,167,2,'2011-03-01 00:28:08','2015-01-04 08:21:45'),(186,50,3,'2011-05-31 18:35:29','2019-06-11 09:30:58'),(187,130,1,'2016-10-03 22:10:43','2020-04-02 19:21:02'),(188,62,2,'2016-04-04 23:27:36','2020-04-02 19:21:02'),(189,108,3,'2019-04-23 07:31:31','2020-04-02 19:21:02'),(190,38,1,'2017-11-16 02:01:17','2020-04-02 20:01:36'),(191,48,2,'2014-03-17 06:29:00','2020-04-02 19:21:02'),(192,185,3,'2019-12-30 12:38:07','2020-01-17 04:41:27'),(193,147,1,'2010-12-19 07:29:52','2016-06-20 23:45:05'),(194,180,2,'2019-05-12 16:45:34','2019-09-23 22:42:13'),(195,76,3,'2019-12-11 06:42:45','2020-04-02 19:21:02'),(196,135,1,'2013-05-05 17:28:25','2016-03-16 03:03:01'),(197,96,2,'2018-11-22 17:17:19','2020-04-02 19:21:02'),(198,143,3,'2018-12-30 04:54:41','2020-04-02 19:21:02'),(199,41,1,'2017-12-04 17:21:28','2018-09-10 06:33:59'),(200,120,2,'2015-01-08 08:23:34','2020-01-19 05:24:32');
/*!40000 ALTER TABLE `friendship` ENABLE KEYS */;
UNLOCK TABLES;

--
-- Table structure for table `friendship_statuses`
--

DROP TABLE IF EXISTS `friendship_statuses`;
/*!40101 SET @saved_cs_client     = @@character_set_client */;
/*!50503 SET character_set_client = utf8mb4 */;
CREATE TABLE `friendship_statuses` (
  `id` int unsigned NOT NULL AUTO_INCREMENT,
  `name` varchar(150) CHARACTER SET utf8 COLLATE utf8_unicode_ci NOT NULL,
  PRIMARY KEY (`id`),
  UNIQUE KEY `name` (`name`)
) ENGINE=InnoDB AUTO_INCREMENT=4 DEFAULT CHARSET=utf8 COLLATE=utf8_unicode_ci;
/*!40101 SET character_set_client = @saved_cs_client */;

--
-- Dumping data for table `friendship_statuses`
--

LOCK TABLES `friendship_statuses` WRITE;
/*!40000 ALTER TABLE `friendship_statuses` DISABLE KEYS */;
INSERT INTO `friendship_statuses` VALUES (3,'confirmed'),(2,'rejected'),(1,'requested');
/*!40000 ALTER TABLE `friendship_statuses` ENABLE KEYS */;
UNLOCK TABLES;

--
-- Table structure for table `likes`
--

DROP TABLE IF EXISTS `likes`;
/*!40101 SET @saved_cs_client     = @@character_set_client */;
/*!50503 SET character_set_client = utf8mb4 */;
CREATE TABLE `likes` (
  `id` int unsigned NOT NULL AUTO_INCREMENT,
  `user_id` int unsigned NOT NULL,
  `target_id` int unsigned NOT NULL,
  `target_type_id` int unsigned NOT NULL,
  `created_at` datetime DEFAULT CURRENT_TIMESTAMP,
  PRIMARY KEY (`id`),
  KEY `likes_user_id_fk` (`user_id`),
  KEY `likes_target_type_id_fk` (`target_type_id`),
  CONSTRAINT `likes_target_type_id_fk` FOREIGN KEY (`target_type_id`) REFERENCES `target_types` (`id`) ON DELETE SET DEFAULT,
  CONSTRAINT `likes_user_id_fk` FOREIGN KEY (`user_id`) REFERENCES `users` (`id`) ON DELETE SET DEFAULT
) ENGINE=InnoDB AUTO_INCREMENT=1001 DEFAULT CHARSET=utf8mb4 COLLATE=utf8mb4_0900_ai_ci;
/*!40101 SET character_set_client = @saved_cs_client */;

--
-- Dumping data for table `likes`
--

LOCK TABLES `likes` WRITE;
/*!40000 ALTER TABLE `likes` DISABLE KEYS */;
INSERT INTO `likes` VALUES (1,26,151,2,'2020-04-11 13:58:17'),(2,179,191,1,'2020-04-11 13:58:17'),(3,108,37,2,'2020-04-11 13:58:17'),(4,33,6,3,'2020-04-11 13:58:17'),(5,87,143,2,'2020-04-11 13:58:17'),(6,175,106,1,'2020-04-11 13:58:17'),(7,165,13,4,'2020-04-11 13:58:17'),(8,34,98,4,'2020-04-11 13:58:17'),(9,185,187,4,'2020-04-11 13:58:17'),(10,28,136,4,'2020-04-11 13:58:17'),(11,45,48,3,'2020-04-11 13:58:17'),(12,155,97,1,'2020-04-11 13:58:17'),(13,100,99,4,'2020-04-11 13:58:17'),(14,143,1,4,'2020-04-11 13:58:17'),(15,194,57,3,'2020-04-11 13:58:17'),(16,144,12,1,'2020-04-11 13:58:17'),(17,54,46,2,'2020-04-11 13:58:17'),(18,92,169,4,'2020-04-11 13:58:17'),(19,151,106,2,'2020-04-11 13:58:17'),(20,60,152,4,'2020-04-11 13:58:17'),(21,112,110,1,'2020-04-11 13:58:17'),(22,122,28,4,'2020-04-11 13:58:17'),(23,83,143,2,'2020-04-11 13:58:17'),(24,195,197,4,'2020-04-11 13:58:17'),(25,188,122,1,'2020-04-11 13:58:17'),(26,177,164,2,'2020-04-11 13:58:17'),(27,103,163,3,'2020-04-11 13:58:17'),(28,89,10,4,'2020-04-11 13:58:17'),(29,31,131,4,'2020-04-11 13:58:17'),(30,31,85,3,'2020-04-11 13:58:17'),(31,174,140,4,'2020-04-11 13:58:17'),(32,183,123,2,'2020-04-11 13:58:17'),(33,199,29,3,'2020-04-11 13:58:17'),(34,84,150,2,'2020-04-11 13:58:17'),(35,68,7,1,'2020-04-11 13:58:17'),(36,44,145,4,'2020-04-11 13:58:17'),(37,188,20,3,'2020-04-11 13:58:17'),(38,163,112,2,'2020-04-11 13:58:17'),(39,30,77,2,'2020-04-11 13:58:17'),(40,30,189,2,'2020-04-11 13:58:17'),(41,127,14,2,'2020-04-11 13:58:17'),(42,81,25,2,'2020-04-11 13:58:17'),(43,91,80,3,'2020-04-11 13:58:17'),(44,152,170,4,'2020-04-11 13:58:17'),(45,122,85,2,'2020-04-11 13:58:17'),(46,180,30,1,'2020-04-11 13:58:17'),(47,29,94,4,'2020-04-11 13:58:17'),(48,47,111,1,'2020-04-11 13:58:17'),(49,151,179,1,'2020-04-11 13:58:17'),(50,47,177,3,'2020-04-11 13:58:17'),(51,7,155,4,'2020-04-11 13:58:17'),(52,98,65,1,'2020-04-11 13:58:17'),(53,5,42,4,'2020-04-11 13:58:17'),(54,32,173,4,'2020-04-11 13:58:17'),(55,23,32,2,'2020-04-11 13:58:17'),(56,81,75,3,'2020-04-11 13:58:17'),(57,93,159,3,'2020-04-11 13:58:17'),(58,173,41,2,'2020-04-11 13:58:17'),(59,43,135,3,'2020-04-11 13:58:17'),(60,163,121,3,'2020-04-11 13:58:17'),(61,61,44,1,'2020-04-11 13:58:17'),(62,75,163,4,'2020-04-11 13:58:17'),(63,192,156,4,'2020-04-11 13:58:17'),(64,127,199,1,'2020-04-11 13:58:17'),(65,32,82,3,'2020-04-11 13:58:17'),(66,52,14,3,'2020-04-11 13:58:17'),(67,46,20,4,'2020-04-11 13:58:17'),(68,43,189,1,'2020-04-11 13:58:17'),(69,29,191,2,'2020-04-11 13:58:17'),(70,139,58,2,'2020-04-11 13:58:17'),(71,26,149,2,'2020-04-11 13:58:17'),(72,192,39,1,'2020-04-11 13:58:17'),(73,182,115,1,'2020-04-11 13:58:17'),(74,110,101,4,'2020-04-11 13:58:17'),(75,178,128,3,'2020-04-11 13:58:17'),(76,69,19,2,'2020-04-11 13:58:17'),(77,43,122,2,'2020-04-11 13:58:17'),(78,111,135,3,'2020-04-11 13:58:17'),(79,1,9,1,'2020-04-11 13:58:17'),(80,140,18,2,'2020-04-11 13:58:17'),(81,173,185,1,'2020-04-11 13:58:17'),(82,54,139,3,'2020-04-11 13:58:17'),(83,190,80,1,'2020-04-11 13:58:17'),(84,116,193,1,'2020-04-11 13:58:17'),(85,38,97,4,'2020-04-11 13:58:17'),(86,166,160,2,'2020-04-11 13:58:17'),(87,32,59,4,'2020-04-11 13:58:17'),(88,166,25,1,'2020-04-11 13:58:17'),(89,53,51,2,'2020-04-11 13:58:17'),(90,198,133,2,'2020-04-11 13:58:17'),(91,28,19,1,'2020-04-11 13:58:17'),(92,40,92,3,'2020-04-11 13:58:17'),(93,128,43,1,'2020-04-11 13:58:17'),(94,138,101,2,'2020-04-11 13:58:17'),(95,158,144,1,'2020-04-11 13:58:17'),(96,150,168,4,'2020-04-11 13:58:17'),(97,140,113,3,'2020-04-11 13:58:17'),(98,46,60,4,'2020-04-11 13:58:17'),(99,85,174,1,'2020-04-11 13:58:17'),(100,194,128,2,'2020-04-11 13:58:17'),(101,187,3,2,'2020-04-11 13:58:17'),(102,200,138,2,'2020-04-11 13:58:17'),(103,124,180,3,'2020-04-11 13:58:17'),(104,85,178,1,'2020-04-11 13:58:17'),(105,161,200,3,'2020-04-11 13:58:17'),(106,107,188,1,'2020-04-11 13:58:17'),(107,51,92,3,'2020-04-11 13:58:17'),(108,73,24,3,'2020-04-11 13:58:17'),(109,166,144,1,'2020-04-11 13:58:17'),(110,31,180,1,'2020-04-11 13:58:17'),(111,147,143,2,'2020-04-11 13:58:17'),(112,127,61,3,'2020-04-11 13:58:17'),(113,17,5,4,'2020-04-11 13:58:17'),(114,57,105,4,'2020-04-11 13:58:17'),(115,134,69,3,'2020-04-11 13:58:17'),(116,32,1,3,'2020-04-11 13:58:17'),(117,97,63,1,'2020-04-11 13:58:17'),(118,28,55,4,'2020-04-11 13:58:17'),(119,147,14,1,'2020-04-11 13:58:17'),(120,105,24,1,'2020-04-11 13:58:17'),(121,40,59,4,'2020-04-11 13:58:17'),(122,123,119,1,'2020-04-11 13:58:17'),(123,95,6,3,'2020-04-11 13:58:17'),(124,139,32,3,'2020-04-11 13:58:17'),(125,109,115,1,'2020-04-11 13:58:17'),(126,163,103,1,'2020-04-11 13:58:17'),(127,39,120,2,'2020-04-11 13:58:17'),(128,197,35,4,'2020-04-11 13:58:17'),(129,181,173,3,'2020-04-11 13:58:17'),(130,23,196,3,'2020-04-11 13:58:17'),(131,138,141,2,'2020-04-11 13:58:17'),(132,88,79,3,'2020-04-11 13:58:17'),(133,7,193,3,'2020-04-11 13:58:17'),(134,60,64,3,'2020-04-11 13:58:17'),(135,161,6,3,'2020-04-11 13:58:17'),(136,45,98,4,'2020-04-11 13:58:17'),(137,171,35,2,'2020-04-11 13:58:17'),(138,50,135,3,'2020-04-11 13:58:17'),(139,53,77,1,'2020-04-11 13:58:17'),(140,107,144,1,'2020-04-11 13:58:17'),(141,169,58,4,'2020-04-11 13:58:17'),(142,142,200,4,'2020-04-11 13:58:17'),(143,97,175,4,'2020-04-11 13:58:17'),(144,158,90,4,'2020-04-11 13:58:17'),(145,188,75,1,'2020-04-11 13:58:17'),(146,41,14,3,'2020-04-11 13:58:17'),(147,105,194,2,'2020-04-11 13:58:17'),(148,25,135,4,'2020-04-11 13:58:17'),(149,89,165,4,'2020-04-11 13:58:17'),(150,88,68,2,'2020-04-11 13:58:17'),(151,87,45,4,'2020-04-11 13:58:17'),(152,164,106,1,'2020-04-11 13:58:17'),(153,84,164,4,'2020-04-11 13:58:17'),(154,43,38,2,'2020-04-11 13:58:17'),(155,47,42,2,'2020-04-11 13:58:17'),(156,90,56,1,'2020-04-11 13:58:17'),(157,6,39,4,'2020-04-11 13:58:17'),(158,187,187,4,'2020-04-11 13:58:17'),(159,158,174,4,'2020-04-11 13:58:17'),(160,30,45,3,'2020-04-11 13:58:17'),(161,18,91,1,'2020-04-11 13:58:17'),(162,192,31,4,'2020-04-11 13:58:17'),(163,177,144,4,'2020-04-11 13:58:17'),(164,164,150,2,'2020-04-11 13:58:17'),(165,113,117,1,'2020-04-11 13:58:17'),(166,100,52,4,'2020-04-11 13:58:17'),(167,15,150,3,'2020-04-11 13:58:17'),(168,100,56,4,'2020-04-11 13:58:17'),(169,58,26,4,'2020-04-11 13:58:17'),(170,127,146,3,'2020-04-11 13:58:17'),(171,93,181,1,'2020-04-11 13:58:17'),(172,4,10,1,'2020-04-11 13:58:17'),(173,12,38,3,'2020-04-11 13:58:17'),(174,76,99,2,'2020-04-11 13:58:17'),(175,75,110,3,'2020-04-11 13:58:17'),(176,139,45,1,'2020-04-11 13:58:17'),(177,154,59,1,'2020-04-11 13:58:17'),(178,18,134,1,'2020-04-11 13:58:17'),(179,37,190,1,'2020-04-11 13:58:17'),(180,6,94,1,'2020-04-11 13:58:17'),(181,3,56,2,'2020-04-11 13:58:17'),(182,186,100,3,'2020-04-11 13:58:17'),(183,43,95,3,'2020-04-11 13:58:17'),(184,104,159,2,'2020-04-11 13:58:17'),(185,110,100,4,'2020-04-11 13:58:17'),(186,199,94,2,'2020-04-11 13:58:17'),(187,146,117,3,'2020-04-11 13:58:17'),(188,80,112,3,'2020-04-11 13:58:17'),(189,21,88,4,'2020-04-11 13:58:17'),(190,50,29,4,'2020-04-11 13:58:17'),(191,186,113,1,'2020-04-11 13:58:17'),(192,150,37,3,'2020-04-11 13:58:17'),(193,142,76,4,'2020-04-11 13:58:17'),(194,116,200,1,'2020-04-11 13:58:17'),(195,42,103,4,'2020-04-11 13:58:17'),(196,93,64,1,'2020-04-11 13:58:17'),(197,114,189,1,'2020-04-11 13:58:17'),(198,29,157,2,'2020-04-11 13:58:17'),(199,186,89,2,'2020-04-11 13:58:17'),(200,88,168,4,'2020-04-11 13:58:17'),(201,112,69,1,'2020-04-11 13:58:17'),(202,194,155,4,'2020-04-11 13:58:17'),(203,66,30,3,'2020-04-11 13:58:17'),(204,112,113,1,'2020-04-11 13:58:17'),(205,84,49,4,'2020-04-11 13:58:17'),(206,145,86,4,'2020-04-11 13:58:17'),(207,81,72,3,'2020-04-11 13:58:17'),(208,194,99,3,'2020-04-11 13:58:17'),(209,10,78,4,'2020-04-11 13:58:17'),(210,192,113,4,'2020-04-11 13:58:17'),(211,5,23,2,'2020-04-11 13:58:17'),(212,18,127,4,'2020-04-11 13:58:17'),(213,1,42,1,'2020-04-11 13:58:17'),(214,128,197,4,'2020-04-11 13:58:17'),(215,175,196,2,'2020-04-11 13:58:17'),(216,79,58,2,'2020-04-11 13:58:17'),(217,123,73,4,'2020-04-11 13:58:17'),(218,136,39,4,'2020-04-11 13:58:17'),(219,42,38,2,'2020-04-11 13:58:17'),(220,47,44,2,'2020-04-11 13:58:17'),(221,2,8,1,'2020-04-11 13:58:17'),(222,141,98,2,'2020-04-11 13:58:17'),(223,58,169,2,'2020-04-11 13:58:17'),(224,108,162,2,'2020-04-11 13:58:17'),(225,130,141,3,'2020-04-11 13:58:17'),(226,55,185,4,'2020-04-11 13:58:17'),(227,62,72,4,'2020-04-11 13:58:17'),(228,96,57,4,'2020-04-11 13:58:17'),(229,36,98,4,'2020-04-11 13:58:17'),(230,77,192,3,'2020-04-11 13:58:17'),(231,171,121,2,'2020-04-11 13:58:17'),(232,94,14,4,'2020-04-11 13:58:17'),(233,97,126,3,'2020-04-11 13:58:17'),(234,161,129,4,'2020-04-11 13:58:17'),(235,153,29,2,'2020-04-11 13:58:17'),(236,58,199,1,'2020-04-11 13:58:17'),(237,197,198,4,'2020-04-11 13:58:17'),(238,127,145,3,'2020-04-11 13:58:17'),(239,66,3,1,'2020-04-11 13:58:17'),(240,21,188,2,'2020-04-11 13:58:17'),(241,96,141,1,'2020-04-11 13:58:17'),(242,129,64,3,'2020-04-11 13:58:17'),(243,126,93,2,'2020-04-11 13:58:17'),(244,29,199,3,'2020-04-11 13:58:17'),(245,51,72,1,'2020-04-11 13:58:17'),(246,149,54,1,'2020-04-11 13:58:17'),(247,177,54,3,'2020-04-11 13:58:17'),(248,10,25,2,'2020-04-11 13:58:17'),(249,83,71,3,'2020-04-11 13:58:17'),(250,56,165,2,'2020-04-11 13:58:17'),(251,192,3,1,'2020-04-11 13:58:17'),(252,11,110,3,'2020-04-11 13:58:17'),(253,46,83,2,'2020-04-11 13:58:17'),(254,100,87,3,'2020-04-11 13:58:17'),(255,137,149,3,'2020-04-11 13:58:17'),(256,6,154,4,'2020-04-11 13:58:17'),(257,115,132,3,'2020-04-11 13:58:17'),(258,156,153,2,'2020-04-11 13:58:17'),(259,184,128,2,'2020-04-11 13:58:17'),(260,123,91,2,'2020-04-11 13:58:17'),(261,3,148,3,'2020-04-11 13:58:17'),(262,183,167,2,'2020-04-11 13:58:17'),(263,141,80,4,'2020-04-11 13:58:17'),(264,98,119,2,'2020-04-11 13:58:17'),(265,161,139,1,'2020-04-11 13:58:17'),(266,18,129,4,'2020-04-11 13:58:17'),(267,98,116,2,'2020-04-11 13:58:17'),(268,162,61,1,'2020-04-11 13:58:17'),(269,150,35,3,'2020-04-11 13:58:17'),(270,7,6,1,'2020-04-11 13:58:17'),(271,100,182,1,'2020-04-11 13:58:17'),(272,133,126,1,'2020-04-11 13:58:17'),(273,11,72,3,'2020-04-11 13:58:17'),(274,26,144,1,'2020-04-11 13:58:17'),(275,60,173,2,'2020-04-11 13:58:17'),(276,66,163,1,'2020-04-11 13:58:17'),(277,29,107,1,'2020-04-11 13:58:17'),(278,143,171,1,'2020-04-11 13:58:17'),(279,46,21,4,'2020-04-11 13:58:17'),(280,7,108,3,'2020-04-11 13:58:17'),(281,125,178,3,'2020-04-11 13:58:17'),(282,77,157,4,'2020-04-11 13:58:17'),(283,68,28,3,'2020-04-11 13:58:17'),(284,70,173,2,'2020-04-11 13:58:17'),(285,162,154,2,'2020-04-11 13:58:17'),(286,199,109,3,'2020-04-11 13:58:17'),(287,54,25,4,'2020-04-11 13:58:17'),(288,79,31,3,'2020-04-11 13:58:17'),(289,20,199,3,'2020-04-11 13:58:17'),(290,23,118,3,'2020-04-11 13:58:17'),(291,154,48,4,'2020-04-11 13:58:17'),(292,101,73,2,'2020-04-11 13:58:17'),(293,18,70,2,'2020-04-11 13:58:17'),(294,96,116,2,'2020-04-11 13:58:17'),(295,11,36,3,'2020-04-11 13:58:17'),(296,173,46,3,'2020-04-11 13:58:17'),(297,95,120,3,'2020-04-11 13:58:17'),(298,103,98,4,'2020-04-11 13:58:17'),(299,121,184,4,'2020-04-11 13:58:17'),(300,93,52,4,'2020-04-11 13:58:17'),(301,116,6,2,'2020-04-11 13:58:17'),(302,121,196,1,'2020-04-11 13:58:17'),(303,14,175,1,'2020-04-11 13:58:17'),(304,31,50,4,'2020-04-11 13:58:17'),(305,33,119,2,'2020-04-11 13:58:17'),(306,111,125,2,'2020-04-11 13:58:17'),(307,128,116,4,'2020-04-11 13:58:17'),(308,14,179,2,'2020-04-11 13:58:17'),(309,168,67,1,'2020-04-11 13:58:17'),(310,60,51,2,'2020-04-11 13:58:17'),(311,5,64,3,'2020-04-11 13:58:17'),(312,196,196,4,'2020-04-11 13:58:17'),(313,187,184,4,'2020-04-11 13:58:17'),(314,81,1,4,'2020-04-11 13:58:17'),(315,58,164,1,'2020-04-11 13:58:17'),(316,84,187,2,'2020-04-11 13:58:17'),(317,84,12,1,'2020-04-11 13:58:17'),(318,51,123,2,'2020-04-11 13:58:17'),(319,91,25,1,'2020-04-11 13:58:17'),(320,8,99,2,'2020-04-11 13:58:17'),(321,39,97,4,'2020-04-11 13:58:17'),(322,7,36,4,'2020-04-11 13:58:17'),(323,60,16,3,'2020-04-11 13:58:17'),(324,54,93,3,'2020-04-11 13:58:17'),(325,109,79,2,'2020-04-11 13:58:17'),(326,47,90,3,'2020-04-11 13:58:17'),(327,40,196,2,'2020-04-11 13:58:17'),(328,50,187,4,'2020-04-11 13:58:17'),(329,106,70,1,'2020-04-11 13:58:17'),(330,140,9,1,'2020-04-11 13:58:17'),(331,129,63,3,'2020-04-11 13:58:17'),(332,159,115,2,'2020-04-11 13:58:17'),(333,33,177,4,'2020-04-11 13:58:17'),(334,70,129,1,'2020-04-11 13:58:17'),(335,107,124,2,'2020-04-11 13:58:17'),(336,175,110,1,'2020-04-11 13:58:17'),(337,34,180,4,'2020-04-11 13:58:17'),(338,190,91,2,'2020-04-11 13:58:17'),(339,54,19,3,'2020-04-11 13:58:17'),(340,25,92,4,'2020-04-11 13:58:17'),(341,149,153,3,'2020-04-11 13:58:17'),(342,175,125,2,'2020-04-11 13:58:17'),(343,130,178,2,'2020-04-11 13:58:17'),(344,89,164,4,'2020-04-11 13:58:17'),(345,154,25,2,'2020-04-11 13:58:17'),(346,109,81,2,'2020-04-11 13:58:17'),(347,80,136,1,'2020-04-11 13:58:17'),(348,144,59,2,'2020-04-11 13:58:17'),(349,58,101,3,'2020-04-11 13:58:17'),(350,152,167,4,'2020-04-11 13:58:17'),(351,35,75,2,'2020-04-11 13:58:17'),(352,18,6,4,'2020-04-11 13:58:17'),(353,72,71,3,'2020-04-11 13:58:17'),(354,70,24,3,'2020-04-11 13:58:17'),(355,17,23,2,'2020-04-11 13:58:17'),(356,145,84,4,'2020-04-11 13:58:17'),(357,85,170,4,'2020-04-11 13:58:17'),(358,19,83,4,'2020-04-11 13:58:17'),(359,191,53,2,'2020-04-11 13:58:17'),(360,161,121,3,'2020-04-11 13:58:17'),(361,98,63,1,'2020-04-11 13:58:17'),(362,131,196,4,'2020-04-11 13:58:17'),(363,77,119,4,'2020-04-11 13:58:17'),(364,189,11,2,'2020-04-11 13:58:17'),(365,107,77,2,'2020-04-11 13:58:17'),(366,171,143,4,'2020-04-11 13:58:17'),(367,43,146,4,'2020-04-11 13:58:17'),(368,84,11,1,'2020-04-11 13:58:17'),(369,147,74,3,'2020-04-11 13:58:17'),(370,100,121,3,'2020-04-11 13:58:17'),(371,16,96,1,'2020-04-11 13:58:17'),(372,111,144,4,'2020-04-11 13:58:17'),(373,77,24,2,'2020-04-11 13:58:17'),(374,147,85,4,'2020-04-11 13:58:17'),(375,43,176,3,'2020-04-11 13:58:17'),(376,199,10,2,'2020-04-11 13:58:17'),(377,130,135,2,'2020-04-11 13:58:17'),(378,167,173,4,'2020-04-11 13:58:17'),(379,132,148,3,'2020-04-11 13:58:17'),(380,11,60,2,'2020-04-11 13:58:17'),(381,123,39,1,'2020-04-11 13:58:17'),(382,156,79,3,'2020-04-11 13:58:17'),(383,99,84,3,'2020-04-11 13:58:17'),(384,25,93,4,'2020-04-11 13:58:17'),(385,156,1,3,'2020-04-11 13:58:17'),(386,20,91,4,'2020-04-11 13:58:17'),(387,190,79,1,'2020-04-11 13:58:17'),(388,8,145,3,'2020-04-11 13:58:17'),(389,176,116,1,'2020-04-11 13:58:17'),(390,118,130,2,'2020-04-11 13:58:17'),(391,97,90,4,'2020-04-11 13:58:17'),(392,142,16,2,'2020-04-11 13:58:17'),(393,129,150,4,'2020-04-11 13:58:17'),(394,40,96,4,'2020-04-11 13:58:17'),(395,193,55,2,'2020-04-11 13:58:17'),(396,11,169,1,'2020-04-11 13:58:17'),(397,23,150,2,'2020-04-11 13:58:17'),(398,200,21,3,'2020-04-11 13:58:17'),(399,77,86,4,'2020-04-11 13:58:17'),(400,53,98,3,'2020-04-11 13:58:17'),(401,7,94,1,'2020-04-11 13:58:17'),(402,55,165,2,'2020-04-11 13:58:17'),(403,170,31,1,'2020-04-11 13:58:17'),(404,68,142,3,'2020-04-11 13:58:17'),(405,95,133,4,'2020-04-11 13:58:17'),(406,164,88,3,'2020-04-11 13:58:17'),(407,132,116,4,'2020-04-11 13:58:17'),(408,181,198,1,'2020-04-11 13:58:17'),(409,131,53,2,'2020-04-11 13:58:17'),(410,7,92,1,'2020-04-11 13:58:17'),(411,40,50,3,'2020-04-11 13:58:17'),(412,71,143,2,'2020-04-11 13:58:17'),(413,116,99,3,'2020-04-11 13:58:17'),(414,180,176,3,'2020-04-11 13:58:17'),(415,200,119,4,'2020-04-11 13:58:17'),(416,121,87,2,'2020-04-11 13:58:17'),(417,99,3,3,'2020-04-11 13:58:17'),(418,182,35,1,'2020-04-11 13:58:17'),(419,72,96,2,'2020-04-11 13:58:17'),(420,63,124,1,'2020-04-11 13:58:17'),(421,38,45,3,'2020-04-11 13:58:17'),(422,23,126,4,'2020-04-11 13:58:17'),(423,29,37,3,'2020-04-11 13:58:17'),(424,45,165,2,'2020-04-11 13:58:17'),(425,99,178,4,'2020-04-11 13:58:17'),(426,60,118,1,'2020-04-11 13:58:17'),(427,39,195,2,'2020-04-11 13:58:17'),(428,188,75,1,'2020-04-11 13:58:17'),(429,184,96,3,'2020-04-11 13:58:17'),(430,177,39,2,'2020-04-11 13:58:17'),(431,175,68,1,'2020-04-11 13:58:17'),(432,52,100,3,'2020-04-11 13:58:17'),(433,165,160,3,'2020-04-11 13:58:17'),(434,197,2,1,'2020-04-11 13:58:17'),(435,95,89,4,'2020-04-11 13:58:17'),(436,58,62,3,'2020-04-11 13:58:17'),(437,102,136,4,'2020-04-11 13:58:17'),(438,26,60,1,'2020-04-11 13:58:17'),(439,21,58,1,'2020-04-11 13:58:17'),(440,96,31,2,'2020-04-11 13:58:17'),(441,29,61,1,'2020-04-11 13:58:17'),(442,106,74,2,'2020-04-11 13:58:17'),(443,134,76,4,'2020-04-11 13:58:17'),(444,96,82,3,'2020-04-11 13:58:17'),(445,73,65,3,'2020-04-11 13:58:17'),(446,198,137,2,'2020-04-11 13:58:17'),(447,175,119,2,'2020-04-11 13:58:17'),(448,122,132,2,'2020-04-11 13:58:17'),(449,124,91,2,'2020-04-11 13:58:17'),(450,104,37,2,'2020-04-11 13:58:17'),(451,101,27,1,'2020-04-11 13:58:17'),(452,126,116,4,'2020-04-11 13:58:17'),(453,109,167,3,'2020-04-11 13:58:17'),(454,53,149,4,'2020-04-11 13:58:17'),(455,12,57,1,'2020-04-11 13:58:17'),(456,26,190,2,'2020-04-11 13:58:17'),(457,104,40,2,'2020-04-11 13:58:17'),(458,42,120,2,'2020-04-11 13:58:17'),(459,100,127,3,'2020-04-11 13:58:17'),(460,164,12,4,'2020-04-11 13:58:17'),(461,195,156,4,'2020-04-11 13:58:17'),(462,181,189,1,'2020-04-11 13:58:17'),(463,96,49,4,'2020-04-11 13:58:17'),(464,194,120,1,'2020-04-11 13:58:17'),(465,50,43,2,'2020-04-11 13:58:17'),(466,7,55,2,'2020-04-11 13:58:17'),(467,169,162,3,'2020-04-11 13:58:17'),(468,140,26,3,'2020-04-11 13:58:17'),(469,33,185,1,'2020-04-11 13:58:17'),(470,34,13,4,'2020-04-11 13:58:17'),(471,198,9,1,'2020-04-11 13:58:17'),(472,176,156,2,'2020-04-11 13:58:17'),(473,78,142,2,'2020-04-11 13:58:17'),(474,7,43,4,'2020-04-11 13:58:17'),(475,155,141,1,'2020-04-11 13:58:17'),(476,41,41,2,'2020-04-11 13:58:17'),(477,162,153,2,'2020-04-11 13:58:17'),(478,135,49,1,'2020-04-11 13:58:17'),(479,162,17,4,'2020-04-11 13:58:17'),(480,161,200,3,'2020-04-11 13:58:17'),(481,94,5,3,'2020-04-11 13:58:17'),(482,171,1,2,'2020-04-11 13:58:17'),(483,146,41,4,'2020-04-11 13:58:17'),(484,36,26,1,'2020-04-11 13:58:17'),(485,160,84,3,'2020-04-11 13:58:17'),(486,106,168,3,'2020-04-11 13:58:17'),(487,150,44,4,'2020-04-11 13:58:17'),(488,162,94,4,'2020-04-11 13:58:17'),(489,13,37,3,'2020-04-11 13:58:17'),(490,22,28,2,'2020-04-11 13:58:17'),(491,73,101,2,'2020-04-11 13:58:17'),(492,100,150,2,'2020-04-11 13:58:17'),(493,47,56,3,'2020-04-11 13:58:17'),(494,80,152,3,'2020-04-11 13:58:17'),(495,190,143,3,'2020-04-11 13:58:17'),(496,194,168,2,'2020-04-11 13:58:17'),(497,6,172,1,'2020-04-11 13:58:17'),(498,17,197,3,'2020-04-11 13:58:17'),(499,42,63,4,'2020-04-11 13:58:17'),(500,91,182,1,'2020-04-11 13:58:17'),(501,93,37,3,'2020-04-11 13:58:17'),(502,177,131,3,'2020-04-11 13:58:17'),(503,93,60,1,'2020-04-11 13:58:17'),(504,164,170,4,'2020-04-11 13:58:17'),(505,65,6,1,'2020-04-11 13:58:17'),(506,51,136,3,'2020-04-11 13:58:17'),(507,139,35,4,'2020-04-11 13:58:17'),(508,158,4,3,'2020-04-11 13:58:17'),(509,140,33,3,'2020-04-11 13:58:17'),(510,124,156,1,'2020-04-11 13:58:17'),(511,24,168,4,'2020-04-11 13:58:17'),(512,190,180,3,'2020-04-11 13:58:17'),(513,128,53,2,'2020-04-11 13:58:17'),(514,7,10,1,'2020-04-11 13:58:17'),(515,108,174,3,'2020-04-11 13:58:17'),(516,178,60,4,'2020-04-11 13:58:17'),(517,123,56,3,'2020-04-11 13:58:17'),(518,183,192,1,'2020-04-11 13:58:17'),(519,50,33,1,'2020-04-11 13:58:17'),(520,93,14,4,'2020-04-11 13:58:17'),(521,146,66,2,'2020-04-11 13:58:17'),(522,36,42,3,'2020-04-11 13:58:17'),(523,27,143,1,'2020-04-11 13:58:17'),(524,82,89,1,'2020-04-11 13:58:17'),(525,13,121,4,'2020-04-11 13:58:17'),(526,110,69,1,'2020-04-11 13:58:17'),(527,159,27,2,'2020-04-11 13:58:17'),(528,70,102,3,'2020-04-11 13:58:17'),(529,37,152,1,'2020-04-11 13:58:17'),(530,109,194,1,'2020-04-11 13:58:17'),(531,65,36,4,'2020-04-11 13:58:17'),(532,63,109,4,'2020-04-11 13:58:17'),(533,162,124,3,'2020-04-11 13:58:17'),(534,77,57,2,'2020-04-11 13:58:17'),(535,10,51,1,'2020-04-11 13:58:17'),(536,91,43,3,'2020-04-11 13:58:17'),(537,182,26,4,'2020-04-11 13:58:17'),(538,7,94,1,'2020-04-11 13:58:17'),(539,190,49,2,'2020-04-11 13:58:17'),(540,189,167,2,'2020-04-11 13:58:17'),(541,61,200,1,'2020-04-11 13:58:17'),(542,143,15,1,'2020-04-11 13:58:17'),(543,152,103,2,'2020-04-11 13:58:17'),(544,168,43,3,'2020-04-11 13:58:17'),(545,11,11,1,'2020-04-11 13:58:17'),(546,34,103,1,'2020-04-11 13:58:17'),(547,180,15,3,'2020-04-11 13:58:17'),(548,81,44,4,'2020-04-11 13:58:17'),(549,61,79,1,'2020-04-11 13:58:17'),(550,190,12,2,'2020-04-11 13:58:17'),(551,186,115,1,'2020-04-11 13:58:17'),(552,132,44,1,'2020-04-11 13:58:17'),(553,103,36,2,'2020-04-11 13:58:17'),(554,46,91,3,'2020-04-11 13:58:17'),(555,84,65,2,'2020-04-11 13:58:17'),(556,80,90,1,'2020-04-11 13:58:17'),(557,63,51,2,'2020-04-11 13:58:17'),(558,108,79,2,'2020-04-11 13:58:17'),(559,46,22,4,'2020-04-11 13:58:17'),(560,111,182,4,'2020-04-11 13:58:17'),(561,177,140,4,'2020-04-11 13:58:17'),(562,108,106,1,'2020-04-11 13:58:17'),(563,99,47,3,'2020-04-11 13:58:17'),(564,13,86,4,'2020-04-11 13:58:17'),(565,146,27,2,'2020-04-11 13:58:17'),(566,68,42,1,'2020-04-11 13:58:17'),(567,131,4,1,'2020-04-11 13:58:17'),(568,155,97,1,'2020-04-11 13:58:17'),(569,18,91,1,'2020-04-11 13:58:17'),(570,200,96,2,'2020-04-11 13:58:17'),(571,110,184,4,'2020-04-11 13:58:17'),(572,77,65,2,'2020-04-11 13:58:17'),(573,126,96,3,'2020-04-11 13:58:17'),(574,57,158,1,'2020-04-11 13:58:17'),(575,137,77,4,'2020-04-11 13:58:17'),(576,177,19,4,'2020-04-11 13:58:17'),(577,39,156,2,'2020-04-11 13:58:17'),(578,155,7,4,'2020-04-11 13:58:17'),(579,92,61,1,'2020-04-11 13:58:17'),(580,185,10,2,'2020-04-11 13:58:17'),(581,104,105,1,'2020-04-11 13:58:17'),(582,9,43,4,'2020-04-11 13:58:17'),(583,26,105,1,'2020-04-11 13:58:17'),(584,98,74,2,'2020-04-11 13:58:17'),(585,184,168,2,'2020-04-11 13:58:17'),(586,4,111,3,'2020-04-11 13:58:17'),(587,19,61,1,'2020-04-11 13:58:17'),(588,195,180,3,'2020-04-11 13:58:17'),(589,61,170,2,'2020-04-11 13:58:17'),(590,135,174,2,'2020-04-11 13:58:17'),(591,179,49,3,'2020-04-11 13:58:17'),(592,112,139,4,'2020-04-11 13:58:17'),(593,48,167,2,'2020-04-11 13:58:17'),(594,122,68,4,'2020-04-11 13:58:17'),(595,91,96,1,'2020-04-11 13:58:17'),(596,55,138,3,'2020-04-11 13:58:17'),(597,5,109,3,'2020-04-11 13:58:17'),(598,102,125,3,'2020-04-11 13:58:17'),(599,123,115,1,'2020-04-11 13:58:17'),(600,93,79,3,'2020-04-11 13:58:17'),(601,119,131,2,'2020-04-11 13:58:17'),(602,135,10,1,'2020-04-11 13:58:17'),(603,112,120,2,'2020-04-11 13:58:17'),(604,165,18,4,'2020-04-11 13:58:17'),(605,114,29,1,'2020-04-11 13:58:17'),(606,82,135,1,'2020-04-11 13:58:17'),(607,21,168,4,'2020-04-11 13:58:17'),(608,51,23,4,'2020-04-11 13:58:17'),(609,6,76,4,'2020-04-11 13:58:17'),(610,45,90,3,'2020-04-11 13:58:17'),(611,44,36,1,'2020-04-11 13:58:17'),(612,67,191,4,'2020-04-11 13:58:17'),(613,197,176,2,'2020-04-11 13:58:17'),(614,127,96,2,'2020-04-11 13:58:17'),(615,2,92,2,'2020-04-11 13:58:17'),(616,170,150,1,'2020-04-11 13:58:17'),(617,3,194,4,'2020-04-11 13:58:17'),(618,31,42,3,'2020-04-11 13:58:17'),(619,95,3,3,'2020-04-11 13:58:17'),(620,180,195,1,'2020-04-11 13:58:17'),(621,72,77,4,'2020-04-11 13:58:17'),(622,33,45,3,'2020-04-11 13:58:17'),(623,16,1,4,'2020-04-11 13:58:17'),(624,43,154,1,'2020-04-11 13:58:17'),(625,149,16,1,'2020-04-11 13:58:17'),(626,104,134,4,'2020-04-11 13:58:17'),(627,38,117,2,'2020-04-11 13:58:17'),(628,78,157,4,'2020-04-11 13:58:17'),(629,153,74,3,'2020-04-11 13:58:17'),(630,34,195,2,'2020-04-11 13:58:17'),(631,102,64,1,'2020-04-11 13:58:17'),(632,57,87,2,'2020-04-11 13:58:17'),(633,198,49,2,'2020-04-11 13:58:17'),(634,78,106,2,'2020-04-11 13:58:17'),(635,12,158,4,'2020-04-11 13:58:17'),(636,153,25,2,'2020-04-11 13:58:17'),(637,188,5,2,'2020-04-11 13:58:17'),(638,42,135,3,'2020-04-11 13:58:17'),(639,45,11,3,'2020-04-11 13:58:17'),(640,90,73,2,'2020-04-11 13:58:17'),(641,68,193,4,'2020-04-11 13:58:17'),(642,53,116,1,'2020-04-11 13:58:17'),(643,186,153,1,'2020-04-11 13:58:17'),(644,128,97,2,'2020-04-11 13:58:17'),(645,98,27,1,'2020-04-11 13:58:17'),(646,84,167,4,'2020-04-11 13:58:17'),(647,68,14,2,'2020-04-11 13:58:17'),(648,184,45,2,'2020-04-11 13:58:17'),(649,10,50,1,'2020-04-11 13:58:17'),(650,102,165,3,'2020-04-11 13:58:17'),(651,127,156,4,'2020-04-11 13:58:17'),(652,131,189,3,'2020-04-11 13:58:17'),(653,2,11,1,'2020-04-11 13:58:17'),(654,115,67,4,'2020-04-11 13:58:17'),(655,137,82,4,'2020-04-11 13:58:17'),(656,131,34,4,'2020-04-11 13:58:17'),(657,11,35,3,'2020-04-11 13:58:17'),(658,149,64,2,'2020-04-11 13:58:17'),(659,193,195,4,'2020-04-11 13:58:17'),(660,180,145,4,'2020-04-11 13:58:17'),(661,136,160,4,'2020-04-11 13:58:17'),(662,163,145,1,'2020-04-11 13:58:17'),(663,76,8,1,'2020-04-11 13:58:17'),(664,63,163,1,'2020-04-11 13:58:17'),(665,17,182,2,'2020-04-11 13:58:17'),(666,117,182,4,'2020-04-11 13:58:17'),(667,43,100,4,'2020-04-11 13:58:17'),(668,64,22,3,'2020-04-11 13:58:17'),(669,104,136,4,'2020-04-11 13:58:17'),(670,164,139,1,'2020-04-11 13:58:17'),(671,146,41,4,'2020-04-11 13:58:17'),(672,18,30,2,'2020-04-11 13:58:17'),(673,142,70,3,'2020-04-11 13:58:17'),(674,151,53,1,'2020-04-11 13:58:17'),(675,145,69,3,'2020-04-11 13:58:17'),(676,24,92,4,'2020-04-11 13:58:17'),(677,67,75,4,'2020-04-11 13:58:17'),(678,84,148,2,'2020-04-11 13:58:17'),(679,148,1,4,'2020-04-11 13:58:17'),(680,170,173,4,'2020-04-11 13:58:17'),(681,138,42,4,'2020-04-11 13:58:17'),(682,18,134,1,'2020-04-11 13:58:17'),(683,18,63,2,'2020-04-11 13:58:17'),(684,13,150,3,'2020-04-11 13:58:17'),(685,146,74,3,'2020-04-11 13:58:17'),(686,148,30,3,'2020-04-11 13:58:17'),(687,2,41,4,'2020-04-11 13:58:17'),(688,136,23,3,'2020-04-11 13:58:17'),(689,19,138,1,'2020-04-11 13:58:17'),(690,149,65,2,'2020-04-11 13:58:17'),(691,176,58,4,'2020-04-11 13:58:17'),(692,198,200,1,'2020-04-11 13:58:17'),(693,179,48,3,'2020-04-11 13:58:17'),(694,36,131,3,'2020-04-11 13:58:17'),(695,194,157,1,'2020-04-11 13:58:17'),(696,94,130,4,'2020-04-11 13:58:17'),(697,163,86,3,'2020-04-11 13:58:17'),(698,85,71,3,'2020-04-11 13:58:17'),(699,17,133,1,'2020-04-11 13:58:17'),(700,54,186,4,'2020-04-11 13:58:17'),(701,181,175,3,'2020-04-11 13:58:17'),(702,149,122,4,'2020-04-11 13:58:17'),(703,109,114,1,'2020-04-11 13:58:17'),(704,48,120,2,'2020-04-11 13:58:17'),(705,193,26,3,'2020-04-11 13:58:17'),(706,170,24,1,'2020-04-11 13:58:17'),(707,6,133,1,'2020-04-11 13:58:17'),(708,25,185,2,'2020-04-11 13:58:17'),(709,93,78,3,'2020-04-11 13:58:17'),(710,108,43,2,'2020-04-11 13:58:17'),(711,96,17,4,'2020-04-11 13:58:17'),(712,200,105,3,'2020-04-11 13:58:17'),(713,28,194,2,'2020-04-11 13:58:17'),(714,173,45,3,'2020-04-11 13:58:17'),(715,86,174,1,'2020-04-11 13:58:17'),(716,130,116,4,'2020-04-11 13:58:17'),(717,54,164,2,'2020-04-11 13:58:17'),(718,173,40,2,'2020-04-11 13:58:17'),(719,20,189,2,'2020-04-11 13:58:17'),(720,179,93,3,'2020-04-11 13:58:17'),(721,59,161,1,'2020-04-11 13:58:17'),(722,182,9,2,'2020-04-11 13:58:17'),(723,14,77,3,'2020-04-11 13:58:17'),(724,16,105,2,'2020-04-11 13:58:17'),(725,140,9,1,'2020-04-11 13:58:17'),(726,148,85,4,'2020-04-11 13:58:17'),(727,88,13,4,'2020-04-11 13:58:17'),(728,109,84,2,'2020-04-11 13:58:17'),(729,98,14,4,'2020-04-11 13:58:17'),(730,66,179,2,'2020-04-11 13:58:17'),(731,77,85,4,'2020-04-11 13:58:17'),(732,46,10,3,'2020-04-11 13:58:17'),(733,5,152,3,'2020-04-11 13:58:17'),(734,111,17,4,'2020-04-11 13:58:17'),(735,17,30,2,'2020-04-11 13:58:17'),(736,15,125,4,'2020-04-11 13:58:17'),(737,49,91,3,'2020-04-11 13:58:17'),(738,167,66,1,'2020-04-11 13:58:17'),(739,195,89,2,'2020-04-11 13:58:17'),(740,166,79,2,'2020-04-11 13:58:17'),(741,49,183,4,'2020-04-11 13:58:17'),(742,134,118,4,'2020-04-11 13:58:17'),(743,200,10,1,'2020-04-11 13:58:17'),(744,41,177,4,'2020-04-11 13:58:17'),(745,196,88,2,'2020-04-11 13:58:17'),(746,151,100,1,'2020-04-11 13:58:17'),(747,5,58,2,'2020-04-11 13:58:17'),(748,132,65,3,'2020-04-11 13:58:17'),(749,42,164,2,'2020-04-11 13:58:17'),(750,155,180,1,'2020-04-11 13:58:17'),(751,196,114,4,'2020-04-11 13:58:17'),(752,140,65,3,'2020-04-11 13:58:17'),(753,39,77,2,'2020-04-11 13:58:17'),(754,124,144,3,'2020-04-11 13:58:17'),(755,92,200,3,'2020-04-11 13:58:17'),(756,138,84,1,'2020-04-11 13:58:17'),(757,34,45,3,'2020-04-11 13:58:17'),(758,60,11,2,'2020-04-11 13:58:17'),(759,17,64,2,'2020-04-11 13:58:17'),(760,143,149,3,'2020-04-11 13:58:17'),(761,134,69,3,'2020-04-11 13:58:17'),(762,136,148,3,'2020-04-11 13:58:17'),(763,70,100,2,'2020-04-11 13:58:17'),(764,13,59,2,'2020-04-11 13:58:17'),(765,182,193,1,'2020-04-11 13:58:17'),(766,171,93,3,'2020-04-11 13:58:17'),(767,29,8,4,'2020-04-11 13:58:17'),(768,88,10,4,'2020-04-11 13:58:17'),(769,57,137,3,'2020-04-11 13:58:17'),(770,132,25,3,'2020-04-11 13:58:17'),(771,20,114,3,'2020-04-11 13:58:17'),(772,87,148,2,'2020-04-11 13:58:17'),(773,72,99,2,'2020-04-11 13:58:17'),(774,8,67,3,'2020-04-11 13:58:17'),(775,135,133,2,'2020-04-11 13:58:17'),(776,45,158,2,'2020-04-11 13:58:17'),(777,196,24,3,'2020-04-11 13:58:17'),(778,122,74,1,'2020-04-11 13:58:17'),(779,2,194,4,'2020-04-11 13:58:17'),(780,13,12,1,'2020-04-11 13:58:17'),(781,116,100,4,'2020-04-11 13:58:17'),(782,28,58,1,'2020-04-11 13:58:17'),(783,139,172,1,'2020-04-11 13:58:17'),(784,167,23,1,'2020-04-11 13:58:17'),(785,128,110,4,'2020-04-11 13:58:17'),(786,189,29,4,'2020-04-11 13:58:17'),(787,9,156,4,'2020-04-11 13:58:17'),(788,118,4,2,'2020-04-11 13:58:17'),(789,48,153,1,'2020-04-11 13:58:17'),(790,73,35,4,'2020-04-11 13:58:17'),(791,28,88,4,'2020-04-11 13:58:17'),(792,131,99,3,'2020-04-11 13:58:17'),(793,170,25,1,'2020-04-11 13:58:17'),(794,72,128,1,'2020-04-11 13:58:17'),(795,42,23,4,'2020-04-11 13:58:17'),(796,148,156,3,'2020-04-11 13:58:17'),(797,12,135,1,'2020-04-11 13:58:17'),(798,154,143,2,'2020-04-11 13:58:17'),(799,78,139,2,'2020-04-11 13:58:17'),(800,131,53,2,'2020-04-11 13:58:17'),(801,135,18,2,'2020-04-11 13:58:17'),(802,137,3,4,'2020-04-11 13:58:17'),(803,121,52,2,'2020-04-11 13:58:17'),(804,86,76,3,'2020-04-11 13:58:17'),(805,34,145,1,'2020-04-11 13:58:17'),(806,182,141,4,'2020-04-11 13:58:17'),(807,146,95,1,'2020-04-11 13:58:17'),(808,125,85,1,'2020-04-11 13:58:17'),(809,183,168,2,'2020-04-11 13:58:17'),(810,98,194,2,'2020-04-11 13:58:17'),(811,124,121,1,'2020-04-11 13:58:17'),(812,105,142,4,'2020-04-11 13:58:17'),(813,138,163,1,'2020-04-11 13:58:17'),(814,197,170,2,'2020-04-11 13:58:17'),(815,141,37,4,'2020-04-11 13:58:17'),(816,96,172,4,'2020-04-11 13:58:17'),(817,68,95,2,'2020-04-11 13:58:17'),(818,97,115,2,'2020-04-11 13:58:17'),(819,111,197,2,'2020-04-11 13:58:17'),(820,57,163,1,'2020-04-11 13:58:17'),(821,17,21,1,'2020-04-11 13:58:17'),(822,114,104,4,'2020-04-11 13:58:17'),(823,47,49,3,'2020-04-11 13:58:17'),(824,199,166,1,'2020-04-11 13:58:17'),(825,27,35,2,'2020-04-11 13:58:17'),(826,110,86,3,'2020-04-11 13:58:17'),(827,121,139,3,'2020-04-11 13:58:17'),(828,31,41,3,'2020-04-11 13:58:17'),(829,16,169,4,'2020-04-11 13:58:17'),(830,162,65,1,'2020-04-11 13:58:17'),(831,133,71,4,'2020-04-11 13:58:17'),(832,176,153,1,'2020-04-11 13:58:17'),(833,163,111,2,'2020-04-11 13:58:17'),(834,48,25,4,'2020-04-11 13:58:17'),(835,78,119,4,'2020-04-11 13:58:17'),(836,179,154,1,'2020-04-11 13:58:17'),(837,110,167,3,'2020-04-11 13:58:17'),(838,134,81,1,'2020-04-11 13:58:17'),(839,168,64,1,'2020-04-11 13:58:17'),(840,50,141,4,'2020-04-11 13:58:17'),(841,76,141,2,'2020-04-11 13:58:17'),(842,178,116,1,'2020-04-11 13:58:17'),(843,8,200,4,'2020-04-11 13:58:17'),(844,152,121,3,'2020-04-11 13:58:17'),(845,85,40,3,'2020-04-11 13:58:17'),(846,86,140,1,'2020-04-11 13:58:17'),(847,187,107,4,'2020-04-11 13:58:17'),(848,161,176,4,'2020-04-11 13:58:17'),(849,76,111,3,'2020-04-11 13:58:17'),(850,72,79,4,'2020-04-11 13:58:17'),(851,172,40,2,'2020-04-11 13:58:17'),(852,140,109,3,'2020-04-11 13:58:17'),(853,54,69,4,'2020-04-11 13:58:17'),(854,62,17,2,'2020-04-11 13:58:17'),(855,175,124,2,'2020-04-11 13:58:17'),(856,128,149,4,'2020-04-11 13:58:17'),(857,110,172,3,'2020-04-11 13:58:17'),(858,42,191,1,'2020-04-11 13:58:17'),(859,174,66,1,'2020-04-11 13:58:17'),(860,90,51,4,'2020-04-11 13:58:17'),(861,76,124,4,'2020-04-11 13:58:17'),(862,191,154,4,'2020-04-11 13:58:17'),(863,10,46,4,'2020-04-11 13:58:17'),(864,164,35,2,'2020-04-11 13:58:17'),(865,101,8,3,'2020-04-11 13:58:17'),(866,98,131,4,'2020-04-11 13:58:17'),(867,63,123,1,'2020-04-11 13:58:17'),(868,13,164,4,'2020-04-11 13:58:17'),(869,103,199,2,'2020-04-11 13:58:17'),(870,43,31,1,'2020-04-11 13:58:17'),(871,51,123,2,'2020-04-11 13:58:17'),(872,185,152,1,'2020-04-11 13:58:17'),(873,58,160,1,'2020-04-11 13:58:17'),(874,34,190,1,'2020-04-11 13:58:17'),(875,136,86,1,'2020-04-11 13:58:17'),(876,149,163,4,'2020-04-11 13:58:17'),(877,97,130,4,'2020-04-11 13:58:17'),(878,106,34,1,'2020-04-11 13:58:17'),(879,162,124,3,'2020-04-11 13:58:17'),(880,188,14,3,'2020-04-11 13:58:17'),(881,91,33,2,'2020-04-11 13:58:17'),(882,186,151,4,'2020-04-11 13:58:17'),(883,60,77,1,'2020-04-11 13:58:17'),(884,157,111,2,'2020-04-11 13:58:17'),(885,68,91,1,'2020-04-11 13:58:17'),(886,185,91,3,'2020-04-11 13:58:17'),(887,179,87,2,'2020-04-11 13:58:17'),(888,56,184,3,'2020-04-11 13:58:17'),(889,81,34,3,'2020-04-11 13:58:17'),(890,141,5,1,'2020-04-11 13:58:17'),(891,87,184,2,'2020-04-11 13:58:17'),(892,58,154,4,'2020-04-11 13:58:17'),(893,136,62,3,'2020-04-11 13:58:17'),(894,143,143,2,'2020-04-11 13:58:17'),(895,113,131,3,'2020-04-11 13:58:17'),(896,173,109,1,'2020-04-11 13:58:17'),(897,94,148,2,'2020-04-11 13:58:17'),(898,9,15,1,'2020-04-11 13:58:17'),(899,137,163,1,'2020-04-11 13:58:17'),(900,92,57,1,'2020-04-11 13:58:17'),(901,150,93,1,'2020-04-11 13:58:17'),(902,197,146,3,'2020-04-11 13:58:17'),(903,178,138,4,'2020-04-11 13:58:17'),(904,96,19,1,'2020-04-11 13:58:17'),(905,127,31,4,'2020-04-11 13:58:17'),(906,95,25,1,'2020-04-11 13:58:17'),(907,4,7,1,'2020-04-11 13:58:17'),(908,157,142,1,'2020-04-11 13:58:17'),(909,198,161,1,'2020-04-11 13:58:17'),(910,145,46,4,'2020-04-11 13:58:17'),(911,164,17,4,'2020-04-11 13:58:17'),(912,100,124,3,'2020-04-11 13:58:17'),(913,136,65,3,'2020-04-11 13:58:17'),(914,9,141,2,'2020-04-11 13:58:17'),(915,42,113,1,'2020-04-11 13:58:17'),(916,170,176,4,'2020-04-11 13:58:17'),(917,100,28,1,'2020-04-11 13:58:17'),(918,80,30,3,'2020-04-11 13:58:17'),(919,144,191,3,'2020-04-11 13:58:17'),(920,140,16,2,'2020-04-11 13:58:17'),(921,143,55,1,'2020-04-11 13:58:17'),(922,165,97,4,'2020-04-11 13:58:17'),(923,105,39,2,'2020-04-11 13:58:17'),(924,57,166,2,'2020-04-11 13:58:17'),(925,106,77,2,'2020-04-11 13:58:17'),(926,67,133,2,'2020-04-11 13:58:17'),(927,125,36,1,'2020-04-11 13:58:17'),(928,65,200,1,'2020-04-11 13:58:17'),(929,46,125,2,'2020-04-11 13:58:17'),(930,96,91,4,'2020-04-11 13:58:17'),(931,114,70,1,'2020-04-11 13:58:17'),(932,15,199,3,'2020-04-11 13:58:17'),(933,51,177,3,'2020-04-11 13:58:17'),(934,115,70,1,'2020-04-11 13:58:17'),(935,127,40,1,'2020-04-11 13:58:17'),(936,149,73,3,'2020-04-11 13:58:17'),(937,170,174,4,'2020-04-11 13:58:17'),(938,50,47,2,'2020-04-11 13:58:17'),(939,60,102,3,'2020-04-11 13:58:17'),(940,81,182,2,'2020-04-11 13:58:17'),(941,112,146,4,'2020-04-11 13:58:17'),(942,135,123,1,'2020-04-11 13:58:17'),(943,121,89,2,'2020-04-11 13:58:17'),(944,187,190,4,'2020-04-11 13:58:17'),(945,166,197,2,'2020-04-11 13:58:17'),(946,122,194,1,'2020-04-11 13:58:17'),(947,136,93,2,'2020-04-11 13:58:17'),(948,148,109,3,'2020-04-11 13:58:17'),(949,3,88,1,'2020-04-11 13:58:17'),(950,51,131,2,'2020-04-11 13:58:17'),(951,34,34,2,'2020-04-11 13:58:17'),(952,28,135,4,'2020-04-11 13:58:17'),(953,51,3,2,'2020-04-11 13:58:17'),(954,78,29,3,'2020-04-11 13:58:17'),(955,116,87,2,'2020-04-11 13:58:17'),(956,150,37,3,'2020-04-11 13:58:17'),(957,97,158,2,'2020-04-11 13:58:17'),(958,15,6,4,'2020-04-11 13:58:17'),(959,195,170,2,'2020-04-11 13:58:17'),(960,58,70,4,'2020-04-11 13:58:17'),(961,141,157,4,'2020-04-11 13:58:17'),(962,17,190,2,'2020-04-11 13:58:17'),(963,161,35,2,'2020-04-11 13:58:17'),(964,181,141,4,'2020-04-11 13:58:17'),(965,70,81,4,'2020-04-11 13:58:17'),(966,48,174,3,'2020-04-11 13:58:17'),(967,195,125,1,'2020-04-11 13:58:17'),(968,196,35,4,'2020-04-11 13:58:17'),(969,80,170,1,'2020-04-11 13:58:17'),(970,113,179,4,'2020-04-11 13:58:17'),(971,199,98,2,'2020-04-11 13:58:17'),(972,37,125,3,'2020-04-11 13:58:17'),(973,189,175,3,'2020-04-11 13:58:17'),(974,146,64,2,'2020-04-11 13:58:17'),(975,7,96,2,'2020-04-11 13:58:17'),(976,195,101,3,'2020-04-11 13:58:17'),(977,97,135,4,'2020-04-11 13:58:17'),(978,17,105,2,'2020-04-11 13:58:17'),(979,177,178,4,'2020-04-11 13:58:17'),(980,179,108,1,'2020-04-11 13:58:17'),(981,68,59,2,'2020-04-11 13:58:17'),(982,22,19,1,'2020-04-11 13:58:17'),(983,71,122,4,'2020-04-11 13:58:17'),(984,110,102,4,'2020-04-11 13:58:17'),(985,34,22,1,'2020-04-11 13:58:17'),(986,177,196,1,'2020-04-11 13:58:17'),(987,52,71,4,'2020-04-11 13:58:17'),(988,10,63,2,'2020-04-11 13:58:17'),(989,183,118,1,'2020-04-11 13:58:17'),(990,105,191,1,'2020-04-11 13:58:17'),(991,67,123,1,'2020-04-11 13:58:17'),(992,101,151,1,'2020-04-11 13:58:17'),(993,100,113,2,'2020-04-11 13:58:17'),(994,55,66,4,'2020-04-11 13:58:17'),(995,106,158,2,'2020-04-11 13:58:17'),(996,37,21,4,'2020-04-11 13:58:17'),(997,17,175,1,'2020-04-11 13:58:17'),(998,93,31,2,'2020-04-11 13:58:17'),(999,159,170,4,'2020-04-11 13:58:17'),(1000,145,162,4,'2020-04-11 13:58:17');
/*!40000 ALTER TABLE `likes` ENABLE KEYS */;
UNLOCK TABLES;

--
-- Table structure for table `media`
--

DROP TABLE IF EXISTS `media`;
/*!40101 SET @saved_cs_client     = @@character_set_client */;
/*!50503 SET character_set_client = utf8mb4 */;
CREATE TABLE `media` (
  `id` int unsigned NOT NULL AUTO_INCREMENT,
  `media_type_id` int unsigned NOT NULL,
  `user_id` int unsigned NOT NULL,
  `file_path` varchar(255) CHARACTER SET utf8 COLLATE utf8_unicode_ci NOT NULL,
  `size` int NOT NULL,
  `metadata` json DEFAULT NULL,
  `created_at` datetime DEFAULT CURRENT_TIMESTAMP,
  `updated_at` datetime DEFAULT CURRENT_TIMESTAMP ON UPDATE CURRENT_TIMESTAMP,
  PRIMARY KEY (`id`),
  KEY `media_media_type_id_fk` (`media_type_id`),
  KEY `media_user_id_fk` (`user_id`),
  CONSTRAINT `media_media_type_id_fk` FOREIGN KEY (`media_type_id`) REFERENCES `media_types` (`id`) ON DELETE CASCADE,
  CONSTRAINT `media_user_id_fk` FOREIGN KEY (`user_id`) REFERENCES `users` (`id`) ON DELETE CASCADE
) ENGINE=InnoDB AUTO_INCREMENT=501 DEFAULT CHARSET=utf8 COLLATE=utf8_unicode_ci;
/*!40101 SET character_set_client = @saved_cs_client */;

--
-- Dumping data for table `media`
--

LOCK TABLES `media` WRITE;
/*!40000 ALTER TABLE `media` DISABLE KEYS */;
INSERT INTO `media` VALUES (1,3,45,'https://dropbox/vk/file_40555',321763530,'{\"owner\": \"Garland Hand\"}','2016-08-12 07:32:47','2020-04-02 19:18:54'),(2,1,92,'https://dropbox/vk/file_25749',37434,'{\"owner\": \"Telly Prohaska\"}','2019-12-23 06:23:15','2020-04-02 19:45:34'),(3,1,122,'https://dropbox/vk/file_7076',846811,'{\"owner\": \"Modesta Auer\"}','2018-02-08 17:06:33','2020-04-02 19:45:34'),(4,1,133,'https://dropbox/vk/file_58133',137602553,'{\"owner\": \"Zoie Wintheiser\"}','2018-12-31 20:05:53','2020-04-02 19:45:34'),(5,3,98,'https://dropbox/vk/file_69437',31706,'{\"owner\": \"Audreanne Hudson\"}','2017-02-23 17:11:10','2020-04-02 19:45:34'),(6,2,93,'https://dropbox/vk/file_72784',81566,'{\"owner\": \"Anjali Schaefer\"}','2015-09-08 00:02:51','2020-04-02 19:18:54'),(7,3,170,'https://dropbox/vk/file_55611',12708,'{\"owner\": \"Tressa Crona\"}','2018-03-07 12:38:59','2020-04-02 19:45:34'),(8,2,170,'https://dropbox/vk/file_59704',18844,'{\"owner\": \"Tressa Crona\"}','2018-03-07 12:38:59','2020-04-02 19:45:34'),(9,2,141,'https://dropbox/vk/file_31683',56093,'{\"owner\": \"Cordie Stanton\"}','2019-07-28 20:43:03','2020-04-02 19:45:34'),(10,2,191,'https://dropbox/vk/file_79305',238092,'{\"owner\": \"Amely Auer\"}','2014-03-17 06:29:00','2020-04-02 19:45:34'),(11,3,135,'https://dropbox/vk/file_1473',23932,'{\"owner\": \"Bertha Trantow\"}','2018-09-15 03:34:46','2020-04-02 19:18:54'),(12,2,100,'https://dropbox/vk/file_69451',51382,'{\"owner\": \"Felicita Bashirian\"}','2014-06-10 06:43:02','2020-04-02 19:18:54'),(13,1,96,'https://dropbox/vk/file_42837',85115,'{\"owner\": \"Breanna Orn\"}','2016-03-23 13:47:24','2020-04-02 19:45:34'),(14,2,177,'https://dropbox/vk/file_5829',71426,'{\"owner\": \"Miguel Yost\"}','2017-04-19 02:41:38','2020-04-02 19:45:34'),(15,3,200,'https://dropbox/vk/file_634',568023,'{\"owner\": \"Karelle Kohler\"}','2019-02-17 17:10:14','2020-04-02 19:18:54'),(16,3,65,'https://dropbox/vk/file_85684',6380659,'{\"owner\": \"Zelma Gibson\"}','2011-12-01 04:13:28','2020-04-02 19:18:54'),(17,3,126,'https://dropbox/vk/file_26516',22316748,'{\"owner\": \"Al Turcotte\"}','2015-03-18 20:33:51','2020-04-02 19:18:54'),(18,2,35,'https://dropbox/vk/file_75528',24695088,'{\"owner\": \"Jordi Herzog\"}','2013-06-29 16:34:02','2020-04-02 19:18:54'),(19,1,195,'https://dropbox/vk/file_98092',1786,'{\"owner\": \"Christelle Abbott\"}','2017-11-17 06:18:56','2020-04-02 19:45:34'),(20,1,71,'https://dropbox/vk/file_63874',94651,'{\"owner\": \"Hailey O\'Hara\"}','2018-01-19 05:46:24','2020-04-02 19:18:54'),(21,1,170,'https://dropbox/vk/file_25096',1114318,'{\"owner\": \"Tressa Crona\"}','2018-07-29 23:57:20','2020-04-02 19:18:54'),(22,1,37,'https://dropbox/vk/file_33857',67007,'{\"owner\": \"Bethany Breitenberg\"}','2016-06-24 17:36:55','2020-04-02 19:18:54'),(23,2,74,'https://dropbox/vk/file_93998',268602,'{\"owner\": \"Gilberto Mosciski\"}','2019-08-03 07:56:40','2020-04-02 19:18:54'),(24,1,57,'https://dropbox/vk/file_68418',7297627,'{\"owner\": \"Janie Murphy\"}','2019-12-13 09:41:50','2020-04-02 19:18:54'),(25,1,61,'https://dropbox/vk/file_60093',6735347,'{\"owner\": \"Virgie Monahan\"}','2017-07-31 21:23:43','2020-04-02 19:18:54'),(26,1,137,'https://dropbox/vk/file_95211',67896,'{\"owner\": \"Trystan West\"}','2018-05-22 07:40:00','2020-04-02 19:45:34'),(27,2,101,'https://dropbox/vk/file_95777',3714920,'{\"owner\": \"Godfrey Larkin\"}','2015-05-06 04:47:02','2020-04-02 19:45:34'),(28,2,95,'https://dropbox/vk/file_93253',55525,'{\"owner\": \"Kara Bednar\"}','2016-07-15 02:40:34','2020-04-02 19:18:54'),(29,2,170,'https://dropbox/vk/file_78930',35446682,'{\"owner\": \"Tressa Crona\"}','2018-03-07 12:38:59','2020-04-02 19:45:34'),(30,1,165,'https://dropbox/vk/file_14893',24672,'{\"owner\": \"Amir Blick\"}','2015-05-19 06:13:33','2020-04-02 19:45:34'),(31,3,116,'https://dropbox/vk/file_37674',41628,'{\"owner\": \"Rosemary Maggio\"}','2017-12-17 11:34:07','2020-04-02 19:18:54'),(32,2,84,'https://dropbox/vk/file_43690',26309,'{\"owner\": \"Angelo Cronin\"}','2011-01-06 18:52:51','2020-04-02 19:18:54'),(33,3,72,'https://dropbox/vk/file_5427',8052887,'{\"owner\": \"Wyatt Heidenreich\"}','2014-05-29 19:25:07','2020-04-02 19:45:34'),(34,2,106,'https://dropbox/vk/file_96067',48168254,'{\"owner\": \"Marvin Hilpert\"}','2018-07-23 06:02:21','2020-04-02 19:45:34'),(35,3,112,'https://dropbox/vk/file_64053',73940,'{\"owner\": \"Rashad Rogahn\"}','2019-08-12 08:22:33','2020-04-02 19:18:54'),(36,3,43,'https://dropbox/vk/file_32062',3122,'{\"owner\": \"Dina Casper\"}','2016-09-29 02:09:09','2020-04-02 19:45:34'),(37,2,79,'https://dropbox/vk/file_68150',93789,'{\"owner\": \"Narciso O\'Connell\"}','2019-06-18 17:30:26','2020-04-02 19:18:54'),(38,3,65,'https://dropbox/vk/file_44564',59579,'{\"owner\": \"Zelma Gibson\"}','2011-02-21 08:26:43','2020-04-02 19:18:54'),(39,2,86,'https://dropbox/vk/file_18370',16528,'{\"owner\": \"Amparo Yost\"}','2016-01-16 23:13:15','2020-04-02 19:45:34'),(40,3,35,'https://dropbox/vk/file_58159',3902,'{\"owner\": \"Jordi Herzog\"}','2012-05-05 12:30:57','2020-04-02 19:45:34'),(41,3,118,'https://dropbox/vk/file_35683',69925,'{\"owner\": \"Vicky Balistreri\"}','2018-01-20 19:41:45','2020-04-02 19:18:54'),(42,3,84,'https://dropbox/vk/file_3939',186232,'{\"owner\": \"Angelo Cronin\"}','2015-02-22 04:06:42','2020-04-02 19:18:54'),(43,2,65,'https://dropbox/vk/file_12644',12941,'{\"owner\": \"Zelma Gibson\"}','2015-05-31 01:24:09','2020-04-02 19:18:54'),(44,2,73,'https://dropbox/vk/file_51405',144627,'{\"owner\": \"Norval Miller\"}','2019-09-02 22:51:13','2020-04-02 19:45:34'),(45,2,170,'https://dropbox/vk/file_19090',37920,'{\"owner\": \"Tressa Crona\"}','2018-03-07 12:38:59','2020-04-02 19:45:34'),(46,2,30,'https://dropbox/vk/file_41236',215699,'{\"owner\": \"Enoch Kunde\"}','2018-03-14 07:13:41','2020-04-02 19:45:34'),(47,1,38,'https://dropbox/vk/file_48907',79822,'{\"owner\": \"Stefanie Nienow\"}','2014-04-29 04:37:20','2020-04-02 19:45:34'),(48,1,102,'https://dropbox/vk/file_20829',49723264,'{\"owner\": \"Elizabeth Schumm\"}','2012-10-10 13:41:37','2020-04-02 19:18:54'),(49,1,193,'https://dropbox/vk/file_57423',1412601,'{\"owner\": \"Royal Wisoky\"}','2013-03-13 20:16:02','2020-04-02 19:18:54'),(50,3,59,'https://dropbox/vk/file_24626',85352,'{\"owner\": \"Moses Johnston\"}','2019-10-09 01:49:46','2020-04-02 19:45:34'),(51,3,118,'https://dropbox/vk/file_50861',87291,'{\"owner\": \"Vicky Balistreri\"}','2017-05-27 11:53:33','2020-04-02 19:18:54'),(52,2,10,'https://dropbox/vk/file_80426',41396472,'{\"owner\": \"Anabelle Sporer\"}','2017-09-06 19:31:21','2020-04-02 19:18:54'),(53,1,96,'https://dropbox/vk/file_49548',3491576,'{\"owner\": \"Breanna Orn\"}','2016-03-23 13:47:24','2020-04-02 19:45:34'),(54,3,51,'https://dropbox/vk/file_6459',80398,'{\"owner\": \"Verner Kunde\"}','2019-02-03 13:15:36','2020-04-02 19:18:54'),(55,2,165,'https://dropbox/vk/file_83652',156200554,'{\"owner\": \"Amir Blick\"}','2015-05-19 06:13:33','2020-04-02 19:45:34'),(56,2,73,'https://dropbox/vk/file_98884',40119,'{\"owner\": \"Norval Miller\"}','2019-09-02 22:51:13','2020-04-02 19:45:34'),(57,1,69,'https://dropbox/vk/file_43461',59398,'{\"owner\": \"Joesph Bergnaum\"}','2016-07-01 16:37:33','2020-04-02 19:18:54'),(58,2,126,'https://dropbox/vk/file_20654',201793,'{\"owner\": \"Al Turcotte\"}','2015-07-17 10:45:50','2020-04-02 19:18:54'),(59,1,23,'https://dropbox/vk/file_72885',76633,'{\"owner\": \"Eleazar Rodriguez\"}','2016-06-11 14:06:00','2020-04-02 19:18:54'),(60,2,138,'https://dropbox/vk/file_2463',4970,'{\"owner\": \"Aylin Wyman\"}','2019-03-18 02:29:49','2020-04-02 19:45:34'),(61,2,17,'https://dropbox/vk/file_93659',16391414,'{\"owner\": \"Selena Barrows\"}','2012-06-30 05:24:32','2020-04-02 19:45:34'),(62,1,74,'https://dropbox/vk/file_60906',94952,'{\"owner\": \"Gilberto Mosciski\"}','2014-09-05 07:19:44','2020-04-02 19:45:34'),(63,3,117,'https://dropbox/vk/file_23553',6150986,'{\"owner\": \"Virgie Feeney\"}','2017-04-15 08:36:04','2020-04-02 19:45:34'),(64,2,162,'https://dropbox/vk/file_35046',59849,'{\"owner\": \"Ramona Harris\"}','2019-11-25 00:13:52','2020-04-02 19:45:34'),(65,2,61,'https://dropbox/vk/file_4569',11366,'{\"owner\": \"Virgie Monahan\"}','2015-10-15 18:01:43','2020-04-02 19:18:54'),(66,3,17,'https://dropbox/vk/file_17706',14389,'{\"owner\": \"Selena Barrows\"}','2012-06-30 05:24:32','2020-04-02 19:45:34'),(67,2,101,'https://dropbox/vk/file_74822',87938,'{\"owner\": \"Godfrey Larkin\"}','2019-09-08 17:24:25','2020-04-02 19:18:54'),(68,2,54,'https://dropbox/vk/file_20994',92399,'{\"owner\": \"Mckenna Schimmel\"}','2019-10-25 04:20:35','2020-04-02 19:45:34'),(69,2,166,'https://dropbox/vk/file_80503',1384679,'{\"owner\": \"Imogene Gulgowski\"}','2014-02-24 19:16:33','2020-04-02 19:45:34'),(70,1,69,'https://dropbox/vk/file_39532',295544,'{\"owner\": \"Joesph Bergnaum\"}','2016-09-12 12:55:55','2020-04-02 19:18:54'),(71,2,47,'https://dropbox/vk/file_56149',2588696,'{\"owner\": \"Sabryna Reinger\"}','2019-05-14 09:30:36','2020-04-02 19:18:54'),(72,2,26,'https://dropbox/vk/file_62149',18826,'{\"owner\": \"Deangelo Wisozk\"}','2017-07-27 07:12:36','2020-04-02 19:18:54'),(73,1,191,'https://dropbox/vk/file_42299',16932,'{\"owner\": \"Amely Auer\"}','2014-03-17 06:29:00','2020-04-02 19:45:34'),(74,1,74,'https://dropbox/vk/file_25048',28181,'{\"owner\": \"Gilberto Mosciski\"}','2014-09-05 07:19:44','2020-04-02 19:45:34'),(75,3,199,'https://dropbox/vk/file_98343',8939922,'{\"owner\": \"Guillermo Schiller\"}','2017-12-04 17:21:28','2020-04-02 19:45:34'),(76,1,172,'https://dropbox/vk/file_16569',90111,'{\"owner\": \"Alford Koch\"}','2017-12-27 17:55:16','2020-04-02 19:45:34'),(77,1,61,'https://dropbox/vk/file_87818',60946,'{\"owner\": \"Virgie Monahan\"}','2014-07-06 04:34:27','2020-04-02 19:18:54'),(78,1,189,'https://dropbox/vk/file_89380',105737419,'{\"owner\": \"Dessie Parisian\"}','2019-04-23 07:31:31','2020-04-02 19:45:34'),(79,1,162,'https://dropbox/vk/file_83444',711229,'{\"owner\": \"Ramona Harris\"}','2019-11-25 00:13:52','2020-04-02 19:45:34'),(80,3,43,'https://dropbox/vk/file_49082',49329,'{\"owner\": \"Dina Casper\"}','2016-09-29 02:09:09','2020-04-02 19:45:34'),(81,2,127,'https://dropbox/vk/file_95075',66972,'{\"owner\": \"Marianne Casper\"}','2016-10-23 13:22:23','2020-04-02 19:18:54'),(82,2,104,'https://dropbox/vk/file_28131',63381,'{\"owner\": \"Jackie Bashirian\"}','2017-07-05 00:27:38','2020-04-02 19:18:54'),(83,3,141,'https://dropbox/vk/file_55430',66009,'{\"owner\": \"Cordie Stanton\"}','2019-07-28 20:43:03','2020-04-02 19:45:34'),(84,2,191,'https://dropbox/vk/file_92754',59711,'{\"owner\": \"Amely Auer\"}','2014-03-17 06:29:00','2020-04-02 19:45:34'),(85,3,133,'https://dropbox/vk/file_97480',530,'{\"owner\": \"Zoie Wintheiser\"}','2018-12-31 20:05:53','2020-04-02 19:45:34'),(86,1,89,'https://dropbox/vk/file_9139',2421064,'{\"owner\": \"Monica Nienow\"}','2017-03-29 16:56:48','2020-04-02 19:18:54'),(87,1,46,'https://dropbox/vk/file_53253',23514,'{\"owner\": \"Vance Lueilwitz\"}','2018-06-02 19:11:16','2020-04-02 19:45:34'),(88,3,161,'https://dropbox/vk/file_38846',15983,'{\"owner\": \"Kelly Dickinson\"}','2019-08-28 15:58:45','2020-04-02 19:18:54'),(89,1,69,'https://dropbox/vk/file_34471',9369,'{\"owner\": \"Joesph Bergnaum\"}','2013-07-19 06:51:54','2020-04-02 19:18:54'),(90,3,60,'https://dropbox/vk/file_55819',65182,'{\"owner\": \"Lexi Deckow\"}','2020-01-29 06:57:50','2020-04-02 19:18:54'),(91,3,93,'https://dropbox/vk/file_75681',98897,'{\"owner\": \"Anjali Schaefer\"}','2019-02-26 21:01:26','2020-04-02 19:18:54'),(92,3,85,'https://dropbox/vk/file_10948',66379,'{\"owner\": \"Daren Hodkiewicz\"}','2019-02-10 03:59:15','2020-04-02 19:45:34'),(93,2,145,'https://dropbox/vk/file_27696',54109869,'{\"owner\": \"Jada Miller\"}','2017-12-23 00:53:25','2020-04-02 19:18:54'),(94,1,68,'https://dropbox/vk/file_5636',35201,'{\"owner\": \"Nelle Jenkins\"}','2017-01-07 06:10:05','2020-04-02 19:45:34'),(95,3,104,'https://dropbox/vk/file_45092',76869,'{\"owner\": \"Jackie Bashirian\"}','2018-08-13 02:38:12','2020-04-02 19:18:54'),(96,1,118,'https://dropbox/vk/file_8552',3523869,'{\"owner\": \"Vicky Balistreri\"}','2014-05-26 15:31:35','2020-04-02 19:45:34'),(97,1,77,'https://dropbox/vk/file_7482',78743,'{\"owner\": \"Samanta Kihn\"}','2018-03-06 08:01:05','2020-04-02 19:45:34'),(98,3,31,'https://dropbox/vk/file_11753',63107,'{\"owner\": \"Dario Bednar\"}','2018-07-10 18:46:31','2020-04-02 19:18:54'),(99,3,122,'https://dropbox/vk/file_36318',2327740,'{\"owner\": \"Modesta Auer\"}','2018-02-08 17:06:33','2020-04-02 19:45:34'),(100,1,118,'https://dropbox/vk/file_46333',111946174,'{\"owner\": \"Vicky Balistreri\"}','2015-05-27 19:39:35','2020-04-02 19:18:54'),(101,3,21,'https://dropbox/vk/file_22710',79306,'{\"owner\": \"Rocio Haag\"}','2017-04-30 12:39:01','2020-04-02 19:18:54'),(102,1,151,'https://dropbox/vk/file_74549',7207,'{\"owner\": \"Destiny Wehner\"}','2018-05-14 21:59:14','2020-04-02 19:18:54'),(103,2,91,'https://dropbox/vk/file_4613',98118,'{\"owner\": \"Doyle Johnston\"}','2014-04-21 17:48:02','2020-04-02 19:45:34'),(104,1,3,'https://dropbox/vk/file_99420',68968,'{\"owner\": \"Lonzo Hayes\"}','2013-08-06 03:24:09','2020-04-02 19:18:54'),(105,1,142,'https://dropbox/vk/file_83259',60707827,'{\"owner\": \"Gardner Feil\"}','2019-08-05 20:38:54','2020-04-02 19:45:34'),(106,2,102,'https://dropbox/vk/file_18037',50485,'{\"owner\": \"Elizabeth Schumm\"}','2016-09-17 12:32:46','2020-04-02 19:18:54'),(107,3,81,'https://dropbox/vk/file_40404',45521,'{\"owner\": \"Aurore Kautzer\"}','2015-05-23 23:30:39','2020-04-02 19:45:34'),(108,3,101,'https://dropbox/vk/file_47912',29951795,'{\"owner\": \"Godfrey Larkin\"}','2015-05-06 04:47:02','2020-04-02 19:45:34'),(109,2,59,'https://dropbox/vk/file_18347',4882969,'{\"owner\": \"Moses Johnston\"}','2019-10-09 01:49:46','2020-04-02 19:45:34'),(110,3,193,'https://dropbox/vk/file_47997',34523184,'{\"owner\": \"Royal Wisoky\"}','2017-09-13 23:44:24','2020-04-02 19:18:54'),(111,2,189,'https://dropbox/vk/file_84944',76151,'{\"owner\": \"Dessie Parisian\"}','2019-04-23 07:31:31','2020-04-02 19:45:34'),(112,3,163,'https://dropbox/vk/file_80728',44190,'{\"owner\": \"Gladys Monahan\"}','2018-11-25 12:53:52','2020-04-02 19:18:54'),(113,1,48,'https://dropbox/vk/file_48810',92495,'{\"owner\": \"Evangeline Mertz\"}','2018-07-24 00:55:46','2020-04-02 19:45:34'),(114,3,150,'https://dropbox/vk/file_1862',4946983,'{\"owner\": \"Berenice Kozey\"}','2018-11-07 05:31:32','2020-04-02 19:18:54'),(115,2,8,'https://dropbox/vk/file_62882',6050771,'{\"owner\": \"Domenic Willms\"}','2011-02-22 01:36:22','2020-04-02 19:18:54'),(116,3,188,'https://dropbox/vk/file_8823',554060,'{\"owner\": \"Collin Wuckert\"}','2011-04-14 04:56:25','2020-04-02 19:18:54'),(117,2,116,'https://dropbox/vk/file_55469',503421,'{\"owner\": \"Rosemary Maggio\"}','2016-12-05 15:20:11','2020-04-02 19:45:34'),(118,2,17,'https://dropbox/vk/file_50875',29906,'{\"owner\": \"Selena Barrows\"}','2016-01-05 06:05:26','2020-04-02 19:18:54'),(119,3,133,'https://dropbox/vk/file_87966',2607495,'{\"owner\": \"Zoie Wintheiser\"}','2018-12-31 20:05:53','2020-04-02 19:45:34'),(120,3,17,'https://dropbox/vk/file_87206',72042,'{\"owner\": \"Selena Barrows\"}','2019-12-20 20:10:30','2020-04-02 19:18:54'),(121,3,84,'https://dropbox/vk/file_72132',70494,'{\"owner\": \"Angelo Cronin\"}','2018-05-29 19:10:17','2020-04-02 19:18:54'),(122,3,170,'https://dropbox/vk/file_99040',36345,'{\"owner\": \"Tressa Crona\"}','2018-03-07 12:38:59','2020-04-02 19:45:34'),(123,3,195,'https://dropbox/vk/file_78804',797279,'{\"owner\": \"Christelle Abbott\"}','2017-11-17 06:18:56','2020-04-02 19:45:34'),(124,3,67,'https://dropbox/vk/file_96900',160633256,'{\"owner\": \"Jon Walter\"}','2019-10-03 22:32:12','2020-04-02 19:45:34'),(125,1,150,'https://dropbox/vk/file_48086',70240,'{\"owner\": \"Berenice Kozey\"}','2018-06-23 11:59:49','2020-04-02 19:45:34'),(126,2,150,'https://dropbox/vk/file_49730',42166,'{\"owner\": \"Berenice Kozey\"}','2018-06-23 11:59:49','2020-04-02 19:45:34'),(127,1,96,'https://dropbox/vk/file_4391',1909316,'{\"owner\": \"Breanna Orn\"}','2016-03-23 13:47:24','2020-04-02 19:45:34'),(128,1,30,'https://dropbox/vk/file_72764',1808773,'{\"owner\": \"Enoch Kunde\"}','2018-03-14 07:13:41','2020-04-02 19:45:34'),(129,2,63,'https://dropbox/vk/file_50648',108,'{\"owner\": \"Jaylan Green\"}','2015-10-20 07:11:47','2020-04-02 19:45:34'),(130,3,26,'https://dropbox/vk/file_34946',67958521,'{\"owner\": \"Deangelo Wisozk\"}','2016-07-06 05:41:23','2020-04-02 19:18:54'),(131,1,138,'https://dropbox/vk/file_22784',74043,'{\"owner\": \"Aylin Wyman\"}','2019-03-18 02:29:49','2020-04-02 19:45:34'),(132,2,13,'https://dropbox/vk/file_9083',69892,'{\"owner\": \"Wilhelm Ward\"}','2014-08-31 14:43:43','2020-04-02 19:18:54'),(133,3,48,'https://dropbox/vk/file_77064',27327,'{\"owner\": \"Evangeline Mertz\"}','2018-07-24 00:55:46','2020-04-02 19:45:34'),(134,1,1,'https://dropbox/vk/file_58071',289896244,'{\"owner\": \"Ryley Gislason\"}','2019-12-02 07:15:00','2020-04-02 19:45:34'),(135,2,63,'https://dropbox/vk/file_59163',26960,'{\"owner\": \"Jaylan Green\"}','2018-11-07 01:54:38','2020-04-02 19:18:54'),(136,3,111,'https://dropbox/vk/file_21600',52820,'{\"owner\": \"Ebba Beer\"}','2013-12-13 01:32:42','2020-04-02 19:18:54'),(137,2,164,'https://dropbox/vk/file_30512',83216,'{\"owner\": \"Tyra Lockman\"}','2013-08-30 18:42:46','2020-04-02 19:18:54'),(138,1,87,'https://dropbox/vk/file_87757',57623,'{\"owner\": \"Nina Bergnaum\"}','2017-02-15 21:01:04','2020-04-02 19:18:54'),(139,2,142,'https://dropbox/vk/file_47251',19564881,'{\"owner\": \"Gardner Feil\"}','2019-08-05 20:38:54','2020-04-02 19:45:34'),(140,2,47,'https://dropbox/vk/file_72981',15903340,'{\"owner\": \"Sabryna Reinger\"}','2012-07-12 04:05:15','2020-04-02 19:18:54'),(141,2,10,'https://dropbox/vk/file_23153',30285354,'{\"owner\": \"Anabelle Sporer\"}','2015-06-20 13:41:19','2020-04-02 19:18:54'),(142,2,106,'https://dropbox/vk/file_96821',195575,'{\"owner\": \"Marvin Hilpert\"}','2018-07-23 06:02:21','2020-04-02 19:45:34'),(143,3,103,'https://dropbox/vk/file_14645',139046086,'{\"owner\": \"Onie Bruen\"}','2018-04-14 16:00:34','2020-04-02 19:45:34'),(144,1,195,'https://dropbox/vk/file_82761',38465,'{\"owner\": \"Christelle Abbott\"}','2017-11-17 06:18:56','2020-04-02 19:45:34'),(145,2,67,'https://dropbox/vk/file_69872',19454,'{\"owner\": \"Jon Walter\"}','2019-10-03 22:32:12','2020-04-02 19:45:34'),(146,3,150,'https://dropbox/vk/file_1075',32703263,'{\"owner\": \"Berenice Kozey\"}','2019-06-10 17:50:05','2020-04-02 19:18:54'),(147,1,148,'https://dropbox/vk/file_95758',594957991,'{\"owner\": \"Tianna Cruickshank\"}','2015-03-06 12:53:39','2020-04-02 19:45:34'),(148,2,91,'https://dropbox/vk/file_75566',31626,'{\"owner\": \"Doyle Johnston\"}','2014-04-21 17:48:02','2020-04-02 19:45:34'),(149,1,7,'https://dropbox/vk/file_90555',81877,'{\"owner\": \"Ford Herzog\"}','2018-03-10 21:57:25','2020-04-02 19:18:54'),(150,1,164,'https://dropbox/vk/file_26075',51023,'{\"owner\": \"Tyra Lockman\"}','2010-11-02 10:23:20','2020-04-02 19:18:54'),(151,2,198,'https://dropbox/vk/file_58710',22086,'{\"owner\": \"Jody Lubowitz\"}','2018-09-24 09:33:41','2020-04-02 19:45:34'),(152,2,95,'https://dropbox/vk/file_15326',12017,'{\"owner\": \"Kara Bednar\"}','2019-11-02 04:57:02','2020-04-02 19:18:54'),(153,3,84,'https://dropbox/vk/file_497',25609,'{\"owner\": \"Angelo Cronin\"}','2017-01-04 05:04:46','2020-04-02 19:18:54'),(154,2,132,'https://dropbox/vk/file_56507',14678,'{\"owner\": \"Erika Bechtelar\"}','2016-11-06 10:09:46','2020-04-02 19:18:54'),(155,1,7,'https://dropbox/vk/file_81046',9481,'{\"owner\": \"Ford Herzog\"}','2012-09-19 02:32:31','2020-04-02 19:18:54'),(156,3,41,'https://dropbox/vk/file_35707',14604,'{\"owner\": \"Dexter Heaney\"}','2018-11-28 18:39:38','2020-04-02 19:18:54'),(157,1,181,'https://dropbox/vk/file_35399',173195302,'{\"owner\": \"Donavon Wiegand\"}','2018-03-11 22:24:41','2020-04-02 19:45:34'),(158,1,183,'https://dropbox/vk/file_69870',94335,'{\"owner\": \"Quincy Windler\"}','2019-10-26 08:43:01','2020-04-02 19:45:34'),(159,1,172,'https://dropbox/vk/file_43155',428707,'{\"owner\": \"Alford Koch\"}','2017-12-27 17:55:16','2020-04-02 19:45:34'),(160,3,112,'https://dropbox/vk/file_6165',43232,'{\"owner\": \"Rashad Rogahn\"}','2019-07-31 22:55:15','2020-04-02 19:18:54'),(161,1,41,'https://dropbox/vk/file_1357',33156,'{\"owner\": \"Dexter Heaney\"}','2018-09-10 06:33:59','2020-04-02 19:45:34'),(162,3,70,'https://dropbox/vk/file_88290',1486868,'{\"owner\": \"Elnora Thompson\"}','2017-05-05 01:12:02','2020-04-02 19:45:34'),(163,2,26,'https://dropbox/vk/file_37378',35059697,'{\"owner\": \"Deangelo Wisozk\"}','2015-11-26 08:49:05','2020-04-02 19:45:34'),(164,1,121,'https://dropbox/vk/file_22022',3846604,'{\"owner\": \"Jarrett Fadel\"}','2017-11-01 03:35:34','2020-04-02 19:45:34'),(165,2,126,'https://dropbox/vk/file_97973',36082,'{\"owner\": \"Al Turcotte\"}','2017-12-14 03:07:43','2020-04-02 19:18:54'),(166,3,67,'https://dropbox/vk/file_23797',80940,'{\"owner\": \"Jon Walter\"}','2019-10-03 22:32:12','2020-04-02 19:45:34'),(167,2,158,'https://dropbox/vk/file_25069',96457,'{\"owner\": \"Felicita Baumbach\"}','2019-04-15 17:58:35','2020-04-02 19:45:34'),(168,2,186,'https://dropbox/vk/file_53952',45346648,'{\"owner\": \"Stefanie Anderson\"}','2013-01-16 20:02:49','2020-04-02 19:18:54'),(169,2,55,'https://dropbox/vk/file_94554',2778116,'{\"owner\": \"Janie Considine\"}','2016-11-18 12:50:30','2020-04-02 19:18:54'),(170,3,117,'https://dropbox/vk/file_10911',23470,'{\"owner\": \"Virgie Feeney\"}','2018-07-02 04:10:24','2020-04-02 19:18:54'),(171,3,18,'https://dropbox/vk/file_70895',39462,'{\"owner\": \"Sabrina Morissette\"}','2017-12-05 20:04:00','2020-04-02 19:18:54'),(172,3,141,'https://dropbox/vk/file_21740',7940,'{\"owner\": \"Cordie Stanton\"}','2019-07-28 20:43:03','2020-04-02 19:45:34'),(173,1,49,'https://dropbox/vk/file_96014',21313,'{\"owner\": \"Angeline Walker\"}','2012-03-12 07:40:47','2020-04-02 19:18:54'),(174,2,23,'https://dropbox/vk/file_14851',82746,'{\"owner\": \"Eleazar Rodriguez\"}','2011-10-12 07:39:35','2020-04-02 19:45:34'),(175,1,167,'https://dropbox/vk/file_86212',10992,'{\"owner\": \"Herminia Reichel\"}','2015-01-04 08:21:45','2020-04-02 19:45:34'),(176,1,166,'https://dropbox/vk/file_86508',49789,'{\"owner\": \"Imogene Gulgowski\"}','2017-03-15 23:49:45','2020-04-02 19:18:54'),(177,2,126,'https://dropbox/vk/file_73902',708,'{\"owner\": \"Al Turcotte\"}','2015-01-21 04:44:42','2020-04-02 19:45:34'),(178,1,134,'https://dropbox/vk/file_9987',54170,'{\"owner\": \"Brando Bogisich\"}','2017-07-10 22:49:22','2020-04-02 19:45:34'),(179,2,92,'https://dropbox/vk/file_28228',68727,'{\"owner\": \"Telly Prohaska\"}','2019-12-23 06:23:15','2020-04-02 19:45:34'),(180,2,56,'https://dropbox/vk/file_11180',81124,'{\"owner\": \"Lily Kuhic\"}','2015-11-16 06:49:21','2020-04-02 19:45:34'),(181,1,2,'https://dropbox/vk/file_71215',99440,'{\"owner\": \"Manuela Heller\"}','2019-10-21 22:15:23','2020-04-02 19:45:34'),(182,1,42,'https://dropbox/vk/file_22534',60115,'{\"owner\": \"Laron Jones\"}','2014-07-24 19:50:03','2020-04-02 19:45:34'),(183,2,4,'https://dropbox/vk/file_99025',53827,'{\"owner\": \"Martine Glover\"}','2019-04-20 00:47:22','2020-04-02 19:45:34'),(184,3,94,'https://dropbox/vk/file_27523',25510513,'{\"owner\": \"Bret Kirlin\"}','2020-01-14 23:50:56','2020-04-02 19:45:34'),(185,2,59,'https://dropbox/vk/file_40539',38365506,'{\"owner\": \"Moses Johnston\"}','2019-10-09 01:49:46','2020-04-02 19:45:34'),(186,1,11,'https://dropbox/vk/file_20127',70816,'{\"owner\": \"Art Swaniawski\"}','2016-10-31 09:54:56','2020-04-02 19:18:54'),(187,3,76,'https://dropbox/vk/file_79017',92596,'{\"owner\": \"Nelson Lang\"}','2017-11-12 00:34:12','2020-04-02 19:18:54'),(188,3,147,'https://dropbox/vk/file_34702',50534,'{\"owner\": \"Amira Strosin\"}','2012-11-24 22:46:30','2020-04-02 19:45:34'),(189,3,107,'https://dropbox/vk/file_36457',112966,'{\"owner\": \"Viva Schowalter\"}','2019-04-27 15:24:36','2020-04-02 19:45:34'),(190,3,95,'https://dropbox/vk/file_78181',74882,'{\"owner\": \"Kara Bednar\"}','2015-04-23 17:51:11','2020-04-02 19:18:54'),(191,1,153,'https://dropbox/vk/file_81533',22805,'{\"owner\": \"Rowena Walsh\"}','2019-03-09 15:52:03','2020-04-02 19:45:34'),(192,1,78,'https://dropbox/vk/file_73123',2689438,'{\"owner\": \"Linnea Blanda\"}','2015-08-25 21:00:04','2020-04-02 19:18:54'),(193,3,130,'https://dropbox/vk/file_21014',23472315,'{\"owner\": \"Reinhold McClure\"}','2015-05-06 07:27:24','2020-04-02 19:18:54'),(194,3,15,'https://dropbox/vk/file_85703',89382,'{\"owner\": \"Davon Bosco\"}','2012-01-09 08:44:04','2020-04-02 19:45:34'),(195,2,84,'https://dropbox/vk/file_65470',1001628,'{\"owner\": \"Angelo Cronin\"}','2016-11-24 14:25:16','2020-04-02 19:18:54'),(196,1,176,'https://dropbox/vk/file_70241',78491,'{\"owner\": \"Aisha Cormier\"}','2016-10-28 06:52:47','2020-04-02 19:45:34'),(197,2,29,'https://dropbox/vk/file_54796',24310,'{\"owner\": \"Mercedes Bernier\"}','2019-11-09 03:22:30','2020-04-02 19:18:54'),(198,2,13,'https://dropbox/vk/file_63254',86076,'{\"owner\": \"Wilhelm Ward\"}','2014-03-28 14:34:55','2020-04-02 19:45:34'),(199,1,180,'https://dropbox/vk/file_51884',57448,'{\"owner\": \"Krystel Murray\"}','2018-04-10 04:32:57','2020-04-02 19:45:34'),(200,1,61,'https://dropbox/vk/file_69658',29012,'{\"owner\": \"Virgie Monahan\"}','2019-11-08 20:25:57','2020-04-02 19:18:54'),(201,2,162,'https://dropbox/vk/file_92635',172636,'{\"owner\": \"Ramona Harris\"}','2019-11-25 00:13:52','2020-04-02 19:45:34'),(202,3,28,'https://dropbox/vk/file_54204',11650979,'{\"owner\": \"Keely Brown\"}','2014-12-09 05:46:06','2020-04-02 19:45:34'),(203,1,54,'https://dropbox/vk/file_93111',72715,'{\"owner\": \"Mckenna Schimmel\"}','2019-10-25 04:20:35','2020-04-02 19:45:34'),(204,3,184,'https://dropbox/vk/file_2944',76539,'{\"owner\": \"Rodrick Reichel\"}','2019-08-13 21:32:30','2020-04-02 19:18:54'),(205,2,160,'https://dropbox/vk/file_35387',64551,'{\"owner\": \"Tyshawn Balistreri\"}','2011-11-11 19:37:00','2020-04-02 19:18:54'),(206,3,45,'https://dropbox/vk/file_68102',93136,'{\"owner\": \"Garland Hand\"}','2017-07-27 17:24:32','2020-04-02 19:18:54'),(207,1,146,'https://dropbox/vk/file_34348',72028,'{\"owner\": \"Teresa Leuschke\"}','2018-05-25 14:39:32','2020-04-02 19:45:34'),(208,3,194,'https://dropbox/vk/file_67433',186556,'{\"owner\": \"Loy Powlowski\"}','2020-01-25 09:19:06','2020-04-02 19:18:54'),(209,2,133,'https://dropbox/vk/file_34119',80730,'{\"owner\": \"Zoie Wintheiser\"}','2018-12-31 20:05:53','2020-04-02 19:45:34'),(210,2,81,'https://dropbox/vk/file_68298',87564,'{\"owner\": \"Aurore Kautzer\"}','2015-05-23 23:30:39','2020-04-02 19:45:34'),(211,2,7,'https://dropbox/vk/file_39133',95632,'{\"owner\": \"Ford Herzog\"}','2013-08-11 07:12:06','2020-04-02 19:18:54'),(212,3,191,'https://dropbox/vk/file_90769',15468,'{\"owner\": \"Amely Auer\"}','2014-03-17 06:29:00','2020-04-02 19:45:34'),(213,1,135,'https://dropbox/vk/file_36447',414130,'{\"owner\": \"Bertha Trantow\"}','2013-09-23 15:31:42','2020-04-02 19:18:54'),(214,1,99,'https://dropbox/vk/file_9929',90441,'{\"owner\": \"Josiah Weber\"}','2018-04-23 12:17:52','2020-04-02 19:45:34'),(215,2,93,'https://dropbox/vk/file_40301',14215,'{\"owner\": \"Anjali Schaefer\"}','2014-03-26 16:44:51','2020-04-02 19:45:34'),(216,2,164,'https://dropbox/vk/file_71718',5801,'{\"owner\": \"Tyra Lockman\"}','2018-11-28 21:38:15','2020-04-02 19:18:54'),(217,2,141,'https://dropbox/vk/file_37685',57684,'{\"owner\": \"Cordie Stanton\"}','2019-07-28 20:43:03','2020-04-02 19:45:34'),(218,1,11,'https://dropbox/vk/file_73273',71015,'{\"owner\": \"Art Swaniawski\"}','2015-04-19 11:00:26','2020-04-02 19:45:34'),(219,1,33,'https://dropbox/vk/file_53307',13475735,'{\"owner\": \"Lea Ritchie\"}','2015-01-12 21:52:06','2020-04-02 19:45:34'),(220,2,131,'https://dropbox/vk/file_46717',12263340,'{\"owner\": \"Aiyana Deckow\"}','2019-05-26 02:16:12','2020-04-02 19:18:54'),(221,2,154,'https://dropbox/vk/file_73661',193693930,'{\"owner\": \"Charlie Cormier\"}','2016-10-11 05:46:15','2020-04-02 19:18:54'),(222,2,177,'https://dropbox/vk/file_28156',192728,'{\"owner\": \"Miguel Yost\"}','2017-04-19 02:41:38','2020-04-02 19:45:34'),(223,2,21,'https://dropbox/vk/file_19796',82024,'{\"owner\": \"Rocio Haag\"}','2015-06-18 09:05:35','2020-04-02 19:18:54'),(224,1,176,'https://dropbox/vk/file_14510',47666,'{\"owner\": \"Aisha Cormier\"}','2016-10-28 06:52:47','2020-04-02 19:45:34'),(225,2,15,'https://dropbox/vk/file_13162',97073,'{\"owner\": \"Davon Bosco\"}','2014-02-14 07:58:31','2020-04-02 19:18:54'),(226,2,146,'https://dropbox/vk/file_22280',118793,'{\"owner\": \"Teresa Leuschke\"}','2018-05-25 14:39:32','2020-04-02 19:45:34'),(227,3,87,'https://dropbox/vk/file_71913',54349,'{\"owner\": \"Nina Bergnaum\"}','2010-09-11 05:54:03','2020-04-02 19:18:54'),(228,1,194,'https://dropbox/vk/file_92725',39294,'{\"owner\": \"Loy Powlowski\"}','2019-05-12 16:45:34','2020-04-02 19:45:34'),(229,3,109,'https://dropbox/vk/file_47886',334833,'{\"owner\": \"Clara Smith\"}','2019-09-21 17:06:00','2020-04-02 19:45:34'),(230,3,161,'https://dropbox/vk/file_61256',45801,'{\"owner\": \"Kelly Dickinson\"}','2020-02-25 15:35:43','2020-04-02 19:18:54'),(231,1,78,'https://dropbox/vk/file_62621',12570533,'{\"owner\": \"Linnea Blanda\"}','2015-07-15 17:23:26','2020-04-02 19:18:54'),(232,2,109,'https://dropbox/vk/file_29335',5248,'{\"owner\": \"Clara Smith\"}','2019-09-21 17:06:00','2020-04-02 19:45:34'),(233,1,110,'https://dropbox/vk/file_58812',11513135,'{\"owner\": \"Gene Walsh\"}','2013-10-03 15:19:04','2020-04-02 19:45:34'),(234,1,21,'https://dropbox/vk/file_6054',8360,'{\"owner\": \"Rocio Haag\"}','2012-04-11 19:22:22','2020-04-02 19:18:54'),(235,3,174,'https://dropbox/vk/file_53832',26055,'{\"owner\": \"Neal Jaskolski\"}','2017-07-28 22:39:58','2020-04-02 19:45:34'),(236,3,9,'https://dropbox/vk/file_50999',12015,'{\"owner\": \"Mertie Parisian\"}','2020-01-07 17:47:08','2020-04-02 19:18:54'),(237,1,119,'https://dropbox/vk/file_93500',5195,'{\"owner\": \"Johnpaul Kshlerin\"}','2016-05-10 08:05:16','2020-04-02 19:18:54'),(238,3,171,'https://dropbox/vk/file_14502',47811,'{\"owner\": \"Gay Beier\"}','2014-11-08 02:16:39','2020-04-02 19:45:34'),(239,3,96,'https://dropbox/vk/file_92009',23467,'{\"owner\": \"Breanna Orn\"}','2017-04-02 11:45:19','2020-04-02 19:18:54'),(240,3,166,'https://dropbox/vk/file_16540',73902,'{\"owner\": \"Imogene Gulgowski\"}','2014-02-24 19:16:33','2020-04-02 19:45:34'),(241,1,143,'https://dropbox/vk/file_6672',99108,'{\"owner\": \"Claire Simonis\"}','2020-01-09 08:19:32','2020-04-02 19:18:54'),(242,1,15,'https://dropbox/vk/file_83740',73833,'{\"owner\": \"Davon Bosco\"}','2017-12-20 07:24:04','2020-04-02 19:18:54'),(243,3,44,'https://dropbox/vk/file_98682',538124547,'{\"owner\": \"Rahsaan Zemlak\"}','2019-10-25 16:03:42','2020-04-02 19:18:54'),(244,1,177,'https://dropbox/vk/file_42191',71842,'{\"owner\": \"Miguel Yost\"}','2017-04-19 02:41:38','2020-04-02 19:45:34'),(245,1,153,'https://dropbox/vk/file_14908',37708,'{\"owner\": \"Rowena Walsh\"}','2019-06-12 08:52:36','2020-04-02 19:18:54'),(246,2,32,'https://dropbox/vk/file_47967',73015,'{\"owner\": \"Tony Goyette\"}','2017-12-29 03:35:57','2020-04-02 19:18:54'),(247,2,102,'https://dropbox/vk/file_95110',23393254,'{\"owner\": \"Elizabeth Schumm\"}','2020-03-01 07:47:41','2020-04-02 19:18:54'),(248,1,13,'https://dropbox/vk/file_31650',31980,'{\"owner\": \"Wilhelm Ward\"}','2014-03-28 14:34:55','2020-04-02 19:45:34'),(249,1,157,'https://dropbox/vk/file_72920',8661559,'{\"owner\": \"Matteo Reynolds\"}','2019-07-08 23:12:24','2020-04-02 19:45:34'),(250,3,145,'https://dropbox/vk/file_69651',51951,'{\"owner\": \"Jada Miller\"}','2011-08-25 12:37:17','2020-04-02 19:45:34'),(251,1,56,'https://dropbox/vk/file_29491',23369,'{\"owner\": \"Lily Kuhic\"}','2015-11-16 06:49:21','2020-04-02 19:45:34'),(252,1,43,'https://dropbox/vk/file_38503',18168,'{\"owner\": \"Dina Casper\"}','2019-12-05 19:16:40','2020-04-02 19:18:54'),(253,2,46,'https://dropbox/vk/file_4041',6149975,'{\"owner\": \"Vance Lueilwitz\"}','2018-06-02 19:11:16','2020-04-02 19:45:34'),(254,2,101,'https://dropbox/vk/file_4695',40707,'{\"owner\": \"Godfrey Larkin\"}','2018-05-28 22:19:34','2020-04-02 19:18:54'),(255,1,168,'https://dropbox/vk/file_11350',45079,'{\"owner\": \"Randal Bergstrom\"}','2018-05-20 17:04:15','2020-04-02 19:18:54'),(256,1,134,'https://dropbox/vk/file_42666',8798071,'{\"owner\": \"Brando Bogisich\"}','2019-07-27 15:40:24','2020-04-02 19:18:54'),(257,2,165,'https://dropbox/vk/file_79279',339080092,'{\"owner\": \"Amir Blick\"}','2015-05-19 06:13:33','2020-04-02 19:45:34'),(258,3,25,'https://dropbox/vk/file_68397',47683,'{\"owner\": \"Cleora Labadie\"}','2018-07-30 09:09:15','2020-04-02 19:18:54'),(259,2,29,'https://dropbox/vk/file_4146',45297,'{\"owner\": \"Mercedes Bernier\"}','2011-12-04 12:08:24','2020-04-02 19:18:54'),(260,3,68,'https://dropbox/vk/file_15540',16295,'{\"owner\": \"Nelle Jenkins\"}','2018-06-28 10:22:05','2020-04-02 19:18:54'),(261,3,55,'https://dropbox/vk/file_65263',38859,'{\"owner\": \"Janie Considine\"}','2014-05-14 18:59:57','2020-04-02 19:45:34'),(262,3,70,'https://dropbox/vk/file_79692',16064,'{\"owner\": \"Elnora Thompson\"}','2017-05-05 01:12:02','2020-04-02 19:45:34'),(263,1,183,'https://dropbox/vk/file_2670',6882762,'{\"owner\": \"Quincy Windler\"}','2019-10-26 08:43:01','2020-04-02 19:45:34'),(264,3,103,'https://dropbox/vk/file_74273',50389,'{\"owner\": \"Onie Bruen\"}','2018-04-14 16:00:34','2020-04-02 19:45:34'),(265,2,169,'https://dropbox/vk/file_63355',43960,'{\"owner\": \"Rex Upton\"}','2015-11-02 11:49:53','2020-04-02 19:18:54'),(266,1,133,'https://dropbox/vk/file_93957',38424,'{\"owner\": \"Zoie Wintheiser\"}','2018-12-31 20:05:53','2020-04-02 19:45:34'),(267,3,157,'https://dropbox/vk/file_79717',43235,'{\"owner\": \"Matteo Reynolds\"}','2019-07-08 23:12:24','2020-04-02 19:45:34'),(268,1,188,'https://dropbox/vk/file_16713',900,'{\"owner\": \"Collin Wuckert\"}','2019-05-31 10:04:57','2020-04-02 19:18:54'),(269,3,68,'https://dropbox/vk/file_44414',74798,'{\"owner\": \"Nelle Jenkins\"}','2017-02-15 10:43:31','2020-04-02 19:18:54'),(270,2,174,'https://dropbox/vk/file_71933',50107092,'{\"owner\": \"Neal Jaskolski\"}','2017-07-28 22:39:58','2020-04-02 19:45:34'),(271,1,65,'https://dropbox/vk/file_26419',71288,'{\"owner\": \"Zelma Gibson\"}','2011-02-08 02:54:29','2020-04-02 19:45:34'),(272,2,3,'https://dropbox/vk/file_16298',344898,'{\"owner\": \"Lonzo Hayes\"}','2012-12-24 04:08:37','2020-04-02 19:18:54'),(273,2,21,'https://dropbox/vk/file_2233',32045,'{\"owner\": \"Rocio Haag\"}','2012-08-29 17:19:54','2020-04-02 19:18:54'),(274,1,97,'https://dropbox/vk/file_62270',46360,'{\"owner\": \"Ayden Turner\"}','2016-05-02 04:42:58','2020-04-02 19:45:34'),(275,1,18,'https://dropbox/vk/file_4651',35665,'{\"owner\": \"Sabrina Morissette\"}','2017-07-24 20:17:14','2020-04-02 19:45:34'),(276,2,199,'https://dropbox/vk/file_36444',39245,'{\"owner\": \"Guillermo Schiller\"}','2017-12-04 17:21:28','2020-04-02 19:45:34'),(277,3,141,'https://dropbox/vk/file_68266',89228,'{\"owner\": \"Cordie Stanton\"}','2019-07-28 20:43:03','2020-04-02 19:45:34'),(278,2,109,'https://dropbox/vk/file_32000',1807819,'{\"owner\": \"Clara Smith\"}','2019-09-21 17:06:00','2020-04-02 19:45:34'),(279,3,122,'https://dropbox/vk/file_55198',28404,'{\"owner\": \"Modesta Auer\"}','2018-02-08 17:06:33','2020-04-02 19:45:34'),(280,1,82,'https://dropbox/vk/file_79992',74338,'{\"owner\": \"Hanna Rippin\"}','2012-10-23 20:51:11','2020-04-02 19:18:54'),(281,2,42,'https://dropbox/vk/file_34364',20611249,'{\"owner\": \"Laron Jones\"}','2014-07-24 19:50:03','2020-04-02 19:45:34'),(282,2,165,'https://dropbox/vk/file_31842',52430,'{\"owner\": \"Amir Blick\"}','2016-01-24 02:27:35','2020-04-02 19:18:54'),(283,1,96,'https://dropbox/vk/file_56121',86477,'{\"owner\": \"Breanna Orn\"}','2019-02-21 03:45:11','2020-04-02 19:18:54'),(284,1,187,'https://dropbox/vk/file_85075',23436963,'{\"owner\": \"Shane Gottlieb\"}','2016-10-03 22:10:43','2020-04-02 19:45:34'),(285,2,45,'https://dropbox/vk/file_57015',9372,'{\"owner\": \"Garland Hand\"}','2013-04-21 23:10:08','2020-04-02 19:45:34'),(286,1,63,'https://dropbox/vk/file_29847',1947016,'{\"owner\": \"Jaylan Green\"}','2017-04-05 22:32:41','2020-04-02 19:18:54'),(287,1,179,'https://dropbox/vk/file_78191',2759498,'{\"owner\": \"Aniyah O\'Conner\"}','2016-02-05 12:56:49','2020-04-02 19:45:34'),(288,1,105,'https://dropbox/vk/file_1415',87426,'{\"owner\": \"Elza Schumm\"}','2017-04-23 08:06:35','2020-04-02 19:18:54'),(289,3,189,'https://dropbox/vk/file_72499',9013,'{\"owner\": \"Dessie Parisian\"}','2019-04-23 07:31:31','2020-04-02 19:45:34'),(290,2,29,'https://dropbox/vk/file_58251',491945,'{\"owner\": \"Mercedes Bernier\"}','2020-03-06 00:55:28','2020-04-02 19:18:54'),(291,3,178,'https://dropbox/vk/file_73756',82788,'{\"owner\": \"Hilario Lehner\"}','2015-12-28 16:37:38','2020-04-02 19:45:34'),(292,1,1,'https://dropbox/vk/file_94026',86900,'{\"owner\": \"Ryley Gislason\"}','2019-12-02 07:15:00','2020-04-02 19:45:34'),(293,3,71,'https://dropbox/vk/file_48863',86134,'{\"owner\": \"Hailey O\'Hara\"}','2017-01-28 03:37:57','2020-04-02 19:18:54'),(294,3,151,'https://dropbox/vk/file_62234',69971,'{\"owner\": \"Destiny Wehner\"}','2012-05-24 04:48:21','2020-04-02 19:18:54'),(295,3,144,'https://dropbox/vk/file_64584',237790,'{\"owner\": \"Josiane Davis\"}','2011-05-27 07:20:09','2020-04-02 19:45:34'),(296,3,65,'https://dropbox/vk/file_36215',91452,'{\"owner\": \"Zelma Gibson\"}','2019-09-16 07:59:54','2020-04-02 19:18:54'),(297,2,91,'https://dropbox/vk/file_87325',47348,'{\"owner\": \"Doyle Johnston\"}','2014-08-07 21:37:45','2020-04-02 19:18:54'),(298,1,61,'https://dropbox/vk/file_27978',62383,'{\"owner\": \"Virgie Monahan\"}','2015-06-05 07:38:50','2020-04-02 19:18:54'),(299,3,33,'https://dropbox/vk/file_77913',22624,'{\"owner\": \"Lea Ritchie\"}','2018-09-26 03:55:12','2020-04-02 19:18:54'),(300,3,180,'https://dropbox/vk/file_5630',69870,'{\"owner\": \"Krystel Murray\"}','2018-04-10 04:32:57','2020-04-02 19:45:34'),(301,2,2,'https://dropbox/vk/file_94413',62201,'{\"owner\": \"Manuela Heller\"}','2019-10-21 22:15:23','2020-04-02 19:45:34'),(302,2,67,'https://dropbox/vk/file_55174',3676686,'{\"owner\": \"Jon Walter\"}','2019-10-03 22:32:12','2020-04-02 19:45:34'),(303,3,131,'https://dropbox/vk/file_92628',408251,'{\"owner\": \"Aiyana Deckow\"}','2018-02-09 11:21:18','2020-04-02 19:45:34'),(304,3,54,'https://dropbox/vk/file_97620',1395,'{\"owner\": \"Mckenna Schimmel\"}','2019-10-25 04:20:35','2020-04-02 19:45:34'),(305,3,74,'https://dropbox/vk/file_10213',18497447,'{\"owner\": \"Gilberto Mosciski\"}','2014-09-05 07:19:44','2020-04-02 19:45:34'),(306,2,11,'https://dropbox/vk/file_58207',20372,'{\"owner\": \"Art Swaniawski\"}','2020-03-15 20:12:13','2020-04-02 19:18:54'),(307,3,29,'https://dropbox/vk/file_60393',731689,'{\"owner\": \"Mercedes Bernier\"}','2018-05-31 22:27:16','2020-04-02 19:18:54'),(308,1,111,'https://dropbox/vk/file_27346',237778000,'{\"owner\": \"Ebba Beer\"}','2013-06-24 00:47:08','2020-04-02 19:18:54'),(309,2,71,'https://dropbox/vk/file_55551',97675,'{\"owner\": \"Hailey O\'Hara\"}','2015-01-27 19:02:37','2020-04-02 19:18:54'),(310,2,19,'https://dropbox/vk/file_95714',46663,'{\"owner\": \"Reginald Conn\"}','2017-09-20 20:54:06','2020-04-02 19:18:54'),(311,2,80,'https://dropbox/vk/file_11916',222836520,'{\"owner\": \"Nina Fritsch\"}','2015-02-27 13:44:18','2020-04-02 19:18:54'),(312,2,145,'https://dropbox/vk/file_72437',27256,'{\"owner\": \"Jada Miller\"}','2016-12-26 03:15:23','2020-04-02 19:18:54'),(313,1,86,'https://dropbox/vk/file_26436',570257,'{\"owner\": \"Amparo Yost\"}','2017-12-14 12:31:04','2020-04-02 19:18:54'),(314,1,192,'https://dropbox/vk/file_14869',43256,'{\"owner\": \"Gerardo Schuppe\"}','2019-12-30 12:38:07','2020-04-02 19:45:34'),(315,1,101,'https://dropbox/vk/file_95037',34511,'{\"owner\": \"Godfrey Larkin\"}','2015-05-06 04:47:02','2020-04-02 19:45:34'),(316,2,131,'https://dropbox/vk/file_30576',42788,'{\"owner\": \"Aiyana Deckow\"}','2018-02-09 11:21:18','2020-04-02 19:45:34'),(317,3,149,'https://dropbox/vk/file_67771',10406,'{\"owner\": \"Mia Walsh\"}','2017-03-10 04:13:37','2020-04-02 19:45:34'),(318,2,153,'https://dropbox/vk/file_47125',271080780,'{\"owner\": \"Rowena Walsh\"}','2019-03-09 15:52:03','2020-04-02 19:45:34'),(319,1,116,'https://dropbox/vk/file_32314',1370117,'{\"owner\": \"Rosemary Maggio\"}','2016-12-05 15:20:11','2020-04-02 19:45:34'),(320,2,122,'https://dropbox/vk/file_20192',410707,'{\"owner\": \"Modesta Auer\"}','2018-02-08 17:06:33','2020-04-02 19:45:34'),(321,2,59,'https://dropbox/vk/file_4019',23665,'{\"owner\": \"Moses Johnston\"}','2019-10-09 01:49:46','2020-04-02 19:45:34'),(322,3,129,'https://dropbox/vk/file_59517',314618867,'{\"owner\": \"Arielle Aufderhar\"}','2017-01-07 23:44:59','2020-04-02 19:45:34'),(323,3,69,'https://dropbox/vk/file_85530',87108,'{\"owner\": \"Joesph Bergnaum\"}','2014-12-09 06:12:52','2020-04-02 19:18:54'),(324,2,158,'https://dropbox/vk/file_49096',39933787,'{\"owner\": \"Felicita Baumbach\"}','2019-08-03 14:27:40','2020-04-02 19:18:54'),(325,3,183,'https://dropbox/vk/file_88889',62204,'{\"owner\": \"Quincy Windler\"}','2019-10-26 08:43:01','2020-04-02 19:45:34'),(326,3,39,'https://dropbox/vk/file_97157',64542,'{\"owner\": \"Christ Thiel\"}','2017-04-22 02:25:01','2020-04-02 19:18:54'),(327,1,45,'https://dropbox/vk/file_19116',61389,'{\"owner\": \"Garland Hand\"}','2014-01-11 17:19:39','2020-04-02 19:18:54'),(328,1,110,'https://dropbox/vk/file_4109',13316,'{\"owner\": \"Gene Walsh\"}','2013-10-03 15:19:04','2020-04-02 19:45:34'),(329,1,12,'https://dropbox/vk/file_63198',184145976,'{\"owner\": \"Cierra Kozey\"}','2017-09-02 09:06:42','2020-04-02 19:18:54'),(330,1,132,'https://dropbox/vk/file_3661',1872693,'{\"owner\": \"Erika Bechtelar\"}','2011-06-28 05:39:14','2020-04-02 19:45:34'),(331,1,22,'https://dropbox/vk/file_28709',82411,'{\"owner\": \"Joshua Wisoky\"}','2015-10-12 16:57:10','2020-04-02 19:45:34'),(332,2,112,'https://dropbox/vk/file_32563',3168094,'{\"owner\": \"Rashad Rogahn\"}','2018-03-03 14:49:04','2020-04-02 19:45:34'),(333,1,94,'https://dropbox/vk/file_76688',72109,'{\"owner\": \"Bret Kirlin\"}','2020-01-14 23:50:56','2020-04-02 19:45:34'),(334,3,135,'https://dropbox/vk/file_85750',13309,'{\"owner\": \"Bertha Trantow\"}','2016-04-22 05:32:43','2020-04-02 19:18:54'),(335,2,190,'https://dropbox/vk/file_98684',50221,'{\"owner\": \"Talon Moen\"}','2019-05-09 19:28:31','2020-04-02 19:18:54'),(336,3,147,'https://dropbox/vk/file_36169',1816440,'{\"owner\": \"Amira Strosin\"}','2012-11-24 22:46:30','2020-04-02 19:45:34'),(337,2,165,'https://dropbox/vk/file_84795',544698,'{\"owner\": \"Amir Blick\"}','2015-05-19 06:13:33','2020-04-02 19:45:34'),(338,1,181,'https://dropbox/vk/file_15465',11175,'{\"owner\": \"Donavon Wiegand\"}','2018-03-11 22:24:41','2020-04-02 19:45:34'),(339,3,12,'https://dropbox/vk/file_22941',104251558,'{\"owner\": \"Cierra Kozey\"}','2014-03-05 14:41:20','2020-04-02 19:45:34'),(340,2,114,'https://dropbox/vk/file_68309',5213,'{\"owner\": \"Mose Bogan\"}','2017-06-09 21:58:13','2020-04-02 19:45:34'),(341,3,135,'https://dropbox/vk/file_72720',11309450,'{\"owner\": \"Bertha Trantow\"}','2012-12-18 11:26:14','2020-04-02 19:18:54'),(342,2,133,'https://dropbox/vk/file_58674',92538,'{\"owner\": \"Zoie Wintheiser\"}','2018-12-31 20:05:53','2020-04-02 19:45:34'),(343,1,57,'https://dropbox/vk/file_75210',3849884,'{\"owner\": \"Janie Murphy\"}','2017-10-23 16:08:40','2020-04-02 19:45:34'),(344,3,89,'https://dropbox/vk/file_28',47052,'{\"owner\": \"Monica Nienow\"}','2018-01-07 14:30:44','2020-04-02 19:18:54'),(345,1,70,'https://dropbox/vk/file_74510',57646,'{\"owner\": \"Elnora Thompson\"}','2017-05-05 01:12:02','2020-04-02 19:45:34'),(346,1,85,'https://dropbox/vk/file_72463',47071,'{\"owner\": \"Daren Hodkiewicz\"}','2019-02-10 03:59:15','2020-04-02 19:45:34'),(347,3,12,'https://dropbox/vk/file_38785',62419,'{\"owner\": \"Cierra Kozey\"}','2020-03-20 10:48:55','2020-04-02 19:18:54'),(348,1,7,'https://dropbox/vk/file_76536',88437994,'{\"owner\": \"Ford Herzog\"}','2010-06-26 04:09:20','2020-04-02 19:18:54'),(349,2,196,'https://dropbox/vk/file_66324',69319835,'{\"owner\": \"Ramiro Conn\"}','2017-10-10 01:45:19','2020-04-02 19:18:54'),(350,1,161,'https://dropbox/vk/file_2011',313305229,'{\"owner\": \"Kelly Dickinson\"}','2016-03-11 08:04:04','2020-04-02 19:18:54'),(351,1,15,'https://dropbox/vk/file_11085',70879,'{\"owner\": \"Davon Bosco\"}','2017-04-06 21:51:22','2020-04-02 19:18:54'),(352,1,191,'https://dropbox/vk/file_49391',1616858,'{\"owner\": \"Amely Auer\"}','2014-03-17 06:29:00','2020-04-02 19:45:34'),(353,1,108,'https://dropbox/vk/file_13699',151188542,'{\"owner\": \"Loraine Bayer\"}','2016-12-28 21:57:42','2020-04-02 19:45:34'),(354,2,169,'https://dropbox/vk/file_20320',67137,'{\"owner\": \"Rex Upton\"}','2015-04-10 01:39:04','2020-04-02 19:45:34'),(355,1,120,'https://dropbox/vk/file_60503',198643,'{\"owner\": \"Gregorio Herman\"}','2020-01-19 05:24:32','2020-04-02 19:45:34'),(356,2,91,'https://dropbox/vk/file_41555',23050,'{\"owner\": \"Doyle Johnston\"}','2019-08-10 11:55:42','2020-04-02 19:18:54'),(357,3,97,'https://dropbox/vk/file_26263',316460,'{\"owner\": \"Ayden Turner\"}','2020-01-19 04:34:55','2020-04-02 19:18:54'),(358,3,12,'https://dropbox/vk/file_6653',797393,'{\"owner\": \"Cierra Kozey\"}','2017-10-22 19:00:54','2020-04-02 19:18:54'),(359,1,166,'https://dropbox/vk/file_54474',13836,'{\"owner\": \"Imogene Gulgowski\"}','2015-10-27 09:04:59','2020-04-02 19:18:54'),(360,1,196,'https://dropbox/vk/file_52412',46898018,'{\"owner\": \"Ramiro Conn\"}','2013-03-25 21:33:43','2020-04-02 19:18:54'),(361,3,80,'https://dropbox/vk/file_98638',31,'{\"owner\": \"Nina Fritsch\"}','2019-05-09 04:36:40','2020-04-02 19:18:54'),(362,2,13,'https://dropbox/vk/file_35951',321213450,'{\"owner\": \"Wilhelm Ward\"}','2014-03-28 14:34:55','2020-04-02 19:45:34'),(363,1,22,'https://dropbox/vk/file_83843',58647,'{\"owner\": \"Joshua Wisoky\"}','2015-10-12 16:57:10','2020-04-02 19:45:34'),(364,2,73,'https://dropbox/vk/file_11359',40690319,'{\"owner\": \"Norval Miller\"}','2019-09-02 22:51:13','2020-04-02 19:45:34'),(365,1,96,'https://dropbox/vk/file_5269',4883842,'{\"owner\": \"Breanna Orn\"}','2016-03-23 13:47:24','2020-04-02 19:45:34'),(366,2,60,'https://dropbox/vk/file_92264',50158327,'{\"owner\": \"Lexi Deckow\"}','2018-01-13 02:10:12','2020-04-02 19:45:34'),(367,1,14,'https://dropbox/vk/file_45516',479044,'{\"owner\": \"Jeanne Kunze\"}','2017-05-28 00:57:12','2020-04-02 19:18:54'),(368,1,91,'https://dropbox/vk/file_50785',93142,'{\"owner\": \"Doyle Johnston\"}','2019-10-01 18:29:19','2020-04-02 19:18:54'),(369,2,9,'https://dropbox/vk/file_17376',89767,'{\"owner\": \"Mertie Parisian\"}','2019-06-24 08:01:02','2020-04-02 19:18:54'),(370,2,172,'https://dropbox/vk/file_34524',69409,'{\"owner\": \"Alford Koch\"}','2017-12-27 17:55:16','2020-04-02 19:45:34'),(371,3,35,'https://dropbox/vk/file_20492',565472,'{\"owner\": \"Jordi Herzog\"}','2016-12-31 06:58:12','2020-04-02 19:18:54'),(372,2,58,'https://dropbox/vk/file_98887',77745,'{\"owner\": \"Harvey Greenfelder\"}','2016-07-04 15:28:06','2020-04-02 19:45:34'),(373,2,182,'https://dropbox/vk/file_32960',90326588,'{\"owner\": \"Einar Denesik\"}','2020-03-15 00:44:50','2020-04-02 19:45:34'),(374,3,138,'https://dropbox/vk/file_68138',80498,'{\"owner\": \"Aylin Wyman\"}','2020-01-15 18:53:46','2020-04-02 19:18:54'),(375,1,142,'https://dropbox/vk/file_41811',69254,'{\"owner\": \"Gardner Feil\"}','2019-08-05 20:38:54','2020-04-02 19:45:34'),(376,2,94,'https://dropbox/vk/file_4640',300821,'{\"owner\": \"Bret Kirlin\"}','2020-01-14 23:50:56','2020-04-02 19:45:34'),(377,1,45,'https://dropbox/vk/file_97766',4775,'{\"owner\": \"Garland Hand\"}','2013-04-21 23:10:08','2020-04-02 19:45:34'),(378,2,141,'https://dropbox/vk/file_74909',1664741,'{\"owner\": \"Cordie Stanton\"}','2019-07-28 20:43:03','2020-04-02 19:45:34'),(379,1,172,'https://dropbox/vk/file_81247',16115,'{\"owner\": \"Alford Koch\"}','2017-12-27 17:55:16','2020-04-02 19:45:34'),(380,1,35,'https://dropbox/vk/file_81507',3055676,'{\"owner\": \"Jordi Herzog\"}','2019-10-17 20:13:53','2020-04-02 19:18:54'),(381,3,57,'https://dropbox/vk/file_63793',17754,'{\"owner\": \"Janie Murphy\"}','2017-10-23 16:08:40','2020-04-02 19:45:34'),(382,3,182,'https://dropbox/vk/file_74444',42216,'{\"owner\": \"Einar Denesik\"}','2020-03-15 00:44:50','2020-04-02 19:45:34'),(383,1,136,'https://dropbox/vk/file_80842',66246,'{\"owner\": \"Lorna Feil\"}','2018-12-25 07:50:45','2020-04-02 19:18:54'),(384,1,136,'https://dropbox/vk/file_80876',82885,'{\"owner\": \"Lorna Feil\"}','2011-04-29 22:20:07','2020-04-02 19:18:54'),(385,2,72,'https://dropbox/vk/file_61854',1290357,'{\"owner\": \"Wyatt Heidenreich\"}','2016-11-28 01:20:41','2020-04-02 19:18:54'),(386,2,152,'https://dropbox/vk/file_66642',15686,'{\"owner\": \"Anastacio Lynch\"}','2013-03-29 06:53:20','2020-04-02 19:45:34'),(387,1,143,'https://dropbox/vk/file_47645',29774,'{\"owner\": \"Claire Simonis\"}','2013-08-19 22:52:09','2020-04-02 19:18:54'),(388,2,56,'https://dropbox/vk/file_38301',334779,'{\"owner\": \"Lily Kuhic\"}','2016-12-26 06:29:09','2020-04-02 19:18:54'),(389,1,54,'https://dropbox/vk/file_48568',1812,'{\"owner\": \"Mckenna Schimmel\"}','2019-10-25 04:20:35','2020-04-02 19:45:34'),(390,2,99,'https://dropbox/vk/file_27935',19738,'{\"owner\": \"Josiah Weber\"}','2018-04-23 12:17:52','2020-04-02 19:45:34'),(391,2,132,'https://dropbox/vk/file_93972',93255,'{\"owner\": \"Erika Bechtelar\"}','2019-06-22 18:20:22','2020-04-02 19:18:54'),(392,3,162,'https://dropbox/vk/file_86057',7061,'{\"owner\": \"Ramona Harris\"}','2019-11-25 00:13:52','2020-04-02 19:45:34'),(393,2,16,'https://dropbox/vk/file_48365',55537,'{\"owner\": \"Wilfredo Brown\"}','2019-06-19 15:23:27','2020-04-02 19:18:54'),(394,2,191,'https://dropbox/vk/file_83654',56501,'{\"owner\": \"Amely Auer\"}','2015-02-18 17:42:02','2020-04-02 19:18:54'),(395,3,109,'https://dropbox/vk/file_73174',203789,'{\"owner\": \"Clara Smith\"}','2019-09-21 17:06:00','2020-04-02 19:45:34'),(396,3,170,'https://dropbox/vk/file_14907',34589,'{\"owner\": \"Tressa Crona\"}','2018-06-25 07:30:35','2020-04-02 19:18:54'),(397,3,123,'https://dropbox/vk/file_55011',15892,'{\"owner\": \"Missouri Gibson\"}','2018-09-17 16:06:30','2020-04-02 19:45:34'),(398,1,106,'https://dropbox/vk/file_30337',10975497,'{\"owner\": \"Marvin Hilpert\"}','2018-12-25 23:31:25','2020-04-02 19:18:54'),(399,2,160,'https://dropbox/vk/file_86650',9960,'{\"owner\": \"Tyshawn Balistreri\"}','2016-09-08 23:18:43','2020-04-02 19:18:54'),(400,1,83,'https://dropbox/vk/file_42237',2124,'{\"owner\": \"Berta Kovacek\"}','2020-01-27 21:01:55','2020-04-02 19:45:34'),(401,3,133,'https://dropbox/vk/file_51236',62490457,'{\"owner\": \"Zoie Wintheiser\"}','2018-12-31 20:05:53','2020-04-02 19:45:34'),(402,2,14,'https://dropbox/vk/file_29467',73382,'{\"owner\": \"Jeanne Kunze\"}','2016-10-05 22:34:42','2020-04-02 19:18:54'),(403,3,74,'https://dropbox/vk/file_93628',80738,'{\"owner\": \"Gilberto Mosciski\"}','2014-09-05 07:19:44','2020-04-02 19:45:34'),(404,3,124,'https://dropbox/vk/file_79737',737100,'{\"owner\": \"Pink Collins\"}','2018-11-23 15:05:23','2020-04-02 19:45:34'),(405,1,1,'https://dropbox/vk/file_17799',65826903,'{\"owner\": \"Ryley Gislason\"}','2019-12-02 07:15:00','2020-04-02 19:45:34'),(406,1,30,'https://dropbox/vk/file_49787',97318,'{\"owner\": \"Enoch Kunde\"}','2018-03-14 07:13:41','2020-04-02 19:45:34'),(407,1,146,'https://dropbox/vk/file_95536',1078422,'{\"owner\": \"Teresa Leuschke\"}','2018-05-25 14:39:32','2020-04-02 19:45:34'),(408,2,42,'https://dropbox/vk/file_28319',196861844,'{\"owner\": \"Laron Jones\"}','2017-12-23 00:10:56','2020-04-02 19:18:54'),(409,2,172,'https://dropbox/vk/file_54987',44377,'{\"owner\": \"Alford Koch\"}','2017-12-27 17:55:16','2020-04-02 19:45:34'),(410,3,131,'https://dropbox/vk/file_89975',224076,'{\"owner\": \"Aiyana Deckow\"}','2018-02-09 11:21:18','2020-04-02 19:45:34'),(411,2,141,'https://dropbox/vk/file_84916',29929,'{\"owner\": \"Cordie Stanton\"}','2019-07-28 20:43:03','2020-04-02 19:45:34'),(412,3,111,'https://dropbox/vk/file_54654',16516,'{\"owner\": \"Ebba Beer\"}','2012-09-13 02:36:06','2020-04-02 19:18:54'),(413,2,131,'https://dropbox/vk/file_18521',473269,'{\"owner\": \"Aiyana Deckow\"}','2018-02-09 11:21:18','2020-04-02 19:45:34'),(414,3,120,'https://dropbox/vk/file_28642',305014,'{\"owner\": \"Gregorio Herman\"}','2020-01-19 05:24:32','2020-04-02 19:45:34'),(415,3,8,'https://dropbox/vk/file_87649',92789,'{\"owner\": \"Domenic Willms\"}','2015-06-12 11:59:18','2020-04-02 19:18:54'),(416,3,77,'https://dropbox/vk/file_52315',445190993,'{\"owner\": \"Samanta Kihn\"}','2018-03-06 08:01:05','2020-04-02 19:45:34'),(417,2,164,'https://dropbox/vk/file_98629',78982,'{\"owner\": \"Tyra Lockman\"}','2014-07-07 10:46:36','2020-04-02 19:18:54'),(418,1,186,'https://dropbox/vk/file_36200',106460432,'{\"owner\": \"Stefanie Anderson\"}','2018-01-21 20:29:50','2020-04-02 19:18:54'),(419,3,39,'https://dropbox/vk/file_85114',14398,'{\"owner\": \"Christ Thiel\"}','2012-11-06 13:53:04','2020-04-02 19:45:34'),(420,3,36,'https://dropbox/vk/file_16967',93621,'{\"owner\": \"Dorothy Schuppe\"}','2013-08-01 16:12:34','2020-04-02 19:45:34'),(421,2,61,'https://dropbox/vk/file_29494',9041175,'{\"owner\": \"Virgie Monahan\"}','2014-05-29 05:59:17','2020-04-02 19:18:54'),(422,2,198,'https://dropbox/vk/file_96567',24911,'{\"owner\": \"Jody Lubowitz\"}','2018-09-24 09:33:41','2020-04-02 19:45:34'),(423,1,8,'https://dropbox/vk/file_94352',22785664,'{\"owner\": \"Domenic Willms\"}','2013-04-19 06:22:01','2020-04-02 19:18:54'),(424,2,44,'https://dropbox/vk/file_82060',53299,'{\"owner\": \"Rahsaan Zemlak\"}','2020-03-30 15:15:41','2020-04-02 19:18:54'),(425,1,195,'https://dropbox/vk/file_27243',43693,'{\"owner\": \"Christelle Abbott\"}','2019-10-20 09:00:43','2020-04-02 19:18:54'),(426,3,44,'https://dropbox/vk/file_90035',43730,'{\"owner\": \"Rahsaan Zemlak\"}','2020-01-13 23:10:30','2020-04-02 19:18:54'),(427,1,35,'https://dropbox/vk/file_68446',87570,'{\"owner\": \"Jordi Herzog\"}','2020-03-25 01:29:59','2020-04-02 19:18:54'),(428,2,40,'https://dropbox/vk/file_72125',6661,'{\"owner\": \"Marianna Nikolaus\"}','2018-12-07 13:00:39','2020-04-02 19:18:54'),(429,2,94,'https://dropbox/vk/file_55284',70596,'{\"owner\": \"Bret Kirlin\"}','2020-01-14 23:50:56','2020-04-02 19:45:34'),(430,2,150,'https://dropbox/vk/file_60047',37940726,'{\"owner\": \"Berenice Kozey\"}','2018-11-26 23:26:42','2020-04-02 19:18:54'),(431,2,67,'https://dropbox/vk/file_34381',259969261,'{\"owner\": \"Jon Walter\"}','2019-10-03 22:32:12','2020-04-02 19:45:34'),(432,3,86,'https://dropbox/vk/file_91764',32993,'{\"owner\": \"Amparo Yost\"}','2017-03-05 13:31:18','2020-04-02 19:18:54'),(433,3,27,'https://dropbox/vk/file_55677',53179,'{\"owner\": \"Ida Douglas\"}','2015-07-03 22:43:45','2020-04-02 19:45:34'),(434,2,78,'https://dropbox/vk/file_3094',66914,'{\"owner\": \"Linnea Blanda\"}','2016-10-22 21:23:35','2020-04-02 19:18:54'),(435,3,108,'https://dropbox/vk/file_48437',75035,'{\"owner\": \"Loraine Bayer\"}','2016-12-28 21:57:42','2020-04-02 19:45:34'),(436,3,104,'https://dropbox/vk/file_32904',210888056,'{\"owner\": \"Jackie Bashirian\"}','2017-08-18 17:22:22','2020-04-02 19:18:54'),(437,3,197,'https://dropbox/vk/file_19208',74431,'{\"owner\": \"Veda Friesen\"}','2018-11-22 17:17:19','2020-04-02 19:45:34'),(438,3,73,'https://dropbox/vk/file_97328',763113,'{\"owner\": \"Norval Miller\"}','2020-03-11 20:08:11','2020-04-02 19:18:54'),(439,2,171,'https://dropbox/vk/file_29017',47051,'{\"owner\": \"Gay Beier\"}','2014-11-08 02:16:39','2020-04-02 19:45:34'),(440,3,38,'https://dropbox/vk/file_53097',11961,'{\"owner\": \"Stefanie Nienow\"}','2019-06-07 06:07:52','2020-04-02 19:18:54'),(441,1,77,'https://dropbox/vk/file_78436',42918,'{\"owner\": \"Samanta Kihn\"}','2018-06-07 11:44:31','2020-04-02 19:18:54'),(442,2,70,'https://dropbox/vk/file_32887',30488,'{\"owner\": \"Elnora Thompson\"}','2017-05-05 01:12:02','2020-04-02 19:45:34'),(443,1,118,'https://dropbox/vk/file_29128',18652,'{\"owner\": \"Vicky Balistreri\"}','2015-09-27 11:44:14','2020-04-02 19:18:54'),(444,1,180,'https://dropbox/vk/file_46980',57374,'{\"owner\": \"Krystel Murray\"}','2018-04-10 04:32:57','2020-04-02 19:45:34'),(445,3,145,'https://dropbox/vk/file_47512',30916,'{\"owner\": \"Jada Miller\"}','2011-08-25 12:37:17','2020-04-02 19:45:34'),(446,2,186,'https://dropbox/vk/file_96621',50812137,'{\"owner\": \"Stefanie Anderson\"}','2013-10-02 13:39:00','2020-04-02 19:18:54'),(447,3,92,'https://dropbox/vk/file_40567',1918689,'{\"owner\": \"Telly Prohaska\"}','2019-12-23 06:23:15','2020-04-02 19:45:34'),(448,3,104,'https://dropbox/vk/file_12972',746797265,'{\"owner\": \"Jackie Bashirian\"}','2012-12-13 02:35:40','2020-04-02 19:18:54'),(449,2,41,'https://dropbox/vk/file_43159',649343990,'{\"owner\": \"Dexter Heaney\"}','2018-09-10 06:33:59','2020-04-02 19:45:34'),(450,3,93,'https://dropbox/vk/file_76879',82457,'{\"owner\": \"Anjali Schaefer\"}','2016-03-11 03:38:37','2020-04-02 19:18:54'),(451,3,140,'https://dropbox/vk/file_54918',104068896,'{\"owner\": \"Beryl Lindgren\"}','2013-12-13 12:35:10','2020-04-02 19:18:54'),(452,3,21,'https://dropbox/vk/file_43952',96109754,'{\"owner\": \"Rocio Haag\"}','2016-10-01 03:29:37','2020-04-02 19:18:54'),(453,3,86,'https://dropbox/vk/file_55004',19534,'{\"owner\": \"Amparo Yost\"}','2016-01-16 23:13:15','2020-04-02 19:45:34'),(454,3,165,'https://dropbox/vk/file_43165',50301,'{\"owner\": \"Amir Blick\"}','2018-12-03 05:18:33','2020-04-02 19:18:54'),(455,3,166,'https://dropbox/vk/file_50811',7256675,'{\"owner\": \"Imogene Gulgowski\"}','2014-07-28 16:44:31','2020-04-02 19:18:54'),(456,3,135,'https://dropbox/vk/file_24560',4219238,'{\"owner\": \"Bertha Trantow\"}','2016-12-04 08:45:24','2020-04-02 19:18:54'),(457,2,175,'https://dropbox/vk/file_70368',92903,'{\"owner\": \"Forest O\'Conner\"}','2019-12-18 04:41:18','2020-04-02 19:18:54'),(458,1,71,'https://dropbox/vk/file_78159',13609,'{\"owner\": \"Hailey O\'Hara\"}','2015-11-05 04:30:27','2020-04-02 19:18:54'),(459,1,29,'https://dropbox/vk/file_79692',357051,'{\"owner\": \"Mercedes Bernier\"}','2017-09-12 19:18:17','2020-04-02 19:18:54'),(460,1,132,'https://dropbox/vk/file_63980',89337,'{\"owner\": \"Erika Bechtelar\"}','2012-07-28 01:38:46','2020-04-02 19:18:54'),(461,2,171,'https://dropbox/vk/file_80824',3594414,'{\"owner\": \"Gay Beier\"}','2016-02-20 05:13:32','2020-04-02 19:18:54'),(462,1,61,'https://dropbox/vk/file_12178',5857,'{\"owner\": \"Virgie Monahan\"}','2018-03-22 04:38:28','2020-04-02 19:18:54'),(463,3,190,'https://dropbox/vk/file_18418',59253,'{\"owner\": \"Talon Moen\"}','2017-11-16 02:01:17','2020-04-02 19:45:34'),(464,2,165,'https://dropbox/vk/file_55556',61276,'{\"owner\": \"Amir Blick\"}','2018-07-14 10:24:06','2020-04-02 19:18:54'),(465,3,55,'https://dropbox/vk/file_22525',783559366,'{\"owner\": \"Janie Considine\"}','2015-11-28 12:30:28','2020-04-02 19:18:54'),(466,3,182,'https://dropbox/vk/file_45957',88805,'{\"owner\": \"Einar Denesik\"}','2020-03-15 00:44:50','2020-04-02 19:45:34'),(467,2,142,'https://dropbox/vk/file_62209',29491323,'{\"owner\": \"Gardner Feil\"}','2019-08-05 20:38:54','2020-04-02 19:45:34'),(468,1,165,'https://dropbox/vk/file_73173',60198,'{\"owner\": \"Amir Blick\"}','2016-04-19 08:58:13','2020-04-02 19:18:54'),(469,3,198,'https://dropbox/vk/file_79239',33127,'{\"owner\": \"Jody Lubowitz\"}','2018-09-24 09:33:41','2020-04-02 19:45:34'),(470,2,97,'https://dropbox/vk/file_76673',326378718,'{\"owner\": \"Ayden Turner\"}','2016-05-02 04:42:58','2020-04-02 19:45:34'),(471,1,87,'https://dropbox/vk/file_45649',34576,'{\"owner\": \"Nina Bergnaum\"}','2018-03-13 01:42:59','2020-04-02 19:18:54'),(472,3,145,'https://dropbox/vk/file_98226',92285,'{\"owner\": \"Jada Miller\"}','2015-01-06 15:02:24','2020-04-02 19:18:54'),(473,1,65,'https://dropbox/vk/file_54183',20088,'{\"owner\": \"Zelma Gibson\"}','2011-06-11 04:32:22','2020-04-02 19:18:54'),(474,3,87,'https://dropbox/vk/file_76238',668272912,'{\"owner\": \"Nina Bergnaum\"}','2012-10-16 03:56:54','2020-04-02 19:18:54'),(475,1,40,'https://dropbox/vk/file_18638',792475,'{\"owner\": \"Marianna Nikolaus\"}','2013-11-07 23:40:22','2020-04-02 19:45:34'),(476,1,137,'https://dropbox/vk/file_64474',57695,'{\"owner\": \"Trystan West\"}','2018-05-22 07:40:00','2020-04-02 19:45:34'),(477,3,167,'https://dropbox/vk/file_66459',2595622,'{\"owner\": \"Herminia Reichel\"}','2017-10-05 13:03:34','2020-04-02 19:18:54'),(478,1,22,'https://dropbox/vk/file_38871',11622,'{\"owner\": \"Joshua Wisoky\"}','2015-10-12 16:57:10','2020-04-02 19:45:34'),(479,1,11,'https://dropbox/vk/file_94979',244324,'{\"owner\": \"Art Swaniawski\"}','2019-02-24 07:25:40','2020-04-02 19:18:54'),(480,1,187,'https://dropbox/vk/file_58281',90455,'{\"owner\": \"Shane Gottlieb\"}','2018-12-06 16:18:07','2020-04-02 19:18:54'),(481,1,100,'https://dropbox/vk/file_6465',85021,'{\"owner\": \"Felicita Bashirian\"}','2019-07-06 08:35:34','2020-04-02 19:18:54'),(482,3,141,'https://dropbox/vk/file_57485',90242,'{\"owner\": \"Cordie Stanton\"}','2019-08-24 20:35:16','2020-04-02 19:18:54'),(483,3,3,'https://dropbox/vk/file_68028',25728,'{\"owner\": \"Lonzo Hayes\"}','2015-03-27 18:28:12','2020-04-02 19:18:54'),(484,3,193,'https://dropbox/vk/file_67683',96144,'{\"owner\": \"Royal Wisoky\"}','2020-01-02 09:27:51','2020-04-02 19:18:54'),(485,1,157,'https://dropbox/vk/file_34332',9995,'{\"owner\": \"Matteo Reynolds\"}','2019-07-08 23:12:24','2020-04-02 19:45:34'),(486,3,2,'https://dropbox/vk/file_68611',12736,'{\"owner\": \"Manuela Heller\"}','2019-10-21 22:15:23','2020-04-02 19:45:34'),(487,3,139,'https://dropbox/vk/file_40058',25288907,'{\"owner\": \"Blanca Raynor\"}','2017-07-09 22:34:34','2020-04-02 19:18:54'),(488,1,88,'https://dropbox/vk/file_94456',61544,'{\"owner\": \"Marilou Kshlerin\"}','2014-02-16 22:37:06','2020-04-02 19:45:34'),(489,1,25,'https://dropbox/vk/file_52106',77734,'{\"owner\": \"Cleora Labadie\"}','2015-07-02 01:49:55','2020-04-02 19:18:54'),(490,3,60,'https://dropbox/vk/file_77162',4035,'{\"owner\": \"Lexi Deckow\"}','2018-01-13 02:10:12','2020-04-02 19:45:34'),(491,1,24,'https://dropbox/vk/file_29491',86974,'{\"owner\": \"Zola Lockman\"}','2016-10-02 20:12:34','2020-04-02 19:18:54'),(492,1,137,'https://dropbox/vk/file_15968',29306,'{\"owner\": \"Trystan West\"}','2018-05-22 07:40:00','2020-04-02 19:45:34'),(493,1,16,'https://dropbox/vk/file_91369',19064363,'{\"owner\": \"Wilfredo Brown\"}','2019-02-22 18:13:34','2020-04-02 19:18:54'),(494,2,67,'https://dropbox/vk/file_8938',22763,'{\"owner\": \"Jon Walter\"}','2019-10-03 22:32:12','2020-04-02 19:45:34'),(495,1,85,'https://dropbox/vk/file_70583',52892,'{\"owner\": \"Daren Hodkiewicz\"}','2019-02-10 03:59:15','2020-04-02 19:45:34'),(496,2,24,'https://dropbox/vk/file_26101',17214,'{\"owner\": \"Zola Lockman\"}','2016-04-27 08:50:09','2020-04-02 19:45:34'),(497,1,63,'https://dropbox/vk/file_18754',96174,'{\"owner\": \"Jaylan Green\"}','2015-10-20 07:11:47','2020-04-02 19:45:34'),(498,2,46,'https://dropbox/vk/file_15468',22190,'{\"owner\": \"Vance Lueilwitz\"}','2018-06-02 19:11:16','2020-04-02 19:45:34'),(499,1,39,'https://dropbox/vk/file_21079',1950433,'{\"owner\": \"Christ Thiel\"}','2016-02-15 23:34:48','2020-04-02 19:18:54'),(500,1,54,'https://dropbox/vk/file_58989',36111088,'{\"owner\": \"Mckenna Schimmel\"}','2019-10-25 04:20:35','2020-04-02 19:45:34');
/*!40000 ALTER TABLE `media` ENABLE KEYS */;
UNLOCK TABLES;

--
-- Table structure for table `media_types`
--

DROP TABLE IF EXISTS `media_types`;
/*!40101 SET @saved_cs_client     = @@character_set_client */;
/*!50503 SET character_set_client = utf8mb4 */;
CREATE TABLE `media_types` (
  `id` int unsigned NOT NULL AUTO_INCREMENT,
  `name` varchar(255) CHARACTER SET utf8 COLLATE utf8_unicode_ci NOT NULL,
  PRIMARY KEY (`id`),
  UNIQUE KEY `name` (`name`)
) ENGINE=InnoDB AUTO_INCREMENT=4 DEFAULT CHARSET=utf8 COLLATE=utf8_unicode_ci;
/*!40101 SET character_set_client = @saved_cs_client */;

--
-- Dumping data for table `media_types`
--

LOCK TABLES `media_types` WRITE;
/*!40000 ALTER TABLE `media_types` DISABLE KEYS */;
INSERT INTO `media_types` VALUES (3,'audio'),(2,'photo'),(1,'video');
/*!40000 ALTER TABLE `media_types` ENABLE KEYS */;
UNLOCK TABLES;

--
-- Table structure for table `messages`
--

DROP TABLE IF EXISTS `messages`;
/*!40101 SET @saved_cs_client     = @@character_set_client */;
/*!50503 SET character_set_client = utf8mb4 */;
CREATE TABLE `messages` (
  `id` int unsigned NOT NULL AUTO_INCREMENT,
  `from_user_id` int unsigned NOT NULL,
  `to_user_id` int unsigned NOT NULL,
  `body` text CHARACTER SET utf8 COLLATE utf8_unicode_ci NOT NULL,
  `is_important` tinyint(1) DEFAULT NULL,
  `is_delivered` tinyint(1) DEFAULT NULL,
  `created_at` datetime DEFAULT CURRENT_TIMESTAMP,
  PRIMARY KEY (`id`),
  KEY `messages_from_user_id_fk` (`from_user_id`),
  KEY `messages_to_user_id_fk` (`to_user_id`),
  CONSTRAINT `messages_from_user_id_fk` FOREIGN KEY (`from_user_id`) REFERENCES `users` (`id`),
  CONSTRAINT `messages_to_user_id_fk` FOREIGN KEY (`to_user_id`) REFERENCES `users` (`id`)
) ENGINE=InnoDB AUTO_INCREMENT=1005 DEFAULT CHARSET=utf8 COLLATE=utf8_unicode_ci;
/*!40101 SET character_set_client = @saved_cs_client */;

--
-- Dumping data for table `messages`
--

LOCK TABLES `messages` WRITE;
/*!40000 ALTER TABLE `messages` DISABLE KEYS */;
INSERT INTO `messages` VALUES (1,46,177,'Laboriosam temporibus inventore quia repellat et eaque magni. Quia deleniti sint corporis rerum repudiandae veritatis error. Doloremque eaque ut commodi fuga natus. Est qui est ipsam aliquid incidunt sed labore. Et recusandae et non velit nulla perferendis.',1,1,'2018-06-02 19:11:16'),(2,145,194,'Maiores rerum modi deleniti et nihil. Temporibus alias debitis molestiae nam. Et impedit velit explicabo rerum. Hic repudiandae non accusantium omnis voluptatem deleniti sint.',1,1,'2013-11-28 05:13:59'),(3,133,84,'Aliquid laudantium beatae sit minus sint. Vitae voluptatibus tenetur aut dolor ratione. Ut autem voluptatem laborum et. Eum quam voluptatem id accusamus vero mollitia.',1,0,'2019-10-04 03:19:43'),(4,22,56,'Et ea qui qui ut et rerum rerum. Et quos dolore minus hic. Voluptate sint harum quos alias.',1,1,'2015-10-12 16:57:10'),(5,13,96,'Quia laboriosam est aliquid maxime itaque quod. Voluptatibus amet explicabo aperiam earum.',1,0,'2017-02-15 01:01:11'),(6,42,122,'Accusantium fuga illo natus. Esse laborum ut distinctio quod perspiciatis laboriosam debitis. Eos magni aliquid provident omnis. Et commodi ut sapiente. Ut pariatur et nesciunt quod.',1,0,'2014-07-24 19:50:03'),(7,84,54,'Velit veritatis eos non autem sapiente cupiditate quos. Nihil qui sint impedit rerum voluptas illum veritatis. Voluptate omnis commodi quia voluptas. Sequi nesciunt in et.',1,1,'2012-04-07 13:36:11'),(8,19,129,'Vero facilis laudantium sit et vel commodi iure. Quos autem est earum vero molestiae soluta incidunt quisquam. Doloremque esse ab odit.',0,1,'2016-03-05 03:38:10'),(9,189,159,'Blanditiis officia molestiae voluptatem quia dolores laborum delectus. Impedit dolor adipisci veritatis. Perferendis facere itaque accusantium enim. Modi sequi consequatur nulla animi vel sed.',1,1,'2019-04-23 07:31:31'),(10,26,53,'Voluptate enim qui quo. Aliquam beatae velit qui rem eius labore. Qui repellendus debitis id nobis quia. Aut et omnis debitis repudiandae.',0,1,'2015-11-26 08:49:05'),(11,185,167,'Et dolor molestiae quia nesciunt atque deleniti sunt necessitatibus. Quia tenetur rerum tempore occaecati molestiae voluptate. Enim voluptates ratione eaque adipisci veniam porro voluptatem beatae. Rerum commodi aut numquam.',0,0,'2017-03-26 07:47:25'),(12,80,97,'Et id porro enim et aut. Nihil suscipit dicta saepe atque sunt voluptatem deserunt error. Possimus necessitatibus consequuntur blanditiis quia autem non. Quis et est officia quae.',1,1,'2016-02-16 22:24:28'),(13,45,136,'Quam in voluptatibus voluptatum et velit aut. Nemo tempora voluptatem quae rem eveniet qui amet. Quisquam totam et eius blanditiis accusamus id.',0,1,'2013-04-21 23:10:08'),(14,141,96,'Voluptatem dolorum placeat placeat ut. Voluptates est molestiae sint rerum. Iure eum necessitatibus consequatur ad ipsum dignissimos.',0,1,'2019-07-28 20:43:03'),(15,59,8,'Accusantium et reiciendis ut magnam rerum molestiae voluptatem. Quis animi cumque dolore sapiente illum quae. Repellat quas voluptatem rem doloribus eos cum aut qui. Aut tempora aut sit aut suscipit eos.',0,0,'2019-10-09 01:49:46'),(16,59,72,'Sit nostrum sit quasi et. Sit officiis et laudantium quos. Iure iure sit vitae rerum perspiciatis et.',1,0,'2019-10-09 01:49:46'),(17,182,94,'Aspernatur delectus est deserunt repudiandae voluptatem illum. Expedita ut harum sequi eveniet. Eius quo rerum enim eos. Qui voluptatem qui culpa veniam dolor rerum.',1,1,'2020-03-15 00:44:50'),(18,122,126,'Sit voluptatem ut sed unde ratione. Quisquam incidunt tempore dolorem dolor modi reiciendis fuga. Nam dolorem ut facere veniam similique perspiciatis porro. Enim doloribus molestiae exercitationem qui.',1,1,'2018-02-08 17:06:33'),(19,67,156,'Iure ut esse iusto est ratione. Placeat quis aut quidem quia voluptatum. Accusamus quia qui quas quaerat est.',0,1,'2019-10-03 22:32:12'),(20,178,23,'Accusantium qui tenetur et commodi. Numquam repellat voluptas provident eos harum.',1,1,'2015-12-28 16:37:38'),(21,181,34,'Modi at qui incidunt doloribus est molestiae eum. Dolor odit deserunt ab eligendi cupiditate. Fugiat rem qui hic. Temporibus excepturi neque ut fuga ex officia voluptate.',0,0,'2018-03-11 22:24:41'),(22,28,36,'Sunt quia quas tenetur consequatur. Quia maxime est aliquam exercitationem. Aliquid perferendis cupiditate tempore ut eum.',0,1,'2014-12-09 05:46:06'),(23,96,171,'Maiores dicta inventore consequatur nisi omnis quis quo. Fuga pariatur ut facilis. Ea incidunt sunt sunt qui et in magnam.',1,0,'2016-03-23 13:47:24'),(24,168,124,'Corporis voluptate nisi quisquam dolore sapiente eum et. Aut qui occaecati omnis autem est voluptates cupiditate. Qui tenetur facilis vel aperiam quasi consequatur dicta. Et et magnam sunt itaque tempora.',1,1,'2016-04-29 03:43:16'),(25,117,11,'Sed enim consequatur autem voluptatem non. Alias alias laborum adipisci libero molestiae occaecati qui. Maxime autem modi aut vel ut non.',1,1,'2017-04-15 08:36:04'),(26,104,85,'Dolorem et voluptatum autem aperiam. Repellat vel fugiat id mollitia exercitationem. Voluptates architecto molestias iste culpa cumque. Fugit autem reiciendis dolorem sunt veritatis est.',1,0,'2012-12-02 19:00:18'),(27,113,111,'Quia similique alias qui. Ipsam nemo corporis praesentium ut nam. Non pariatur velit fugit neque.',0,0,'2017-07-16 22:27:47'),(28,17,148,'Repellat et quia dolorem tenetur. Praesentium eaque aspernatur assumenda non vel quaerat. Et doloribus qui dolor nemo. Unde sint quia cupiditate est.',1,0,'2018-08-03 17:36:10'),(29,90,6,'Commodi illo est rerum ab perferendis dolor non. Quibusdam assumenda accusamus ut et. Magnam voluptatem iste deserunt sit aspernatur alias excepturi. Repellat et iusto cumque.',0,1,'2019-10-23 07:46:27'),(30,158,170,'Repellendus recusandae omnis nihil qui voluptatem. Nobis dolores ratione maiores exercitationem sit. Laudantium adipisci aut assumenda deleniti quidem beatae ullam laboriosam. Dignissimos ipsum sed sit iusto sint alias officiis. Facilis rerum numquam fugit quisquam.',1,0,'2019-04-15 17:58:35'),(31,179,184,'Fugit delectus in praesentium suscipit tenetur. Sint aspernatur dolores excepturi. Qui occaecati est ad molestiae laboriosam autem iusto corrupti. Qui ipsam laborum beatae consequatur ut.',1,0,'2016-02-05 12:56:49'),(32,182,157,'Quia sed sapiente libero odit voluptatibus. Aut et suscipit dolorem quibusdam consequuntur in. Quibusdam omnis dolore et assumenda in. Tempore aliquam nesciunt tempora ut fugit ipsam.',0,0,'2020-03-15 00:44:50'),(33,37,114,'Totam quasi eos qui dolore consequatur. Quia veritatis quod qui et. Vel beatae odit est earum dolorem ut.',1,0,'2015-04-24 18:05:49'),(34,59,151,'In doloremque ex dolores eius aut veniam. Excepturi dolorum totam iure possimus corporis. Expedita ipsum tempore eligendi sint nihil. Animi rerum quae dolorum voluptas tempore.',1,0,'2019-10-09 01:49:46'),(35,179,42,'Saepe enim voluptate quasi perspiciatis velit ducimus et. Eum est facere sit et magnam assumenda quidem. Voluptas minus cupiditate et modi omnis ad veritatis. Minus cum itaque et rem minima saepe.',0,1,'2018-07-29 08:32:30'),(36,74,41,'Expedita ut ut ut consequuntur dolores sit. Repellat maxime in quaerat veritatis molestiae illum. Et voluptatibus error velit rerum et.',0,1,'2020-01-26 09:08:46'),(37,185,199,'Maiores quibusdam vel rerum in reprehenderit. Autem quia et numquam. Sint quisquam voluptatem quia.',0,0,'2017-04-17 21:13:12'),(38,38,195,'Voluptatem hic atque dolor eius accusamus aut. Nihil voluptas est delectus odit iure recusandae voluptas. Perspiciatis laboriosam illum totam. Nihil sunt voluptas quis deserunt ex.',1,1,'2014-05-18 06:22:33'),(39,61,118,'A adipisci consequatur sequi repellat sit. Soluta error hic quia.',1,0,'2013-07-26 02:24:02'),(40,8,85,'Quaerat ullam nostrum excepturi ut quae. Nesciunt et consequatur qui aut. Repudiandae explicabo ex et expedita inventore eius vel repellat.',0,0,'2014-06-29 22:29:22'),(41,2,155,'Omnis unde odio qui molestias ut dolorem facilis et. Sequi error reprehenderit in est dolor. Eos sequi nostrum delectus possimus cum. Dicta rem libero ex eum eveniet quo.',1,0,'2020-01-25 04:05:22'),(42,166,167,'Dolor qui error dignissimos officiis labore consectetur mollitia. Qui occaecati alias autem. Molestiae quae eaque quo deleniti illum. Quia consectetur itaque qui minima provident mollitia.',0,1,'2018-05-05 22:55:39'),(43,136,178,'Similique aspernatur dolor delectus error omnis. Assumenda nisi dolor aliquid perferendis et repellat. Blanditiis aut officiis quod nemo corporis officia laudantium non. A quis et saepe nihil.',1,0,'2012-04-11 01:19:47'),(44,82,75,'Reprehenderit occaecati voluptates consequatur officiis sit. Quis quam fugiat eos voluptatem autem nobis omnis. Recusandae vitae eum maiores amet.',1,1,'2014-05-25 09:25:22'),(45,130,24,'Velit esse consequatur assumenda numquam quo cumque animi autem. Recusandae id accusamus dolorem alias dicta. Impedit temporibus non est similique deserunt autem sit est. Assumenda esse est id.',1,1,'2015-07-22 16:11:11'),(46,128,169,'Dolores molestias cumque debitis rem iste. Eos architecto eligendi odit voluptate quis et iure. Repellendus et ratione excepturi tempora quia. Aliquid laboriosam quo qui accusantium numquam quaerat.',0,0,'2014-01-26 17:29:34'),(47,62,1,'A voluptatibus quas rerum est eveniet id. Aut omnis at nesciunt iure doloremque. Rerum sed aut est ut.',0,0,'2017-02-11 06:13:27'),(48,18,89,'Modi sit voluptas sit et facilis asperiores. Minima tempore eos vitae quis quisquam nostrum. Tenetur eum commodi a laborum deserunt doloribus enim.',0,1,'2017-07-24 20:17:14'),(49,188,75,'Quas ipsa sunt animi hic minus. Repellendus nobis ut est rem quam voluptatum. Adipisci qui quam aut expedita quibusdam consectetur enim. Quia dolores odio vel quae earum. Eveniet atque soluta quae velit explicabo qui voluptas adipisci.',0,1,'2016-07-14 01:29:41'),(50,10,24,'Dolorem pariatur repudiandae asperiores sint. Quae rerum ipsum nihil eum molestiae dolorum eos.',0,0,'2012-05-11 14:10:04'),(51,90,179,'Magnam officiis labore qui vitae at provident. Qui soluta ratione repudiandae. Reiciendis quas minus consequatur perspiciatis quas doloremque.',0,0,'2019-10-23 07:46:27'),(52,21,170,'Eligendi delectus vero ratione et ut voluptas et. Quibusdam veritatis ullam ut exercitationem aliquid. Sit repudiandae quas illum veritatis cupiditate enim. Tempora unde culpa praesentium fugit. Sunt molestiae tenetur ut perferendis.',0,1,'2019-03-17 14:14:24'),(53,184,11,'Nisi sequi tenetur quibusdam consectetur suscipit exercitationem. Esse enim qui ut deleniti et omnis iusto. Nihil omnis nostrum minima veritatis qui et.',0,0,'2017-01-22 15:08:41'),(54,101,73,'Qui autem voluptas odit. Qui voluptas voluptatem asperiores voluptatum.',1,1,'2016-07-01 20:20:26'),(55,59,77,'Repellendus nesciunt temporibus ex amet. Sed dolor ipsum mollitia neque culpa repellat. Officiis veritatis quod sit enim qui et ipsa ad. Sunt magni dignissimos voluptatem animi voluptatem.',1,1,'2019-10-09 01:49:46'),(56,9,14,'Optio cupiditate voluptas non fugiat pariatur. Quidem porro voluptatem excepturi delectus. Alias corporis temporibus error magnam consequatur voluptatem. Optio illum quis quia libero magni.',0,1,'2017-02-20 18:26:13'),(57,43,172,'Voluptatibus molestiae enim ducimus suscipit sequi sit velit. Enim iste sed aut odit molestias iste. Sit nihil iusto aut numquam nisi.',0,1,'2017-12-26 07:45:44'),(58,129,130,'Et similique eum veniam provident ut quasi praesentium. Dignissimos consectetur similique a qui voluptatum. Quasi ex qui beatae ut necessitatibus eum minus. Aliquam enim eum facilis.',0,1,'2019-09-20 22:23:49'),(59,63,122,'Distinctio non maiores et alias quisquam animi. Velit inventore necessitatibus enim et. Quas sunt non aspernatur molestias iste. Sint ipsum autem ut.',0,1,'2019-06-13 15:18:48'),(60,21,139,'Qui consequatur iste fugit non fugit quo ipsam. Tempore ut eius quo inventore dicta repellendus non.',1,1,'2018-10-29 03:51:48'),(61,31,138,'Dolores ut autem dicta odio esse eligendi. Dolor est voluptatum repellat aut ab quisquam totam eum. Mollitia eligendi harum neque eum beatae iste et.',0,1,'2019-06-02 12:01:45'),(62,196,168,'Suscipit et illum minus est quidem soluta perspiciatis. Exercitationem molestiae ipsa dolorem laboriosam perferendis eos. Modi deserunt dolorem minus quis perspiciatis autem enim.',1,0,'2011-12-22 21:33:00'),(63,50,144,'Minus voluptatum consequuntur dolorum quae. Est possimus id error neque. Sequi accusamus provident at aut quia nemo.',1,0,'2019-06-11 09:30:58'),(64,169,15,'Quidem ullam numquam accusantium eum aut qui. Inventore voluptatum exercitationem officia velit molestiae blanditiis ea. Quae aspernatur et voluptas error consectetur. Repudiandae enim perspiciatis a omnis reiciendis nemo autem. Repellendus voluptatem necessitatibus dolorum suscipit suscipit.',0,1,'2017-08-02 18:00:30'),(65,167,187,'Qui facilis similique blanditiis deserunt voluptatem vero quidem. Quo fuga temporibus adipisci. Ipsam est suscipit officia cumque accusantium necessitatibus.',1,0,'2015-01-04 08:21:45'),(66,37,22,'Eaque sapiente ratione fugiat et. Mollitia doloribus recusandae enim et nihil in. Temporibus placeat sed odit et porro hic illum.',0,0,'2017-11-22 13:21:03'),(67,200,133,'Quisquam eos tenetur vero quis nesciunt qui fuga totam. Sequi ut aut ratione est accusamus ullam aspernatur.',1,1,'2015-10-03 01:01:32'),(68,64,123,'Est consectetur eius omnis. Voluptatem voluptatum non voluptatem. Dolores libero ut adipisci omnis non quaerat sed dolorem. Iusto amet quam recusandae debitis ut. Ducimus est sint perspiciatis voluptas.',0,1,'2017-09-15 17:34:39'),(69,19,128,'Libero minus totam consequatur praesentium eos qui. Eius culpa delectus aut voluptatem dolorem. Incidunt repellendus dignissimos iusto.',1,0,'2019-05-05 01:47:53'),(70,183,130,'Dolorum et exercitationem aliquid est totam. Omnis corrupti exercitationem ab rerum consequatur. Maiores quisquam sunt voluptatem est neque quam.',0,1,'2019-10-26 08:43:01'),(71,99,105,'Sint omnis eos quasi ut. Commodi sint voluptates officiis vero inventore quia enim expedita. Aut dolores est ad dolor doloribus. Dolorum rerum non aperiam nihil modi.',0,1,'2018-04-23 12:17:52'),(72,29,30,'Veniam facilis quo magni doloremque veniam adipisci et omnis. Cupiditate qui suscipit unde modi saepe. Ipsa voluptatem accusamus ad et. Fuga quibusdam voluptatem dolorem.',1,0,'2016-02-10 05:39:44'),(73,60,9,'Incidunt consequatur ut harum nihil dolores. Consectetur quod illum autem laboriosam. Molestiae sint qui vitae eos ducimus.',0,1,'2018-01-13 02:10:12'),(74,64,92,'Et architecto qui maxime tenetur tempora nemo. Quia dignissimos corporis blanditiis. Voluptatem doloremque ex sed eum ab iusto.',1,0,'2015-08-28 12:13:12'),(75,69,70,'Repellat inventore ut quia itaque sint tempora. Est quam ad placeat nesciunt. Consequatur laudantium est aperiam impedit non dolorum nesciunt. Modi adipisci veritatis temporibus ex.',0,0,'2018-03-05 23:18:42'),(76,141,94,'Eos praesentium consequatur quod tenetur mollitia nam. Voluptatem ipsam ratione accusantium ipsum hic. Impedit voluptates vel dolores quia consequuntur earum possimus velit.',0,1,'2019-07-28 20:43:03'),(77,48,157,'Aut dolorem eum quas tempora aut numquam voluptatem. Ipsum sed quisquam nam eius. Error possimus dolores ea qui nam. Cum harum pariatur cupiditate tempore necessitatibus neque.',1,0,'2018-07-24 00:55:46'),(78,42,139,'Dolorum veritatis quia assumenda pariatur molestias aspernatur ipsa. Repudiandae nihil et perferendis commodi expedita. Itaque ut ipsam commodi similique voluptatem porro rerum.',0,1,'2015-04-11 23:18:49'),(79,168,21,'Officia accusamus voluptas non deserunt tenetur deserunt. Quis exercitationem vero magni reprehenderit quia vitae. Sequi sapiente ad blanditiis qui nisi.',1,0,'2016-04-07 02:27:31'),(80,200,138,'Laborum laudantium assumenda doloremque dolorem et nihil. Corrupti reprehenderit explicabo unde fugiat eum et eum. Voluptas optio quia autem. Consequuntur ut eos velit dicta tempore.',0,0,'2020-01-21 04:49:58'),(81,91,38,'Quia nobis similique velit aliquam culpa ipsum voluptas eum. Quia nisi enim sit dicta qui repellat dolor. Sequi quibusdam aperiam asperiores repellendus perferendis fuga.',0,0,'2015-06-26 09:27:50'),(82,117,71,'Quasi autem officiis asperiores sapiente. Optio perspiciatis vitae sapiente architecto quam. Sed minima et vel unde. Iste eum ratione saepe ea illo non repellat. Perspiciatis quia quia vero dolorum.',0,0,'2017-04-15 08:36:04'),(83,5,11,'Error voluptatem voluptas occaecati quasi. Consequatur cum sed nostrum minima illo. Error enim provident qui reiciendis est maxime aut. Adipisci odio quidem porro dolorem. Non est reprehenderit assumenda eius suscipit aut.',1,0,'2019-10-04 01:10:45'),(84,39,161,'Minima assumenda sit consequuntur consequuntur mollitia aperiam perspiciatis. Sint nisi labore unde deserunt amet. Ad consequatur quidem aut ut excepturi. Odit quo adipisci maxime aut.',0,1,'2012-11-06 13:53:04'),(85,87,154,'Et nostrum facilis rem molestias in nobis commodi nihil. Voluptas officia eum pariatur magni. Voluptas quos esse cum sed laudantium nisi similique.',0,0,'2015-07-14 04:31:05'),(86,106,68,'Incidunt est provident expedita nulla totam veritatis. Possimus sunt libero voluptas dolorum id voluptas animi accusantium. Dolor iure id dolorem vel sed voluptatem accusantium non. Laborum placeat modi velit occaecati fugiat aut. Beatae vel illo rem eligendi.',1,0,'2018-07-23 06:02:21'),(87,20,96,'Voluptas voluptates quia esse reiciendis quod. Doloribus ea harum incidunt dolor et accusantium quaerat ut. Accusamus sit optio dolores sunt.',0,1,'2016-05-03 00:02:30'),(88,19,5,'Qui explicabo necessitatibus natus quidem. Enim sit unde et tempora facilis. Est velit doloremque optio voluptate. Fugiat fugiat perferendis ut excepturi consequuntur.',1,0,'2018-09-03 18:40:05'),(89,171,38,'Sint et ut molestiae perferendis ab ea. Voluptatem molestiae excepturi voluptate perspiciatis qui quod laboriosam. Fugiat maxime explicabo velit dicta aut dolore.',0,1,'2018-09-16 12:30:19'),(90,75,62,'Ut nemo ut sunt odit accusamus voluptates. Commodi ut doloremque aut sit eligendi. Sed sequi sit velit porro distinctio est.',0,1,'2013-10-08 09:01:20'),(91,85,39,'Iste quis iusto sint ut. Quis nemo commodi magni dicta architecto eveniet. Rerum beatae corrupti cumque a.',1,1,'2019-02-10 03:59:15'),(92,140,180,'Iusto quod ab quas numquam et veniam nobis. Consectetur sint quam esse eos. Inventore rerum qui et eveniet impedit.',0,0,'2013-12-31 16:09:48'),(93,79,54,'Qui nobis error libero dolor dignissimos. Id et ad et delectus accusamus doloremque recusandae praesentium. Dolores aut unde occaecati odit.',1,1,'2016-06-07 03:25:56'),(94,33,4,'Maxime occaecati id officiis adipisci. Repudiandae est voluptatibus aut deleniti labore. Sed laboriosam qui quo adipisci. Voluptas sint animi earum nemo debitis molestiae expedita.',1,1,'2015-07-18 22:16:25'),(95,120,188,'Et dolor in occaecati quis quod consequatur. Quos voluptas voluptatibus et molestiae harum. Odit sed fugiat non.',0,1,'2020-01-19 05:24:32'),(96,180,133,'Non nihil quisquam voluptas delectus cum blanditiis iusto. Tempora nulla et ipsam explicabo qui sit. Quia sed sequi ea rerum voluptas. Ut quo nesciunt dolor.',1,0,'2019-10-17 06:51:43'),(97,126,32,'Dolor eos doloribus eligendi aut. Occaecati ut neque minima necessitatibus ratione repudiandae eius voluptatibus. Vel quisquam maiores quam minima error ad. Quam fugit tenetur doloremque maiores aut.',0,1,'2017-04-04 00:56:12'),(98,180,4,'Eum sit velit qui eligendi. Nulla cupiditate voluptatibus nulla quidem veniam nam modi iste. Dolor ipsam ullam praesentium illum. Consequatur deleniti labore possimus assumenda incidunt ullam.',0,1,'2018-04-10 04:32:57'),(99,78,177,'Illo amet itaque repellendus aut deleniti dolorem quae. Saepe sed id quis vero alias natus et. Sed voluptas quisquam inventore quae.',1,0,'2016-09-25 12:52:42'),(100,53,132,'Voluptatem labore ullam dolorem qui recusandae est aut. Dolor deserunt numquam et minima vel. Eaque maiores maiores illo possimus sit. Vel nobis omnis sint in.',0,0,'2015-02-27 21:57:04'),(101,103,117,'Quam assumenda debitis aliquam fugit aut. Sit recusandae temporibus repellendus recusandae expedita optio. Fuga architecto cumque rem deserunt placeat tempore.',0,0,'2018-04-14 16:00:34'),(102,73,17,'Temporibus quo maxime maxime esse mollitia. Vel fugiat voluptate voluptatum natus officia.',0,1,'2019-09-02 22:51:13'),(103,63,65,'Esse quis excepturi voluptas sint molestiae ut est. Mollitia rerum alias enim itaque. Amet quia est asperiores est est nobis nulla. Non iusto vel sed praesentium.',1,0,'2015-10-20 07:11:47'),(104,134,74,'Delectus possimus ut eius aut distinctio numquam eveniet. Expedita voluptatibus quas eius earum voluptas enim dolor. Et facere voluptatem consequatur ea nemo.',0,0,'2017-07-10 22:49:22'),(105,170,25,'Ratione magnam quaerat consequuntur voluptate et quaerat. Dolores ex hic et accusantium eius. Perferendis et modi perspiciatis facere.',1,0,'2018-10-31 10:06:03'),(106,16,5,'Repudiandae dolor amet modi aperiam sit facilis. Est hic qui aut reprehenderit iusto dolorum. Consequatur placeat aut repellendus officiis vel.',1,0,'2018-02-10 11:45:19'),(107,177,70,'Rerum magnam sit nulla laborum expedita laboriosam quia. Quae voluptatum deleniti molestiae mollitia quas est. Quam quia quas fuga omnis. Quo aspernatur pariatur suscipit ad voluptatem non.',0,0,'2017-04-19 02:41:38'),(108,17,75,'Et omnis quo ducimus sed aperiam officiis qui vitae. Consequuntur sint nulla et sint rerum porro quos sed. Tempora est totam quidem velit sunt sed.',1,1,'2017-05-24 06:21:53'),(109,123,191,'Aliquid pariatur illo voluptatibus quae veniam. Dolor magni dicta odit aut molestias. Aperiam hic quibusdam vero cum consequuntur officia. Ea et pariatur voluptas autem.',0,0,'2018-09-17 16:06:30'),(110,184,147,'Quaerat ducimus odit odit eos repellat amet quia corporis. Est vero ipsa autem similique quia. At omnis officiis rerum debitis ab nesciunt corporis. Quia et unde quos et. Tempore hic voluptatem corporis architecto.',0,0,'2014-09-08 20:17:13'),(111,182,67,'Dignissimos et ipsum rerum hic. Placeat nostrum id quasi ut. Reiciendis et cumque reiciendis qui sint est eligendi.',1,0,'2020-03-15 00:44:50'),(112,191,153,'Ducimus sint harum et vero omnis eum. Odit aut recusandae ex qui. Iusto laborum dolorem minima officiis qui ad porro aut. Quod doloribus doloremque est deserunt suscipit et. Repellat perspiciatis placeat ut dolore voluptatibus cum ipsa reprehenderit.',1,0,'2019-01-17 18:32:42'),(113,190,90,'Inventore in tempore fugit nostrum et explicabo officia. Aut quam provident nulla autem omnis sed soluta cum. Explicabo quae ut qui est est.',0,0,'2017-11-16 02:01:17'),(114,82,140,'Quis necessitatibus quisquam aut asperiores sit et culpa. Omnis eaque quia velit odio similique aliquam voluptatem. Ratione nobis consequatur voluptas optio ut nulla.',1,0,'2014-03-03 08:52:45'),(115,50,33,'Dolores qui tempore fugiat eos. Corporis eum rerum architecto nihil qui hic est est. Recusandae deleniti non voluptatibus hic quaerat.',0,1,'2019-06-11 09:30:58'),(116,13,165,'Est molestiae alias praesentium et id nihil eos. Inventore et et dolor et aut et. Reiciendis rerum eum neque aspernatur doloribus. Iure cum optio asperiores aut ut ut aliquid.',1,0,'2017-11-13 22:44:58'),(117,184,27,'Sint ut beatae consequuntur ea. Aut doloremque totam sapiente sequi. Id nulla harum quia sit eum voluptatem ipsam.',0,0,'2014-09-08 20:17:13'),(118,180,21,'Ab deleniti qui a provident. Voluptatem et sunt dignissimos rerum. Veniam sint eligendi accusantium qui eligendi ea maxime. Ut voluptas et magni qui suscipit minus.',1,0,'2018-04-10 04:32:57'),(119,165,158,'Deleniti quam dolor placeat soluta. Ea ut ut officiis quibusdam. Aliquam ea eum odio deleniti voluptates veritatis quam.',0,1,'2015-05-19 06:13:33'),(120,98,14,'Praesentium consequuntur inventore et dolorem. Et sunt cumque recusandae recusandae placeat debitis aut. Id accusantium autem consequuntur tempora quae at.',1,0,'2017-02-23 17:11:10'),(121,178,44,'Neque soluta aspernatur sint et ipsam aliquam repellat. Amet nulla rerum doloribus maiores hic et minus. Sequi nisi nihil sapiente. Nulla non ut voluptas quae.',0,1,'2015-12-28 16:37:38'),(122,88,106,'Repellendus necessitatibus fugiat sit laudantium est. Ad sequi maiores inventore et accusantium fugit. Animi quia harum ut dignissimos. Necessitatibus necessitatibus autem autem recusandae autem.',0,1,'2019-02-25 08:13:41'),(123,65,5,'Iste omnis quo quo rerum deleniti perferendis. Id distinctio rerum debitis nemo. Est necessitatibus et non.',1,1,'2017-04-20 15:18:44'),(124,33,148,'Eius ratione quidem laboriosam. Vitae voluptates quo consequatur aut. Maxime enim officia officia velit.',1,1,'2016-01-14 12:19:19'),(125,42,162,'Sunt ad ex sit similique consequatur perferendis. Cupiditate et aut ex tempora ipsam. Qui veniam tempora magni dolor eveniet.',1,1,'2017-01-20 15:59:32'),(126,87,147,'Eligendi et sequi a alias non perferendis cupiditate. Earum aut provident et voluptas praesentium voluptas excepturi. Ex debitis et nisi.',0,0,'2013-03-27 16:11:11'),(127,73,125,'Perferendis voluptatem blanditiis perspiciatis et ea dolor et. Excepturi dignissimos doloremque atque est nihil repellendus non. Repellendus quas et rerum ut dignissimos et.',0,0,'2019-09-02 22:51:13'),(128,7,57,'Vero ut sit id architecto aut quaerat assumenda. Eveniet quam modi laudantium libero architecto repellat est. Suscipit eum natus amet perferendis rerum asperiores omnis.',1,1,'2016-11-13 14:01:03'),(129,64,148,'Ipsum illum rerum fuga quaerat ab et. Placeat beatae voluptas qui est voluptas dolor dicta. Sed nostrum dolores aut voluptatem molestias.',1,0,'2018-02-11 00:55:51'),(130,148,96,'Qui voluptatem delectus ratione. Et nisi quis est hic itaque recusandae fuga. Qui temporibus ut quaerat sed ducimus voluptas ut.',0,0,'2019-11-15 04:59:12'),(131,37,94,'Tempora suscipit non nobis tenetur. Officiis voluptatem est velit autem accusamus dolores. Ad numquam enim aut quasi cum consequatur. Ipsum est molestiae eos et dolorem labore quaerat.',1,1,'2014-02-11 14:42:02'),(132,159,115,'Qui asperiores corporis eveniet cum illo ipsa. Totam quis adipisci illo quidem. Et quis ipsum occaecati omnis cum inventore dolorem.',0,0,'2013-06-19 12:57:05'),(133,95,131,'In quo accusantium qui. Est ipsa praesentium eaque. Laudantium qui aliquid repudiandae sed sed.',0,1,'2012-05-03 04:23:14'),(134,169,53,'Non facilis ut tempore dignissimos molestiae explicabo a. Qui ad consequatur quia corporis doloremque magni incidunt. Ut eum dolores dolorem. Labore et delectus harum voluptatem.',0,1,'2019-08-02 19:37:42'),(135,157,25,'Tempore laborum aperiam ipsam et ut molestias. Ea ut quam voluptas neque. Consequuntur labore omnis officia pariatur unde sed.',1,0,'2019-07-08 23:12:24'),(136,54,193,'Sed qui illo saepe recusandae. Nostrum dolorem autem molestiae libero eius omnis at. Hic doloremque commodi nobis omnis ipsa error. Cumque in rerum atque est eos amet.',1,1,'2019-10-25 04:20:35'),(137,3,38,'Modi autem quas sit est ut. Omnis qui quaerat eum ipsam ipsam natus dolor est. Quae aspernatur aut ea ullam distinctio. Qui mollitia suscipit impedit neque corporis.',0,1,'2013-06-13 10:22:24'),(138,177,172,'Illo odit aliquid reiciendis occaecati. Illo quae repudiandae sed. Et exercitationem est et expedita. Dicta placeat ut magni qui autem voluptatum omnis.',0,1,'2017-04-19 02:41:38'),(139,130,130,'Facilis omnis recusandae eos quia qui consequatur occaecati. Doloribus nulla et dolores et sunt ea provident. Rerum illo similique in minima dignissimos. In porro cumque voluptate est odit placeat iure.',1,0,'2014-10-26 19:01:07'),(140,63,123,'Maiores accusamus nisi sint. Voluptates voluptate vero alias saepe ipsa voluptatem reiciendis ipsum. Deserunt vitae in soluta nobis aut ullam non.',1,1,'2015-10-20 07:11:47'),(141,26,160,'Dicta quod neque occaecati amet. Unde earum enim labore ut ipsa non voluptas. Aut in ad veniam rerum sit velit soluta omnis. Modi quis architecto aut odio minus.',1,1,'2015-11-26 08:49:05'),(142,122,131,'Laudantium unde ea qui iusto dolorem omnis aut. Assumenda corrupti eius nulla illum sed. Tenetur a deserunt error blanditiis quia et. Autem quasi est ullam quis. Tenetur eos excepturi beatae sed.',1,1,'2019-04-05 20:52:53'),(143,86,39,'Iusto eligendi placeat accusamus et est consectetur eum aut. Placeat veniam voluptatibus eos et aut officiis exercitationem soluta. Ea et veritatis iusto ut enim iste non.',0,1,'2016-01-16 23:13:15'),(144,137,168,'Ut quam amet ullam omnis. Laboriosam explicabo dolores sed laboriosam. Voluptas consequatur sunt excepturi dolores sit. Voluptatem tempora repudiandae possimus repudiandae. Ut facilis optio numquam ea est eum non.',0,1,'2019-10-06 09:47:46'),(145,29,39,'Pariatur qui dolorem laboriosam omnis. Itaque hic ratione unde aperiam molestiae. Sapiente facere aliquid cupiditate autem quisquam nesciunt. Sapiente atque repellendus dolor et officiis.',0,1,'2018-10-02 13:55:01'),(146,108,20,'Vel ratione consectetur iusto et delectus omnis dolorum. Voluptas amet placeat explicabo quis. Corporis dignissimos omnis iste voluptas reiciendis. Aut et blanditiis veritatis aut quia.',0,1,'2018-02-01 00:07:02'),(147,178,29,'Ut quis necessitatibus ea iure voluptate a. Sapiente quae consectetur officiis voluptatem voluptatem ratione eaque. Rerum ipsum et explicabo rerum repudiandae qui. Ad consectetur ut natus est consequatur.',0,1,'2015-12-28 16:37:38'),(148,9,159,'Et aut quod eum expedita dicta temporibus et. Saepe tempore est qui aperiam quia. Ratione nostrum aut beatae ut aut. Quis alias ullam sint minima dolores voluptate.',0,1,'2019-08-23 11:05:44'),(149,165,150,'Molestiae sed vel nihil quasi est laboriosam. Quae voluptas voluptatem nemo.',0,0,'2015-05-19 06:13:33'),(150,52,10,'Qui in dignissimos voluptate vel dicta. Iusto velit amet occaecati distinctio. Qui est aut nesciunt illo officia. Qui ut illum fugit doloribus quis velit perspiciatis.',0,0,'2016-02-18 14:03:09'),(151,96,47,'Incidunt molestiae facere iure magnam officiis amet corporis. Et officiis eos voluptatum ut. Vero sed iure quibusdam hic. Dolore exercitationem iusto et corporis qui laudantium expedita.',0,1,'2016-10-21 13:21:49'),(152,146,187,'Magni consectetur inventore alias illum rerum maiores. Voluptatem quasi incidunt qui enim laborum aliquam. Minus id repudiandae aut.',1,1,'2019-07-06 03:42:15'),(153,100,139,'Eius magnam culpa itaque accusamus voluptate laudantium. Minus tenetur cum corporis nam fugiat adipisci quis. Voluptas non qui non iure neque.',0,0,'2019-06-28 10:01:42'),(154,191,140,'Ipsam id cupiditate est veritatis. Et pariatur saepe atque sed voluptas itaque. Atque consectetur laborum veritatis nisi et dolore. Nam veniam quis excepturi illo eaque.',0,0,'2014-03-17 06:29:00'),(155,125,4,'Architecto expedita aut iusto voluptatem possimus voluptate. Velit nihil omnis vero ut debitis. Praesentium dolorem non voluptatem ex deserunt voluptatibus repellat. Deleniti quaerat earum neque amet sint nihil aliquam.',0,1,'2019-12-07 13:16:19'),(156,45,15,'Quis culpa et ea. Ipsa cumque vel quia quasi cumque voluptatem. Modi ut minima labore.',1,1,'2013-05-31 04:15:31'),(157,136,37,'Facilis consequatur voluptate atque ipsam nam. Voluptatem ipsam sint qui eius autem aut possimus. Quasi fugiat dolores et quis.',0,0,'2016-03-17 12:16:52'),(158,174,159,'Sit nostrum distinctio occaecati eius recusandae. Exercitationem accusantium veritatis quasi. Velit repellat et id et quaerat suscipit voluptatem aspernatur.',1,1,'2017-07-28 22:39:58'),(159,75,94,'Quia tenetur cumque quibusdam ducimus maxime quia. Ut omnis fugiat minus reiciendis autem ut et. Deleniti reprehenderit quisquam vitae omnis eaque corporis facere. Perspiciatis est dolores cum vel quisquam voluptates beatae.',0,0,'2013-10-08 09:01:20'),(160,47,152,'Sed accusamus sed minima non deleniti quis. Voluptatem id quia voluptatem. Nihil quidem eos occaecati in est. Voluptatem cum ab natus adipisci vel dolor consequuntur modi.',0,1,'2012-03-07 18:00:03'),(161,20,42,'Dolores et magni distinctio similique expedita tempora consequatur vel. Enim similique distinctio dolorem ut neque ut. Nobis aliquam facilis laboriosam quae dolore. Et ex molestiae est et et necessitatibus molestias iure.',0,0,'2016-11-28 17:59:00'),(162,149,20,'Praesentium esse expedita non numquam minima officiis qui. Veritatis sit qui natus. Eligendi temporibus labore accusantium voluptas facere id mollitia.',0,1,'2017-04-21 13:39:29'),(163,51,193,'Distinctio dolores nobis ut inventore sint aut est. Dolorem laboriosam sit molestias et enim vel. Architecto modi amet non quis. Nobis perferendis doloribus nisi suscipit dolor.',0,1,'2018-03-21 01:49:52'),(164,15,94,'Provident molestias eum at quidem porro. A et aut accusantium dolores enim. Alias nostrum tenetur reprehenderit qui ut.',1,0,'2018-08-26 07:34:47'),(165,24,36,'Qui nemo ipsa dolor omnis dolores error impedit. Consequatur recusandae velit ipsam ullam ut. Sequi facilis distinctio enim alias.',0,1,'2018-09-02 09:20:44'),(166,108,31,'Vero commodi dicta necessitatibus quod explicabo. Aut et unde quis.',1,0,'2016-12-28 21:57:42'),(167,32,68,'Ducimus impedit ipsa voluptatibus atque sint. Nostrum qui sint vero est. Dolor libero voluptas adipisci vero aut pariatur ut. Quo ratione officia quis sit nisi est.',1,1,'2015-07-29 00:03:21'),(168,41,1,'Consequatur odit eius harum rem fuga omnis omnis. Et consequatur et accusantium deserunt molestias. Ducimus blanditiis eum nihil nihil. Quae sed ut dolorem labore ea exercitationem.',0,1,'2018-09-10 06:33:59'),(169,82,5,'Culpa aut velit nemo repudiandae neque. Ab et provident provident dignissimos. Vel aut dolor non vel voluptas numquam.',1,0,'2016-09-15 07:05:56'),(170,179,82,'Inventore id odio vero et. Eum qui laudantium ut ut non molestiae quas ullam. Quia sunt iusto quos aut. Rerum qui et rerum molestiae odio dolorem nisi voluptas.',0,1,'2016-02-05 12:56:49'),(171,70,104,'Ullam voluptatum consequatur dolore aut laudantium. Fugit corrupti quia quo nihil. Odit rem voluptatem nulla id voluptatem porro.',1,1,'2017-05-05 01:12:02'),(172,111,41,'Debitis earum assumenda dolore quis est cupiditate blanditiis. Officia dolorum vel itaque pariatur et doloremque. Quis dolores inventore qui voluptatem non facere ratione consequatur. Autem quam laboriosam est aliquid animi qui voluptatibus.',1,0,'2015-08-12 07:33:52'),(173,71,33,'Dolor unde omnis in sit impedit et et. Enim deserunt quo perspiciatis reiciendis accusantium sit.',1,1,'2017-09-11 02:24:48'),(174,150,51,'Suscipit autem vero saepe ipsa est illum minima. Voluptates odit commodi suscipit suscipit vel minima ab. Quis voluptates corrupti sequi excepturi. Ducimus reprehenderit sed aut consequatur.',0,1,'2018-06-23 11:59:49'),(175,6,77,'Repellendus dolor tenetur nostrum enim. Quod necessitatibus quis dolores officia. Nam maxime voluptatem deleniti saepe consequuntur.',0,0,'2016-10-03 20:19:44'),(176,166,200,'Doloremque numquam minus sit qui aliquam asperiores. Aut quod quia consectetur est praesentium eos vero. Itaque atque suscipit dolorem. Nam magni ducimus et occaecati accusamus consequatur assumenda.',1,1,'2017-08-12 05:10:54'),(177,100,102,'Laborum voluptate harum earum reiciendis eveniet. Vel sint aliquam repellendus eum. Quia tempore velit eos sequi aut dolores quo voluptas. Nemo animi numquam et a pariatur.',0,0,'2013-03-14 04:51:20'),(178,7,129,'Quia quas blanditiis voluptatem ut optio. Odit in unde nisi ut alias. Qui a consectetur atque omnis sed eligendi. Esse esse sunt distinctio alias.',1,0,'2014-12-30 19:56:16'),(179,22,122,'Nulla praesentium nulla molestias eligendi quia dicta aspernatur eum. Nulla aut iusto rerum. Voluptatem eius natus est.',0,1,'2018-06-27 03:30:43'),(180,147,165,'Quidem delectus nulla iste quisquam consequatur sint. Sit excepturi quibusdam quia quia qui itaque. Reiciendis maxime nihil earum eius. Qui qui ab autem facere.',1,1,'2016-12-17 11:28:40'),(181,186,34,'Deserunt corporis aut officia dicta iusto a. Veritatis ipsam ea et voluptatibus aspernatur molestiae. Sequi nihil est ipsam dicta. Sint corrupti distinctio non.',0,1,'2014-01-22 12:44:38'),(182,10,149,'Est laboriosam iste velit sint qui nihil temporibus quis. Cum distinctio qui magnam consequatur laborum. Reiciendis natus illo veniam autem voluptates. Rerum veritatis ducimus et consequatur esse sunt.',1,1,'2014-12-21 01:22:59'),(183,113,118,'Ad quas et reiciendis ducimus omnis omnis qui. Est porro minima quia placeat aspernatur sapiente. Quos sit aspernatur qui dolorum ut aliquam consequatur quod.',0,1,'2020-01-31 06:09:46'),(184,51,100,'Illum nisi est pariatur et dolores aut cumque. Et ratione earum corrupti numquam. Qui dolor voluptatem eaque est pariatur.',0,1,'2017-08-04 22:39:56'),(185,145,24,'Quo excepturi non ut sint aut. Sint omnis et voluptate quisquam sint quos. Et et dolores minima quia suscipit.',1,0,'2018-02-24 00:12:28'),(186,84,150,'Maiores omnis odio iste magni maxime nisi. Vel maiores et laudantium voluptatem nostrum nobis accusamus. Officia dolores cum inventore dolor et impedit velit dolores.',1,1,'2012-05-29 17:38:34'),(187,98,38,'Soluta cum eveniet rerum. Maxime totam est aliquid rerum rerum et necessitatibus. Rem dolor quam consectetur.',0,0,'2017-02-23 17:11:10'),(188,96,166,'Eaque et sint blanditiis et iusto est. Minima autem est adipisci cupiditate dolores aliquid. Facere unde maiores sit quia. Perferendis rerum possimus nam voluptatem doloremque est.',0,0,'2017-04-12 14:28:22'),(189,140,3,'Libero totam provident accusamus tempore autem sunt et. Voluptatem a corporis necessitatibus nihil atque nihil. Ut hic saepe nulla id dolore sed hic.',0,0,'2012-09-28 08:20:38'),(190,192,152,'Explicabo esse magnam placeat pariatur et sed ratione. Sint voluptatem aspernatur quam et consequatur at. Quis consectetur ut sed explicabo debitis veritatis cupiditate. Id et minus qui.',0,0,'2019-12-30 12:38:07'),(191,183,59,'Hic quod in vel ipsum. Sed veritatis nesciunt maxime ipsa enim officiis aut. Consequuntur quia quia ea eveniet sunt inventore enim. Impedit ratione fugiat earum inventore esse ea asperiores. Quaerat ipsa inventore omnis minus error.',1,1,'2019-10-26 08:43:01'),(192,145,146,'Enim commodi fugiat placeat optio vitae iusto quisquam. Rem tenetur amet harum sequi non. Natus necessitatibus sunt odit voluptas officiis reprehenderit modi accusamus. Soluta porro ut quaerat sit sed quis et.',0,0,'2014-04-22 05:31:09'),(193,95,38,'Ea voluptatem iure et rem dolore molestiae quis. Sunt ea doloremque et voluptatem dolor. Praesentium soluta vel natus et atque tempore. Eum cupiditate qui deserunt. Et velit sed sequi ipsum eveniet ut in voluptas.',1,0,'2018-05-07 02:59:38'),(194,105,10,'Beatae vel sit vitae ut nobis reprehenderit. Consectetur autem aspernatur ea ut optio. Sint pariatur architecto illum accusamus voluptatem alias tempora amet. Et et natus dolores voluptas.',0,1,'2014-07-17 05:41:22'),(195,134,42,'Maiores ea cumque aspernatur molestiae vero optio. Aut soluta veniam at fuga voluptate.',0,0,'2017-07-10 22:49:22'),(196,4,96,'Quis placeat eveniet quia aspernatur natus deserunt saepe non. Est ipsam aut sunt. Dolor inventore et esse et et. Quia sed hic et architecto animi rerum laboriosam.',1,1,'2019-04-20 00:47:22'),(197,66,42,'Vero aut voluptas et. Aut autem voluptas deleniti facilis voluptatem itaque dolor in. Mollitia fugiat sed voluptatem fuga officiis ea asperiores occaecati. Sit ea nobis aliquid quis.',1,0,'2016-10-13 22:01:19'),(198,11,130,'Illo illum eveniet similique rerum. Minus praesentium amet eum ex nam repudiandae. Eum reiciendis itaque quod et aut repellat distinctio doloribus. Id nulla est alias omnis alias deleniti.',1,1,'2017-02-19 03:24:51'),(199,14,82,'Et qui autem facilis ut porro aut. Quidem et tempore animi officiis rerum animi. Dicta a sunt suscipit ut aut sint.',1,0,'2016-04-24 21:57:48'),(200,165,180,'Doloremque odit quia facere. Quo ut quo cum rerum iste. Eum aut repellendus rem quaerat iste nisi facilis. Sunt enim autem quibusdam a distinctio adipisci alias.',1,1,'2016-02-01 00:16:09'),(201,5,85,'Modi et eos excepturi. Quidem quos atque aut rem. Repudiandae dicta ullam et et quae consequuntur explicabo. Perspiciatis sunt facere optio pariatur consequatur.',1,0,'2019-10-04 01:10:45'),(202,10,195,'Distinctio saepe nam eum deserunt. Nisi rerum quibusdam optio non ea ratione dolores. Eos libero illo et quibusdam sapiente atque voluptatem laboriosam. Ex cumque aut ut esse ullam excepturi.',0,0,'2011-12-08 04:07:03'),(203,143,129,'Adipisci soluta hic dolores non consequatur eius. Et est illo perspiciatis voluptas odio distinctio. Voluptatum facilis deleniti voluptates sunt aspernatur et modi. Blanditiis totam dolores amet officiis laudantium maxime repellendus.',1,1,'2015-02-25 14:50:33'),(204,16,92,'Perspiciatis sunt perferendis non possimus labore repellendus fuga vero. Aut nisi enim odio natus ea debitis voluptatem. Incidunt pariatur molestiae quisquam recusandae labore.',1,0,'2017-08-09 10:39:09'),(205,10,175,'Velit reprehenderit expedita deserunt placeat. Blanditiis sequi quia et velit. Ducimus sequi est officiis culpa iusto ipsa. Vel doloremque non eveniet tempore et ipsa. Sit adipisci eveniet consequatur et molestiae voluptas nobis.',1,1,'2020-01-12 06:38:51'),(206,46,106,'Consequatur possimus necessitatibus cumque. Facere a nam ipsum ipsa consequatur quia. Ad accusantium eaque et aut nihil earum adipisci.',1,1,'2018-06-02 19:11:16'),(207,188,21,'Omnis sapiente natus inventore neque. Sed quos rerum veniam accusantium nulla expedita itaque. Atque nam et repudiandae itaque in esse dolorem.',1,0,'2011-02-01 03:44:48'),(208,141,40,'Ut voluptas voluptas quo quas aliquam qui voluptatibus. Perferendis necessitatibus maiores unde sint. Perspiciatis omnis vel nobis. Reprehenderit blanditiis omnis expedita enim accusantium.',1,1,'2019-07-28 20:43:03'),(209,177,166,'Vel laudantium aut qui culpa nostrum provident asperiores consequatur. Sit sunt cum ut ut.',0,0,'2019-01-31 18:10:06'),(210,98,190,'Eos pariatur iste beatae eum. Animi voluptas non in ut. Et quo nulla saepe possimus nam veritatis molestias nulla. Error quod quasi quisquam.',1,0,'2017-02-23 17:11:10'),(211,57,115,'Sed nostrum quisquam vitae. Qui nam adipisci dolorem quis et aut. Doloremque sit enim eos delectus et distinctio. Recusandae velit aut est soluta necessitatibus cupiditate.',0,1,'2017-10-23 16:08:40'),(212,1,60,'Quo ullam facilis ut. Asperiores nobis excepturi tenetur deleniti aut consequatur. Quasi inventore quia laudantium dolore officiis. Ratione et quam expedita eum velit eos.',0,0,'2019-12-02 07:15:00'),(213,98,109,'Perferendis harum libero sint. At non quas minima nostrum. Eos molestias ut dolor. Labore aut ipsa inventore minus.',0,1,'2018-08-20 10:33:48'),(214,51,128,'Sequi et reprehenderit sit beatae provident dolores. Velit qui et ut dolorum tempore. Qui repellat hic temporibus. Dolorum ipsam corrupti cumque ducimus nisi quia.',0,1,'2019-10-26 07:38:49'),(215,88,52,'Sequi ipsam qui deleniti quaerat tenetur. Voluptatem voluptas ut dolorem culpa et. Quibusdam et et quod praesentium temporibus. Eligendi distinctio dolores possimus tempore laborum nihil molestiae dolore. Quia nobis excepturi rerum modi.',1,1,'2018-05-24 15:03:55'),(216,198,32,'Aut qui voluptatibus quisquam. In et ea dolores corrupti qui omnis facere. Qui similique ut voluptas nostrum ut repudiandae.',0,1,'2018-09-24 09:33:41'),(217,167,136,'Aspernatur consequatur dolorem accusamus eum unde est. Occaecati beatae distinctio neque ipsa.',0,1,'2019-02-22 08:24:46'),(218,181,96,'Provident adipisci enim assumenda ut sed ipsam. Tempore maxime sed impedit cupiditate recusandae. Ut id asperiores tempora debitis et fugiat quaerat.',1,1,'2018-03-11 22:24:41'),(219,134,184,'In ab deleniti deleniti qui cupiditate. Et in et nam amet ea qui. Praesentium vitae eius omnis dolor molestias.',0,1,'2017-07-10 22:49:22'),(220,118,39,'Eius ex officia asperiores nemo est dolor maxime. Odit sit voluptates magni illum deleniti.',1,0,'2014-05-26 15:31:35'),(221,38,72,'Quisquam vero reprehenderit mollitia et. Iste beatae quia facilis sed. Et saepe minus sint non architecto impedit. Voluptatem laudantium expedita omnis.',0,1,'2019-03-24 23:39:48'),(222,47,19,'Voluptate necessitatibus culpa in illum dolor. Nisi enim dolore corporis architecto. Sed et natus quia. Perferendis rerum illo hic. Fugit laborum cumque consequatur.',1,0,'2019-01-02 14:04:54'),(223,151,100,'Occaecati excepturi quia dolorum labore facere rem fugiat. Quibusdam et qui doloribus et voluptatem voluptate. Quia laudantium reprehenderit sint ea commodi est laudantium.',1,0,'2011-11-28 05:23:05'),(224,46,128,'Quidem aut aspernatur esse numquam et. Vel earum repudiandae dolor quo. Labore debitis tempora error officiis dolor dolorem.',0,0,'2018-06-02 19:11:16'),(225,101,122,'Nihil corrupti aut ab ipsam. Iure sed cum dolor non. Sint vitae quibusdam est possimus minus. Dolore fuga provident quia quaerat quod.',1,0,'2015-05-06 04:47:02'),(226,108,172,'Molestias dolore rerum illo et consequatur eos ea. Alias optio aut quis magnam quidem quo. Vero aut in sit alias dolore nihil eum dolores. Dolores dolores praesentium autem aliquid voluptates quo quos.',1,1,'2016-12-28 21:57:42'),(227,135,157,'Quo ut odio rerum similique. Quibusdam ea sunt rerum nesciunt eum ipsam quia modi. Dolor voluptatibus est qui est. Autem ullam maxime soluta explicabo ad illum fugit accusamus.',0,1,'2011-04-21 16:42:06'),(228,183,42,'Ducimus beatae quos at temporibus quo voluptatum. Vel et a et sunt. Odio quo labore tempora dicta facilis nam doloribus.',1,0,'2019-10-26 08:43:01'),(229,61,176,'Est officiis voluptas incidunt et aperiam quia cum. Hic odit molestiae repudiandae aut totam iste alias. Dignissimos ipsa quia facere modi omnis rerum voluptates.',1,0,'2019-12-25 04:43:48'),(230,99,167,'Aut sit aut numquam inventore officia ratione. Expedita ut optio totam delectus vitae et. Optio impedit optio quas voluptas similique. Accusantium tempore voluptatem eum non nisi eum.',1,0,'2020-01-28 06:55:36'),(231,136,180,'Iusto ipsam quo suscipit blanditiis nesciunt repudiandae magnam enim. Vitae laboriosam voluptas dignissimos officia recusandae cupiditate ut. Placeat atque fugit quia et delectus. Est molestiae et qui deserunt dicta.',0,0,'2012-11-13 04:16:45'),(232,90,110,'Et rerum reiciendis voluptas corrupti fugit animi impedit sit. Suscipit officiis ratione repellendus. Eos necessitatibus eos et est illo. Nesciunt quo tempora fugiat dolorem ratione aut.',1,0,'2019-10-23 07:46:27'),(233,77,58,'Optio iste quam dolor vel quibusdam incidunt. Autem nulla et assumenda aliquid eum unde. Sequi provident incidunt qui aliquid omnis non velit et. Error maxime similique soluta et hic id. Saepe aspernatur in voluptatem ipsum.',1,0,'2018-03-06 08:01:05'),(234,59,118,'Aut consequatur voluptas pariatur culpa doloremque qui. Nobis facilis et qui qui fugiat ducimus. Dolor unde sapiente qui quisquam eligendi dolor rem.',1,0,'2019-10-09 01:49:46'),(235,13,109,'Labore exercitationem porro ipsum omnis quis. Error explicabo velit ex placeat atque perspiciatis necessitatibus a. Quia qui atque iusto mollitia aliquam. In doloremque ut voluptatem tempore delectus ducimus voluptas.',0,0,'2019-06-08 15:23:15'),(236,108,12,'Velit nemo velit ipsam non doloribus rerum. Dolorem pariatur quas qui. Debitis et magni et qui qui quia. Facere rerum explicabo assumenda est quis animi hic.',1,0,'2016-12-28 21:57:42'),(237,134,35,'Officia doloremque odio culpa est. Natus exercitationem veniam cupiditate quae aut impedit tenetur molestias. Sed eligendi quaerat praesentium dolor sunt.',1,0,'2017-07-10 22:49:22'),(238,171,151,'Nostrum doloribus consequatur enim ut in. Maiores rerum est sunt dolorem fugit praesentium sequi. Possimus nesciunt dolorem ipsa sed. Quia dolores aut reiciendis sed.',0,0,'2014-11-08 02:16:39'),(239,40,149,'Velit cum fugit doloribus consequatur quidem non aut. Deleniti facere provident natus atque culpa iusto.',1,0,'2015-12-17 04:12:18'),(240,22,62,'Quisquam nisi excepturi deserunt doloremque id unde qui. Et doloribus commodi omnis quaerat quia sapiente aliquid. Accusantium inventore mollitia id ab et et possimus.',0,1,'2017-07-23 23:16:27'),(241,44,33,'Quia nulla rem ipsam delectus omnis. Totam officiis nobis voluptatem animi. Voluptatem harum dicta aut quia molestiae. Eligendi quisquam nemo quia optio.',0,1,'2019-03-09 19:15:58'),(242,34,68,'Eum nam fugit enim dolorem. Mollitia fuga error qui quibusdam. Rerum ipsam sed architecto cumque dolorem optio eum.',0,1,'2019-08-21 23:35:50'),(243,41,197,'Et qui eveniet sed repellat modi. Similique placeat tempora nihil velit debitis dolores. Molestiae accusantium consequatur magni et accusantium animi quia. Nesciunt porro facilis necessitatibus similique ipsa voluptatem qui. Nisi eum reiciendis assumenda non temporibus.',0,0,'2018-09-10 06:33:59'),(244,62,120,'In modi qui dolores pariatur reprehenderit incidunt rem. Nam molestiae sit impedit laborum asperiores laudantium rerum. Quia quia fuga voluptatibus a. Maiores qui eos quidem inventore voluptate. Voluptatem nemo unde reiciendis modi ad.',1,1,'2017-02-11 06:13:27'),(245,15,113,'Omnis voluptas nam assumenda porro. A in sed et ratione hic dicta non. Autem sed ut omnis dolorum. Dolor eaque quaerat et esse sed deleniti officiis esse.',1,0,'2020-01-05 02:05:40'),(246,119,57,'Amet quisquam aut nihil doloremque soluta voluptas dolor. Mollitia fugiat voluptatibus blanditiis. Dicta quisquam deleniti fugiat eum magni vel quod.',1,0,'2018-06-14 16:50:38'),(247,126,58,'Magni laudantium soluta corrupti laudantium deserunt voluptatem. Est dicta aut illum beatae laudantium quibusdam et. Nobis dolorum voluptatem eligendi quas necessitatibus dolorem aut.',0,1,'2018-07-19 22:07:27'),(248,114,193,'Cupiditate dolores nihil et deleniti. Voluptatem ab excepturi doloremque.',1,0,'2017-06-09 21:58:13'),(249,24,141,'Atque assumenda voluptatibus omnis vitae adipisci ut. Facere ducimus explicabo iste natus. Sint sit ea magni quia. Maiores laboriosam iusto ab.',1,0,'2016-04-27 08:50:09'),(250,31,133,'Quod consequuntur mollitia odio possimus beatae. Veniam modi aut provident voluptatem nostrum dolores. Libero placeat autem quam in. Sed aspernatur totam sed illo dolorem sapiente.',1,0,'2012-01-05 20:15:35'),(251,170,52,'Aliquam veniam odio necessitatibus molestiae magnam recusandae. Nihil ex et rerum a hic. Accusamus qui et nulla aspernatur sed in. Explicabo placeat atque suscipit voluptas doloremque.',0,0,'2019-09-05 10:57:09'),(252,149,189,'Ut laboriosam rerum qui libero molestias. Facilis perspiciatis est culpa et reiciendis nihil. Eligendi accusamus sit nostrum et qui qui.',1,1,'2018-11-16 07:46:51'),(253,96,114,'Ipsam quia eum aliquid commodi iste. Aliquid sit delectus veniam cumque vel voluptas et.',1,0,'2017-06-08 18:16:56'),(254,83,70,'Explicabo facere voluptate qui laborum. Consequuntur et iure et omnis voluptatum quo perspiciatis qui.',1,0,'2020-01-27 21:01:55'),(255,101,93,'Quo non repellat suscipit eum. Quia aspernatur neque et nesciunt veritatis voluptatem et facere. Aut fuga rerum et iusto ab incidunt quia.',0,1,'2015-05-06 04:47:02'),(256,161,128,'Sed consequatur ut eos dolore quaerat eius quo et. Inventore quia sed labore delectus voluptatem rem. Fugit enim commodi repellendus velit. Deleniti blanditiis reprehenderit et nisi.',1,1,'2014-07-31 20:58:22'),(257,157,200,'Blanditiis aspernatur ex optio maiores quas. Quaerat harum ut aliquid molestiae ut eveniet sed. Qui quis perferendis sapiente accusantium libero aut. Omnis ullam sint natus incidunt soluta beatae.',0,1,'2019-07-08 23:12:24'),(258,128,39,'Soluta architecto exercitationem dicta officia. Ut repellat veritatis sapiente asperiores beatae aut. Et dolorem enim qui in corporis. Praesentium quo ut minima ut non.',0,0,'2014-01-26 17:29:34'),(259,9,131,'Sit atque et cum quia perspiciatis. Nisi voluptas fugiat itaque velit eos rerum necessitatibus. Esse commodi magnam nesciunt temporibus.',0,1,'2017-02-20 18:26:13'),(260,24,129,'Accusantium adipisci omnis tempora quam tempore. Tempore est tempora nihil qui tempore blanditiis.',0,1,'2016-04-27 08:50:09'),(261,173,78,'Maxime sunt animi quidem. Voluptatum hic at ut aliquid dolores doloremque ullam. Ratione assumenda enim veritatis facilis molestiae. Quasi illum aut explicabo quas dolor doloribus.',0,1,'2018-02-07 20:47:39'),(262,68,106,'Quo et omnis accusamus optio occaecati voluptas odit et. Eligendi exercitationem voluptatem quibusdam qui ipsam illum. Ut sit illo dicta aperiam corrupti aperiam vel. Quia enim laborum doloribus ducimus voluptatem magni.',0,0,'2017-01-07 06:10:05'),(263,126,111,'Dicta hic sunt blanditiis suscipit porro iusto. Inventore maxime eum aspernatur libero. Cumque neque et rerum voluptatem eligendi iure laborum et.',0,0,'2017-05-15 19:08:03'),(264,178,155,'Recusandae minus minima necessitatibus quos rerum totam. In consequatur aliquid dignissimos ea. Dolorum et quaerat harum tempore voluptatem ut. Consequuntur debitis praesentium sed quasi nesciunt.',1,1,'2015-12-28 16:37:38'),(265,41,141,'Laboriosam voluptate ipsam totam molestias dolor. Officiis voluptas itaque a autem consequuntur ut dolores. Molestias neque sequi veniam quia.',1,0,'2018-09-10 06:33:59'),(266,181,82,'Molestias maiores reprehenderit magni iusto laudantium est. Fuga ipsam odio tenetur blanditiis dolorum ipsum. Voluptas eius aut tenetur dolores incidunt modi numquam. Neque quos rerum qui dolorem aliquid eaque ipsam.',0,1,'2018-05-26 21:02:09'),(267,64,76,'Eius quos quas dolor. Voluptatem et ea error eos cumque similique autem. Provident fuga illo fugit commodi est. Quisquam amet quisquam quis sapiente. Ut repellat expedita earum consectetur.',1,0,'2015-08-28 12:13:12'),(268,188,112,'Blanditiis rerum illo sed illo. Et repellendus incidunt consequatur non. Aut beatae enim et ex sunt dolor quas.',1,1,'2014-12-06 10:16:36'),(269,193,29,'Amet quo eligendi ea fuga. Aperiam et dolorem consequatur et qui necessitatibus. Aut dolor nobis ipsa sapiente impedit esse. Tempore et iure voluptatem veritatis quis dolore voluptatibus similique.',1,1,'2015-11-07 07:42:40'),(270,164,133,'Velit rerum repellat reprehenderit aut. Debitis excepturi delectus odio. Sed tenetur qui possimus inventore consectetur ratione. Non corporis ut voluptatem sequi labore.',1,1,'2015-07-23 16:26:27'),(271,174,69,'Quia ut libero beatae dignissimos nemo aut sequi. Voluptatem quia alias error culpa quia magnam sint. Est voluptatibus voluptatem voluptas maxime placeat quo voluptatem. Voluptas quisquam in suscipit ipsa molestias sint aut.',0,0,'2017-09-17 07:14:47'),(272,25,115,'Qui qui illum assumenda nihil velit quos. Velit et qui incidunt nemo quam corrupti. Quibusdam sequi aperiam velit nulla et eveniet.',0,0,'2018-06-03 07:02:11'),(273,102,161,'In ut est nam at quisquam dolore voluptas. Aut molestiae dignissimos repudiandae consequatur dignissimos a. Nihil quo dolorem recusandae iste rerum. Voluptatum vitae corporis ea nihil earum hic qui.',0,1,'2017-05-31 05:35:23'),(274,102,23,'Tempora maiores et quibusdam enim. Unde nulla nemo deserunt et qui sunt. Ea excepturi fugiat ut.',0,1,'2014-01-27 08:57:06'),(275,12,188,'Voluptas reprehenderit adipisci provident placeat. Voluptas tempora sint nemo consequatur commodi. Et nesciunt accusantium at ad ullam ullam non at. Pariatur quo est est fugit ea.',1,0,'2014-03-05 14:41:20'),(276,103,152,'Ullam eligendi id qui perspiciatis. Eius distinctio voluptas numquam ea quia rerum. Eius perferendis reprehenderit sed. Dolorem qui consequatur mollitia aut voluptatum optio ullam.',1,1,'2018-04-14 16:00:34'),(277,48,187,'Quia et aut quidem sed autem eaque. Velit odio et quasi assumenda non. Ut alias et maiores tenetur illum. In iste ut quasi est et sunt assumenda omnis. Aut magni exercitationem repellat ut dolorem.',0,0,'2018-07-24 00:55:46'),(278,189,183,'Est aperiam nulla consequuntur temporibus placeat sit et. Non at enim ratione quidem aspernatur. Dolore eaque aut quam in. Expedita omnis earum aut quos earum illo non.',0,1,'2020-03-13 12:28:36'),(279,150,197,'Dicta nostrum laboriosam fugit pariatur. Accusantium commodi assumenda et in. Quis est quisquam ut vero excepturi non consequatur. Sapiente quis veniam ducimus ut quaerat maiores sunt.',0,0,'2018-06-23 11:59:49'),(280,137,91,'Deserunt molestias explicabo corporis soluta ut. Repellat blanditiis voluptatem commodi ut et ducimus quia. Delectus doloribus dolores laudantium excepturi quaerat voluptatem.',1,1,'2018-05-22 07:40:00'),(281,46,157,'Illum saepe sit exercitationem nemo eveniet. Omnis unde non et veritatis voluptas. Hic suscipit qui labore optio.',1,1,'2020-03-20 16:46:15'),(282,45,153,'Voluptas asperiores repellendus voluptates dicta. Nihil dicta dolor minima rerum dolorum. Ipsam quibusdam eos ad nesciunt. Et nobis expedita sunt qui.',1,1,'2013-04-21 23:10:08'),(283,32,98,'Sit ratione quia molestias tempora neque. Facilis similique eos beatae consequuntur. Minus nulla ex porro eligendi esse.',0,0,'2015-07-29 00:03:21'),(284,196,85,'Maiores nisi aut qui quo blanditiis in. Repellat quia voluptas saepe ut sint consequatur iste. Voluptatibus dignissimos libero reprehenderit.',0,1,'2018-10-31 20:46:08'),(285,36,125,'Modi assumenda a incidunt necessitatibus quaerat doloribus libero. Suscipit id assumenda voluptas. Quod tenetur quia quae vitae nisi eaque harum. Provident quis et ad necessitatibus.',1,1,'2013-08-01 16:12:34'),(286,114,198,'Consequatur rerum error qui non. Dolor vel facere error sapiente quae enim qui. Nam doloribus quasi qui voluptas ullam sit. Odit labore quis voluptatum et qui aspernatur et.',0,1,'2017-06-09 21:58:13'),(287,44,28,'Voluptatem veritatis asperiores cupiditate quia est modi. Quas maxime et ut atque. Velit autem delectus optio expedita optio sint sit. Quisquam omnis esse non non.',1,1,'2019-03-09 19:15:58'),(288,6,145,'Corporis et id quidem ut ipsa quas. Repellendus tempora ducimus ipsa dolores eligendi sed.',1,0,'2016-10-03 20:19:44'),(289,106,96,'Molestiae ut maxime provident rem nobis nihil. Ratione cumque voluptatem quia maiores ipsam incidunt. Minima exercitationem laboriosam omnis sunt omnis enim doloribus repudiandae. Culpa dolore aut nam labore ut id.',1,1,'2018-07-23 06:02:21'),(290,159,109,'Molestiae reiciendis eaque quos cum et laudantium praesentium. In eos qui odit.',0,1,'2016-11-26 10:25:25'),(291,69,14,'Est pariatur nesciunt omnis nihil dignissimos quaerat. Pariatur nulla qui ut dignissimos. Quisquam ducimus voluptates nulla modi eum rerum qui. Repudiandae velit quasi suscipit sequi quas nesciunt.',1,1,'2019-06-23 16:26:53'),(292,65,82,'Doloribus debitis iusto eos illo ut. Ipsum omnis ipsam officiis ex dignissimos qui quod. Et repellat velit illum cumque magni quo id.',0,1,'2011-02-08 02:54:29'),(293,15,27,'Assumenda quibusdam occaecati dolor ea. Aut repellat nulla qui tempore consectetur.',1,0,'2018-02-25 09:21:06'),(294,90,167,'Veniam laudantium autem sed deleniti ducimus. Reiciendis voluptatem fugit id voluptatem et. Illo nemo quidem commodi rerum. Pariatur animi quaerat repellat voluptatum sapiente iusto fuga.',0,0,'2019-10-23 07:46:27'),(295,164,121,'Voluptas quod quia eos ea nihil. Ea ipsum quos est tenetur. Quo ex autem qui aspernatur cupiditate. Laboriosam quo in saepe voluptates repellat quae sed nobis.',0,1,'2013-12-23 00:50:19'),(296,110,187,'Veritatis eligendi ut totam et. Quidem dolore enim porro ullam consequuntur facilis velit. Sed quae sequi ipsa.',0,0,'2013-10-03 15:19:04'),(297,6,69,'Quis iure ipsam non corrupti itaque molestias est. Dolorum quia ut et dolores quidem. Omnis commodi culpa labore nostrum sit.',0,0,'2016-10-03 20:19:44'),(298,124,14,'Ea cupiditate vel a est cumque optio. Quam non consequatur possimus eius hic voluptatem expedita. Enim repudiandae a illo est dolorum nemo vel aliquam.',0,0,'2018-11-23 15:05:23'),(299,96,37,'Qui et commodi est doloremque animi. Facilis provident nulla placeat. Quod molestias modi et et.',0,0,'2016-03-23 13:47:24'),(300,98,177,'Rem est est est non autem recusandae commodi id. Enim inventore neque fugiat qui rem maxime placeat. Officiis debitis minus sint dolorem.',1,1,'2017-02-23 17:11:10'),(301,193,34,'Enim dicta in sed laborum sunt pariatur. Fugit et excepturi quo. Hic harum voluptates hic voluptas. Saepe autem sint aut est.',0,0,'2010-12-29 13:58:32'),(302,187,36,'Ullam totam sed rerum aspernatur. Laborum repudiandae culpa fugit. Dolor fuga iure at repudiandae beatae sed velit eos. Nesciunt quam accusantium ut ut.',0,0,'2019-03-16 13:05:31'),(303,16,173,'Eum aliquid nam rerum harum veritatis asperiores dignissimos. Quasi quia alias necessitatibus consequuntur omnis saepe aut consequuntur. Inventore pariatur dolorum exercitationem optio atque atque.',1,0,'2019-10-13 00:31:14'),(304,17,163,'Recusandae soluta in placeat. Qui dolores quasi deserunt autem officiis veritatis. Voluptatum molestias labore molestias maiores quia qui. Enim ullam voluptates blanditiis ipsum autem. Recusandae sit pariatur voluptas.',1,1,'2013-05-14 04:45:34'),(305,164,132,'Id dolores omnis occaecati qui dolores dolores. Qui blanditiis a a aut incidunt sint. Non voluptatum quia hic blanditiis doloribus maxime quo maxime. Molestias non consequatur quia doloribus.',0,1,'2017-04-30 02:05:40'),(306,166,33,'Veritatis corrupti in dolorem corrupti. Est dolorem quo quisquam aut laborum et. Temporibus ex suscipit et aut et velit et quis.',1,1,'2015-07-10 06:17:09'),(307,69,44,'Quidem fugiat ea quia blanditiis ut assumenda enim. Adipisci maxime est aut. Sint facere sit consequatur eaque consequatur ipsum dolorem. Ipsa et at doloremque.',0,0,'2013-01-20 05:00:12'),(308,11,123,'Eaque illo eum ut quis neque ut blanditiis. Vero officiis et vel doloremque. Corrupti rerum repellendus exercitationem et harum suscipit.',1,0,'2018-03-23 22:56:44'),(309,181,138,'Repellat cumque omnis quas quo non perspiciatis omnis. Maiores incidunt sint culpa et totam perspiciatis at. Perferendis id aut atque sit voluptatem. Est molestias soluta placeat molestiae laudantium. Nihil non quas voluptas consequuntur reiciendis labore eveniet.',0,1,'2018-03-11 22:24:41'),(310,143,103,'Nobis id qui eos sit. Et sint doloribus tempore voluptatem sit. Eligendi inventore necessitatibus ducimus quia.',0,1,'2017-01-06 20:40:40'),(311,86,118,'Recusandae vel id quia sequi. Voluptatem numquam necessitatibus quas iusto neque est. Officia et quisquam et et repudiandae aspernatur.',0,0,'2018-01-01 05:57:28'),(312,133,111,'Ea sunt laboriosam expedita reiciendis. Aut autem pariatur necessitatibus quia optio iure pariatur. Illo beatae est aut nobis aut ducimus magnam.',0,0,'2018-12-31 20:05:53'),(313,157,49,'Architecto incidunt molestias voluptatem sit velit. Nihil tempore maiores atque animi velit et.',0,0,'2019-07-08 23:12:24'),(314,176,133,'Ullam adipisci perspiciatis numquam nihil provident totam minima quia. Explicabo a nulla quisquam quidem suscipit tempora. Quas voluptatem eum exercitationem amet consequatur sit.',0,0,'2016-10-28 06:52:47'),(315,135,75,'Neque sit provident voluptas expedita enim omnis. Quidem quam rerum vero aliquid doloremque beatae. Labore quia ab aut ipsa et minus aut. Accusantium officiis est iusto.',0,1,'2017-07-26 19:29:11'),(316,171,30,'Veritatis qui est voluptatum accusantium necessitatibus. Enim voluptas enim eaque omnis facere dolores totam magni. Similique soluta quam dolorem. Odit porro corrupti velit dolor repudiandae molestiae. Beatae et rerum recusandae ipsam qui delectus quod.',1,1,'2014-11-08 02:16:39'),(317,34,79,'Quia nam nisi ut. Ut aut mollitia accusamus et sint. Eum quis vel dolore ex. Tempora nemo repellat ex repellendus harum blanditiis aut. Magnam in voluptatem dolor.',1,1,'2019-05-23 23:30:25'),(318,93,27,'Explicabo perspiciatis esse saepe. Temporibus omnis rerum temporibus ut aut ut et. Dolorem voluptatem earum facere dolor minima qui quo. Fugiat ratione qui aut maxime aut quia eos. Qui aliquam quasi voluptas quam.',0,1,'2014-03-26 16:44:51'),(319,55,194,'Et dolores molestiae aut qui veniam. Dolor consectetur et dicta amet aut harum. Veniam vitae ad laudantium ut error. Et voluptatibus blanditiis quo quasi minus fugiat et.',1,1,'2014-09-27 12:03:37'),(320,6,47,'Nobis quis eveniet quo non maiores dolorum dolorem. Culpa dolorum voluptas est. Inventore neque libero corporis alias. Nihil quia officiis iusto maxime.',0,0,'2019-12-23 00:11:01'),(321,16,140,'Qui deserunt architecto dolor exercitationem. Ab nihil dolore id suscipit tempora qui illum placeat. Et aut incidunt necessitatibus fugit animi velit. Dolore nulla cupiditate natus officia.',1,0,'2019-03-05 20:31:49'),(322,51,35,'Autem a quisquam voluptas rerum inventore reiciendis voluptas. Praesentium perspiciatis libero tempora alias non nemo. Odio dolor eos quas.',1,0,'2019-09-28 12:20:15'),(323,19,191,'Velit unde magnam iusto saepe. Magni doloremque perferendis non neque voluptate voluptatibus. Reiciendis nihil eum enim officiis et molestiae.',1,1,'2014-02-02 12:55:02'),(324,99,121,'Quia eligendi pariatur reiciendis quibusdam voluptas quia. Iste exercitationem voluptatem nihil ab. Alias quos eos cumque est enim aperiam.',0,1,'2018-04-23 12:17:52'),(325,108,175,'Ratione non velit laboriosam nesciunt commodi. Ea sunt nihil illum rem accusamus ut quasi. Est sed natus modi quidem possimus rerum laudantium. Sit aliquam optio ex est quisquam eum culpa.',1,1,'2017-03-23 16:29:37'),(326,149,23,'Voluptas deleniti omnis laudantium ut nam recusandae fugiat saepe. Soluta saepe beatae qui eveniet modi voluptatem omnis. Quaerat dolorem ea asperiores dolores nulla.',1,1,'2017-03-10 04:13:37'),(327,66,62,'Iste sit aut laborum et. Repellat nam occaecati provident ratione ipsam occaecati debitis.',0,0,'2011-05-08 22:16:11'),(328,112,173,'Nemo soluta magnam delectus et non. Odio libero voluptatem quaerat qui qui. Vero quis consequatur facilis maxime itaque.',1,0,'2018-03-03 14:49:04'),(329,129,127,'Beatae consequatur qui rerum ratione repellat est. Ex aliquid accusantium libero alias qui eum perspiciatis. Nisi et voluptatem ea ullam. Blanditiis veritatis non consequatur et quia.',0,1,'2018-04-19 05:28:45'),(330,44,41,'Libero sequi sit et quia. Cupiditate porro qui minima est officia minus eum. Voluptatum laborum omnis animi voluptate minima ipsam ducimus. Corrupti non deleniti quaerat est tempore sint quasi dolores.',0,0,'2019-03-09 19:15:58'),(331,74,44,'Unde tempora hic porro velit deserunt veritatis cupiditate. Voluptate et aliquam cum consequuntur. Perspiciatis quo quo in accusamus. Quo fugiat ut iure. Facilis deleniti quis eaque.',0,0,'2020-01-19 22:58:07'),(332,197,52,'Provident id dolorum sunt qui. Nihil sint consequuntur enim explicabo laboriosam aut ut. Qui et molestias provident adipisci.',1,0,'2018-11-22 17:17:19'),(333,69,190,'Nulla est ipsum est voluptate dolorem. Fugiat accusamus et eos molestias est excepturi natus.',1,0,'2018-04-13 08:28:12'),(334,142,141,'Voluptas quis consequatur non iusto. Numquam id necessitatibus quis quasi reprehenderit. Repudiandae dolorem eos qui illo quisquam. Ipsam rerum nihil non sit iusto itaque et.',1,1,'2019-08-05 20:38:54'),(335,77,162,'Iure non vel quis ut dolorum sed. Autem molestiae nihil enim alias aut omnis est. Dolorem possimus animi ut cum odit ipsam.',1,0,'2018-03-06 08:01:05'),(336,180,11,'Consectetur veniam est facere id aliquam sapiente. Maxime veniam laboriosam qui iste accusantium animi. Ipsa dignissimos non eligendi eveniet temporibus.',1,0,'2019-09-22 00:41:11'),(337,117,151,'Sint et quos eligendi placeat error assumenda. Aut quis rerum odio in optio sed. Iure et et eaque atque voluptatibus molestias aliquid.',1,1,'2018-12-23 06:11:01'),(338,2,155,'Nemo quibusdam corrupti officia explicabo. Excepturi dolorem tenetur quas consequuntur ut distinctio rerum. In mollitia enim ut. Iste dignissimos quaerat illo reprehenderit vitae repellat minus minus.',1,1,'2019-10-21 22:15:23'),(339,171,187,'Placeat incidunt consequatur tempora. Debitis blanditiis illo ut rem. Consectetur fuga debitis rerum debitis cum.',1,1,'2014-11-08 02:16:39'),(340,22,148,'At consectetur qui veritatis adipisci atque doloremque. Deserunt et corporis doloremque iure aliquid maiores.',0,0,'2015-10-12 16:57:10'),(341,76,132,'Voluptas beatae omnis dignissimos minus libero. Et aliquid mollitia et ut nam dolores porro. Minima vero explicabo fuga tenetur suscipit tenetur.',1,1,'2019-11-19 02:02:00'),(342,35,178,'Eos tempore saepe sunt rerum culpa aut aut est. Itaque et est ex. Magnam iure reiciendis ad quo beatae qui.',1,1,'2015-09-18 09:48:25'),(343,184,183,'Temporibus soluta consequuntur numquam quia nesciunt. Architecto in velit sunt. Consequatur laudantium et et id totam. Voluptas perspiciatis culpa quis sequi sequi. Sint repellat harum natus.',1,1,'2014-09-08 20:17:13'),(344,166,79,'Animi voluptas voluptates qui at atque rem facilis illum. Assumenda id beatae in aut. Est ut corporis ut voluptas velit.',0,1,'2016-12-18 15:54:04'),(345,98,51,'Ipsum cum quasi beatae. Perspiciatis nulla et cupiditate. In quia voluptatibus voluptatem cumque quia sed. Iusto sit perferendis tempora reprehenderit ut perspiciatis.',0,1,'2018-08-03 06:10:48'),(346,161,50,'Labore explicabo optio accusantium nulla. Dolorem repudiandae natus delectus exercitationem veritatis. Officiis veritatis quia tenetur ex quia vel praesentium explicabo. Libero est et nisi consequatur ad sit autem.',1,1,'2018-08-14 01:18:59'),(347,166,80,'Voluptas error maxime sit est et itaque. Ut porro animi voluptates aliquid alias excepturi. Minima veritatis sint distinctio corrupti. Et quia ad porro impedit. Aperiam totam et architecto.',0,1,'2014-02-24 19:16:33'),(348,104,78,'Deserunt id tempore eum facilis labore veritatis exercitationem impedit. Enim qui est est non. Exercitationem expedita deserunt enim explicabo consequatur qui voluptatum.',1,0,'2019-07-29 19:58:36'),(349,75,144,'Voluptatem sint cum qui doloremque eaque. Et quia fugiat quam laudantium deleniti numquam. Quia nobis doloribus assumenda.',1,1,'2013-12-07 04:20:00'),(350,93,32,'A repellendus non ducimus ut. Facilis ipsam suscipit aut. Qui nihil autem consequuntur sit non accusamus. Alias quia deserunt sed cumque fuga consectetur libero minima.',1,1,'2014-12-15 19:31:27'),(351,79,99,'In nam dolor repellendus explicabo sed praesentium atque. Modi beatae ad consequatur consequatur. Sit tempora magni numquam.',1,1,'2013-04-18 12:13:09'),(352,59,199,'Harum aspernatur dicta dolore doloribus et repudiandae. Officiis non fugiat et quia sed dolores debitis. Nihil dolor rerum cum esse ipsam recusandae.',0,0,'2019-10-09 01:49:46'),(353,15,79,'Quo ratione voluptatem aliquam rem. Facere nobis consequuntur expedita est rerum et. Et asperiores aliquid totam est magni quaerat.',1,1,'2015-10-17 19:06:33'),(354,149,109,'Et odit illum est eum atque sapiente. Voluptatem qui iusto magnam qui laudantium.',1,0,'2017-03-10 04:13:37'),(355,96,153,'Velit rerum repudiandae rerum. Blanditiis laboriosam voluptate nihil occaecati quod et pariatur. Autem sed repellendus alias.',0,1,'2016-03-23 13:47:24'),(356,78,128,'Tenetur est quam quia cumque non repudiandae excepturi. Laudantium exercitationem qui in voluptatum vel iste. Pariatur vel nisi quia nihil omnis. Aut alias nihil doloribus dolore consectetur et.',1,1,'2019-06-14 04:29:01'),(357,7,50,'Omnis sit vitae autem quo eius et quam. Recusandae esse quibusdam earum necessitatibus velit. Neque voluptate alias aut sunt tenetur enim corrupti.',0,1,'2018-03-02 03:29:53'),(358,30,198,'Et dolorum aut ipsum minus rerum et sed. Et omnis excepturi iste neque sequi a cupiditate. Nostrum voluptatem iure est iusto enim dicta. Facilis velit dolor dolor asperiores tempore temporibus.',0,0,'2018-03-14 07:13:41'),(359,100,105,'Et ipsam dolorum vel autem velit accusantium repellat quasi. Et nesciunt voluptatum autem. Quo et ut distinctio iusto possimus voluptatem et sit.',1,0,'2020-01-13 12:21:29'),(360,25,10,'Eum aut rerum deserunt quos. Et non odit quidem. Ipsam at quam voluptate non.',1,1,'2020-01-30 01:08:03'),(361,174,38,'Qui repellendus iure optio culpa cumque architecto. Delectus qui voluptates aut asperiores.',0,0,'2017-07-28 22:39:58'),(362,68,25,'Nesciunt tempora sapiente amet incidunt id vero. Aperiam deserunt ea fugiat nihil occaecati nobis. Aperiam aut placeat rerum accusamus ut dicta assumenda.',1,0,'2017-01-07 06:10:05'),(363,123,138,'Ratione et aut dolores earum. Fuga fugiat maiores praesentium velit quia qui sed. Qui non incidunt recusandae minima libero ut et. Necessitatibus vel facilis fugiat.',1,1,'2018-09-17 16:06:30'),(364,120,187,'Nihil vel occaecati repellat nobis debitis culpa. Soluta molestiae similique commodi. Ducimus asperiores iusto ut libero voluptatem doloribus. Rerum consequatur aut fugiat iste qui aliquid atque. Aut dicta neque provident commodi reiciendis.',1,1,'2020-01-19 05:24:32'),(365,174,110,'Sint optio excepturi ut maxime ut. Nisi repellat odio laudantium magni enim et dolores. Est quia enim itaque ad atque et. Ratione sit sunt reprehenderit.',0,1,'2017-07-28 22:39:58'),(366,28,8,'Tempora et qui non eius et praesentium pariatur. Qui eos iste voluptatem et. Quia voluptatem hic id totam et voluptatum.',1,0,'2018-12-05 01:53:59'),(367,156,155,'Cupiditate molestiae est voluptatibus officia veritatis aperiam. Sit aut aut enim nesciunt ea consequuntur eveniet. Alias impedit aut dolor temporibus incidunt et aspernatur. Corporis iusto facilis vitae asperiores.',1,1,'2019-07-03 15:56:02'),(368,106,66,'Deleniti eligendi voluptatem doloribus est et tenetur qui. Aut esse consequuntur qui soluta eum et et. Beatae placeat maxime vel blanditiis. Error corrupti velit sed quo officia.',1,1,'2018-07-23 06:02:21'),(369,13,64,'Iure sunt saepe aut id eius rerum. Dolorem dignissimos corrupti exercitationem rerum molestias. Eius odio vitae atque reprehenderit ipsam reprehenderit quis nam. Asperiores libero sit est facilis quis quibusdam.',0,0,'2018-07-23 14:16:39'),(370,81,11,'Velit sequi omnis sit quod magnam. Pariatur laboriosam aspernatur sapiente nihil et. Optio nemo quasi veniam repellendus veniam et. Explicabo iusto dolores veniam itaque voluptate.',0,0,'2015-05-23 23:30:39'),(371,13,29,'Ipsum impedit perferendis sint nulla voluptatum voluptatem. Porro nostrum id doloremque. Ipsa et quasi ut ut consequatur.',0,0,'2014-10-28 22:05:26'),(372,108,52,'Consequatur aut velit rerum aut. Voluptatum dolor cumque maxime unde libero est occaecati. Veniam numquam aperiam est autem aliquid et. Ab consequatur nisi nam.',1,1,'2016-12-28 21:57:42'),(373,137,126,'Aut necessitatibus velit at perspiciatis. Exercitationem facere rem fugit optio. Aut quidem nulla qui quo mollitia et repudiandae. Cumque reiciendis incidunt sit a dolores est eius.',0,0,'2018-05-22 07:40:00'),(374,18,114,'Impedit recusandae corporis adipisci est. Quas voluptatibus aut maiores eos quae ad aut. Quia laudantium a quam ipsam sunt.',1,1,'2017-07-24 20:17:14'),(375,113,22,'Recusandae aut quia praesentium similique. Modi nesciunt repellendus et sapiente qui. Harum earum qui cupiditate dolorum esse suscipit. Veritatis amet nesciunt voluptatem architecto non sit et. Aliquam voluptates sit vitae ea excepturi est qui.',0,0,'2017-07-16 22:27:47'),(376,173,196,'Et eveniet nemo dolorem molestias eos. Illo est harum aut esse est nihil. Nam sit occaecati ipsa.',0,0,'2015-06-11 19:41:27'),(377,62,120,'Provident quod nesciunt officia facere quis veritatis. Qui aliquid consequatur laboriosam iste. Vero ab ex reprehenderit quia qui repellat. Et possimus quidem aliquam rerum molestias. Dolorem distinctio et exercitationem nesciunt.',0,0,'2018-01-04 00:06:45'),(378,14,110,'Placeat id doloremque deleniti nostrum sint magni. Dicta voluptatum corrupti deserunt veritatis eveniet temporibus totam quibusdam. Ut in odio commodi vel facilis magnam at. A sunt omnis aut sed.',0,0,'2015-08-10 07:14:50'),(379,107,5,'Impedit eligendi nulla eaque voluptatum natus dolor. Porro natus similique quo quo sint error laudantium. Libero veritatis repellendus sunt eos est ut.',0,1,'2019-09-24 00:09:27'),(380,101,93,'Modi quia commodi soluta vero magni sed soluta. Quibusdam fugit error amet cumque in iusto quos. Voluptatem minus eius impedit vel eaque dolore.',0,0,'2015-05-06 04:47:02'),(381,160,122,'Est placeat est est quia aut fugiat. Maxime vitae quia omnis tempore dolorem enim et. Similique praesentium ut minus sunt veritatis voluptatum culpa.',1,0,'2011-08-08 11:57:07'),(382,129,77,'Accusamus ut voluptatum ratione doloribus voluptates omnis atque. Quidem quia provident quia quia libero saepe. Et suscipit facere aspernatur aut sint ea in.',0,1,'2017-01-07 23:44:59'),(383,200,166,'Magnam animi beatae architecto harum et accusamus est. Hic modi vel quae officiis laudantium. Dolor vel dolor deleniti consequatur consectetur sint est.',0,0,'2014-05-13 12:30:30'),(384,29,49,'Ratione in voluptatibus vero tempore fugit. Unde pariatur ullam laboriosam dignissimos illo. Quod vitae repellendus enim voluptatibus iusto dignissimos ut.',0,0,'2012-10-14 07:36:19'),(385,155,30,'Officiis sed modi dolor dolorum in eaque dolorem omnis. Maiores dolorem atque dolor incidunt velit optio et. Enim blanditiis dolores modi delectus.',1,0,'2019-05-20 18:03:38'),(386,83,126,'Esse dolores minus libero eum rem voluptas molestias. Et provident dignissimos qui natus. Libero repudiandae ut harum facilis consequatur rerum quidem in. Est sint vel doloribus sint.',1,1,'2020-01-27 21:01:55'),(387,180,120,'Et sit animi numquam magni labore. Possimus hic sunt ut omnis veritatis voluptatem. Reprehenderit voluptatum consequatur et consectetur ex quasi saepe.',0,0,'2018-04-10 04:32:57'),(388,60,138,'Corporis hic animi iste recusandae deserunt animi illo et. Sit ea voluptas voluptatem et. Ex unde et officiis aliquid.',0,1,'2019-04-13 22:25:09'),(389,112,145,'Nesciunt voluptas id non molestias. Quaerat temporibus inventore nam. Quia qui facilis quaerat quisquam. Commodi ut est nulla sed qui ea.',1,0,'2018-10-02 03:54:29'),(390,188,103,'Velit quas et dicta facere consequatur provident. Architecto illum dolor recusandae laudantium.',1,0,'2017-02-27 11:47:21'),(391,152,51,'Officiis qui et ea consequuntur sunt ipsum eaque. Temporibus minima cum incidunt quia.',0,0,'2014-08-27 13:52:27'),(392,197,31,'Sunt quia qui perspiciatis sunt odio accusantium. Adipisci exercitationem amet nisi id. Nihil sint enim corrupti corrupti nulla facere.',0,1,'2018-11-22 17:17:19'),(393,164,126,'Illo voluptate quam enim. Est recusandae quaerat voluptatum labore dolorum porro occaecati. Harum placeat eligendi laboriosam tempora. Dolor repudiandae dolores et et.',1,0,'2015-01-11 15:32:22'),(394,138,111,'Unde hic non odio. Fugit officia ullam est minus totam. Consequatur maxime est recusandae dolorem eos. Voluptatem officia ut voluptatem.',0,0,'2019-03-18 02:29:49'),(395,142,177,'Facilis explicabo vel voluptatem eos saepe consectetur. Mollitia ut expedita quia quam repudiandae in. Alias fugit veniam ut eos.',1,1,'2019-08-05 20:38:54'),(396,57,154,'Possimus delectus pariatur quia dolorem. Minus rerum unde et. Aperiam doloribus officiis ipsum praesentium dolor. Recusandae qui minima dolorem omnis reprehenderit.',0,0,'2017-10-23 16:08:40'),(397,197,125,'Vitae accusamus sed ut libero numquam fugit. Iste facere officiis dicta praesentium. Rerum et et corrupti repellat odit.',0,0,'2018-11-22 17:17:19'),(398,31,181,'Ex perferendis maxime provident cupiditate. Vitae repellat magnam et deserunt. Occaecati voluptates illo facere velit reprehenderit.',1,0,'2013-04-17 07:30:32'),(399,13,120,'Dolor eligendi harum minus voluptas tempora similique dolores recusandae. Voluptates nemo autem consequuntur soluta deleniti. Molestiae similique ducimus adipisci non illum quas et. Inventore maiores et dolores dolorum consequatur qui. Voluptatem magnam ipsam et qui.',0,0,'2014-09-16 12:06:03'),(400,159,38,'Ut voluptatibus voluptatem at eaque. Non mollitia sunt repellat consequatur earum. Libero expedita eos consequatur commodi enim aut.',0,0,'2012-11-15 21:47:43'),(401,109,32,'Aut voluptates repudiandae ut odio optio. Officia et omnis dolorem aut nam cum adipisci. Id unde minus sunt omnis. Dolor qui magnam delectus iste aspernatur rem.',0,0,'2019-09-21 17:06:00'),(402,31,58,'Vitae est dolor nam. Cupiditate architecto fugit quia debitis. Sunt aut provident dolorem ut. Ipsam sequi quis nihil iure est aut qui.',1,0,'2016-08-24 12:20:51'),(403,199,19,'Nostrum consequuntur et voluptas aut minus odit dolor. Ut impedit et molestias beatae. Consequatur eaque quia consequatur aut et. Quia ut minus et dolores quis dolorum. Sint quia nulla est corrupti et.',0,0,'2017-12-04 17:21:28'),(404,97,27,'Quae quod sunt tempora. Voluptatem nostrum sapiente eveniet excepturi sint ex voluptates. Ab sunt voluptatibus ratione sint dolor mollitia. Unde rerum veniam et praesentium quibusdam occaecati vel sed.',1,1,'2016-05-02 04:42:58'),(405,43,136,'Et ut quam veritatis. Ipsum omnis quo dolorem aut. Maxime fuga atque veritatis voluptatem et.',0,0,'2016-09-29 02:09:09'),(406,148,134,'Quisquam ea repellat enim eos dolore earum cum. Enim in nemo voluptatum quia.',1,0,'2016-08-02 12:33:17'),(407,26,126,'Nihil eum molestias sit magnam eligendi nesciunt rem voluptatem. Ut voluptatem et sunt ut iure recusandae. Corporis qui fugit occaecati quia. Repellendus qui odio mollitia quae.',0,0,'2017-11-03 08:50:22'),(408,150,174,'Commodi dolores qui perspiciatis rerum voluptatum odit veritatis. Et ullam officia accusamus sint reprehenderit veritatis quaerat.',0,0,'2018-06-23 11:59:49'),(409,20,176,'Nemo et temporibus reprehenderit aut. Est recusandae est repellat qui autem vel. Deserunt debitis eligendi et error.',1,1,'2013-10-21 12:09:22'),(410,21,177,'Fuga aut nulla doloribus animi quia rerum. Quod provident fugit dicta molestiae. Alias et mollitia dolore et. Dolorum asperiores voluptatem et qui porro velit.',1,1,'2019-03-16 02:33:40'),(411,22,176,'Voluptates vel qui mollitia enim alias. Illum adipisci quia eos amet perferendis. Aut temporibus aliquid fuga iste beatae dolor saepe.',0,0,'2015-10-12 16:57:10'),(412,15,147,'Qui pariatur perferendis consequatur dolorum. Vitae minus a excepturi soluta rerum quis. Quasi sapiente quasi quod enim consequuntur voluptas. Quas ut modi ea nisi quia id quia.',1,0,'2016-12-18 02:36:29'),(413,90,8,'Ut dignissimos qui est temporibus possimus voluptas. Enim a ducimus alias ullam. Et asperiores dolorem adipisci minima architecto.',1,1,'2019-10-23 07:46:27'),(414,168,16,'Id assumenda ut quasi. Cupiditate modi fugiat laudantium nostrum. Nesciunt cum et quia aspernatur beatae dignissimos.',1,1,'2016-04-07 02:27:31'),(415,176,30,'Sapiente molestiae eveniet non distinctio. Labore laborum ab dolorem est. Incidunt quam earum consectetur et exercitationem inventore quas. Molestias saepe totam itaque aut dicta nihil neque.',0,0,'2018-09-16 06:21:39'),(416,21,15,'Sit enim dolor eum qui in architecto sint magni. Dolores animi hic molestias eum. Quo quo vero optio molestias enim veritatis reiciendis eaque.',0,0,'2016-08-20 06:12:19'),(417,14,22,'Provident amet id aut odio rerum. Eveniet aliquid nihil ut minus qui recusandae et. Amet porro necessitatibus voluptatem pariatur dolorem deserunt. Blanditiis et quisquam quo consequuntur temporibus nulla quae.',0,0,'2015-08-10 07:14:50'),(418,70,81,'Facilis quia molestiae iste accusamus harum sit ipsam. Quia est necessitatibus impedit repellat vitae. Quidem animi placeat enim hic amet aut quia non.',0,0,'2017-12-01 06:30:30'),(419,195,132,'Velit quae ad quod porro mollitia consectetur iure. Rerum cumque laudantium odit voluptatem.',0,0,'2017-11-17 06:18:56'),(420,74,174,'Tenetur consectetur voluptatem aliquid officia architecto. Quis dolorem vitae quia natus nulla sint. Exercitationem sed ut quibusdam ut eveniet odit omnis. Quae accusamus dolores eius et minima. Vero mollitia minima nemo aut voluptatem ipsum dolore.',0,0,'2016-07-23 00:16:06'),(421,46,107,'Autem et aut ipsum iste sed. Quasi et rerum voluptatem pariatur odit eius.',0,1,'2018-06-02 19:11:16'),(422,195,57,'Necessitatibus laboriosam cum placeat placeat est mollitia ducimus. At labore est repudiandae eligendi natus consequatur. Fuga soluta sequi magnam architecto quia provident blanditiis dolor. Consequatur sequi ratione quia dolores provident quae quis.',1,1,'2017-11-17 06:18:56'),(423,99,123,'Voluptates consequatur aliquam tenetur autem tenetur consectetur omnis iusto. Eos a iste corporis dolores a. Et numquam ipsam fugit.',0,1,'2018-04-23 12:17:52'),(424,115,9,'Incidunt nihil ut voluptates omnis aliquid. A et voluptas libero alias tenetur alias aspernatur voluptatem. Placeat nulla ipsa aliquid explicabo.',0,1,'2019-05-01 07:16:49'),(425,97,60,'Quis et reprehenderit mollitia quia quo harum debitis. Illo alias itaque voluptas soluta. Aut dignissimos nesciunt nemo sed consequatur adipisci nobis dolores.',0,1,'2016-05-02 04:42:58'),(426,7,54,'Autem quidem unde enim libero quasi et pariatur. Ut delectus reprehenderit tempora reiciendis voluptas rerum fuga et. Facilis possimus suscipit deleniti nihil voluptas unde facilis non.',1,1,'2013-01-26 11:38:45'),(427,47,74,'Magnam sunt voluptate est labore dolor voluptatibus sit. Doloribus odio dicta assumenda eos et hic non. Repellat ipsum neque aut ea. Veritatis et sit quia quis.',0,0,'2016-12-08 05:48:35'),(428,27,113,'Nobis earum perspiciatis alias enim doloribus non id. Quas quia mollitia recusandae voluptas et molestias. Et voluptates omnis et omnis. Sed ut quia doloribus repellat quod autem explicabo.',1,0,'2015-07-03 22:43:45'),(429,85,83,'Quasi voluptas expedita autem et. Modi voluptas laudantium quo architecto quaerat rerum molestiae. Dolorem similique vitae ut autem ducimus blanditiis doloremque et. Nobis non quod quae expedita voluptatem.',0,1,'2019-02-10 03:59:15'),(430,162,158,'Et facilis pariatur et illum quos optio adipisci. Voluptate molestias aliquam deserunt officia nisi. Vel commodi nisi non libero.',0,0,'2019-11-25 00:13:52'),(431,106,57,'Adipisci dicta quibusdam unde est dolor ut consequatur. Officiis recusandae sit nam. Quasi veniam dolorum aliquid unde ex non qui aspernatur. Ut quas laborum voluptatem consectetur excepturi adipisci quia.',1,1,'2018-07-23 06:02:21'),(432,163,45,'Sed qui tenetur suscipit illum vel. In ab vel corrupti fugiat aliquid nisi. Nobis fuga voluptate et aut recusandae aut. Est maiores dolores est natus quis fugit repellat tempora.',0,0,'2015-11-28 14:19:05'),(433,137,148,'Dolorem omnis illo officia molestiae. Cum itaque tempora minus omnis. Ipsum in quis voluptate quis.',1,0,'2018-05-22 07:40:00'),(434,129,2,'Dolorum autem architecto ea ducimus asperiores odio omnis. Est non doloribus aut a omnis sit nisi. Ducimus quos illum aut voluptates.',0,0,'2017-01-07 23:44:59'),(435,23,107,'Dignissimos tempore incidunt nam suscipit. Quia iste similique dolor placeat cupiditate. Facilis nemo eos molestiae veniam nihil. Odio non optio saepe voluptatem ullam.',1,1,'2014-10-28 03:35:25'),(436,67,14,'Quo asperiores deserunt eum vitae unde eos. Quo iure pariatur impedit aut. Error autem quae repellat ipsa aliquam voluptas.',1,1,'2019-10-03 22:32:12'),(437,66,87,'Veniam magni rem corrupti qui accusamus eos. Beatae et dolores est nihil velit.',0,1,'2019-11-22 23:21:00'),(438,37,125,'Et et iusto iusto veritatis molestiae officiis. Ratione maxime recusandae aliquam expedita consequatur repellendus.',1,0,'2012-08-30 17:58:25'),(439,113,190,'Et nemo perspiciatis quisquam vel ipsum qui quis doloremque. Animi sed recusandae ratione. Consequatur est quas occaecati eos dolorem mollitia commodi.',0,0,'2017-07-16 22:27:47'),(440,12,86,'Voluptas doloremque omnis laudantium voluptatem doloribus debitis. Molestiae aut quaerat est a. Qui iste repudiandae quisquam explicabo.',0,1,'2015-07-21 14:50:47'),(441,195,116,'Nesciunt sequi neque amet est quod nihil. Nihil dolor odio dolorem rerum quibusdam nisi neque. Sit est mollitia veniam nulla. Ut id rerum molestias sunt nemo voluptatem ex.',1,0,'2017-11-17 06:18:56'),(442,195,26,'Odit quia omnis eum placeat quis nesciunt. Quis neque aspernatur ut. Velit quas quia sit.',1,0,'2019-10-18 02:55:50'),(443,144,41,'Sunt qui incidunt sit ullam quod eaque. Modi iusto rerum qui aliquid necessitatibus saepe excepturi iure. Et qui facere occaecati tempore nesciunt vitae. Perspiciatis quisquam unde sit aut dolor.',1,1,'2018-09-16 03:04:31'),(444,174,148,'Temporibus autem ducimus id quidem quas ad dolor. Saepe esse dolore aut voluptatibus suscipit. Non expedita fugit quasi eum cumque est est. Ut quia nostrum rem animi quod quo quia. Natus ut quibusdam nam perspiciatis.',1,0,'2017-07-28 22:39:58'),(445,15,30,'Et omnis aperiam recusandae autem nam. Consequatur ut autem laudantium maxime laudantium. Doloribus numquam assumenda nisi aut totam repudiandae quia ut. Aut nihil aperiam eveniet ullam.',1,0,'2012-06-30 22:25:09'),(446,103,27,'Veritatis assumenda qui et accusamus placeat. Dolores natus sit facilis dolore. Dolores dolorum dolor unde ad sint in reprehenderit. In illum dolorem ut sed.',0,1,'2018-04-14 16:00:34'),(447,26,46,'Est illo aliquid expedita perferendis quo. Quam facilis soluta ut doloribus omnis qui et. Illo est est corporis. Dicta totam autem maiores neque non voluptatem.',0,0,'2015-11-26 08:49:05'),(448,152,23,'Assumenda qui repellendus culpa consequatur. Molestias laborum impedit eius. Eum voluptates aut officiis repellat.',1,1,'2014-06-19 17:11:52'),(449,58,21,'Laborum hic quam voluptates voluptatibus rerum. Enim eius placeat nostrum. Voluptate at sint molestias blanditiis est magni. Sint quo quod quia cupiditate ut et sint.',1,1,'2016-08-07 08:07:27'),(450,130,185,'Dolorem ea dolor a similique distinctio eaque. Eius minus pariatur labore corrupti. Quia blanditiis voluptate fugiat aliquid.',1,1,'2018-05-18 17:52:47'),(451,136,125,'Eos sit in sit necessitatibus reiciendis. Et necessitatibus quis aut unde nostrum quia. Dolorum velit eveniet vel debitis non voluptatem fugit. Quisquam et aut veritatis ratione distinctio quia.',1,1,'2017-03-23 20:41:43'),(452,15,100,'Consequuntur mollitia non delectus minus. Rerum iusto fugit ut nihil aut autem nihil. Facilis ipsam praesentium dolor sunt necessitatibus est. Reprehenderit rerum consequatur commodi deleniti cupiditate.',0,0,'2012-07-19 10:34:54'),(453,53,165,'Nihil provident delectus nemo suscipit. Nemo perspiciatis ex amet quia aut consequuntur ipsum. Error aspernatur culpa minus. Maxime quaerat commodi et quis natus ut.',0,1,'2015-02-27 21:57:04'),(454,66,34,'Ea aut deserunt dolorum modi molestiae nam id. Similique qui ad natus molestiae pariatur. Reiciendis dolore veniam iure porro esse. Tempora itaque nemo quis consectetur.',1,1,'2017-01-15 00:49:57'),(455,171,152,'Pariatur non impedit quia dolor pariatur eaque. Rerum temporibus quae totam at et quisquam eos. Ut tenetur ut qui ratione quia iure nulla.',0,1,'2019-12-15 20:50:04'),(456,46,176,'Accusantium cum expedita est voluptatem. Sit aut nulla inventore excepturi aut harum quae quo. Necessitatibus ratione eligendi sint et atque adipisci et.',0,0,'2019-10-10 00:38:08'),(457,142,179,'Molestiae nisi necessitatibus deserunt est et est dolorum. Ipsa id qui deleniti libero amet voluptates. Ut reiciendis et quas delectus qui.',0,0,'2019-08-05 20:38:54'),(458,70,11,'Mollitia et odio ea deleniti deleniti tempora esse. Voluptatem quidem iusto nobis in repellat commodi. Mollitia rerum suscipit neque voluptas dolores cum ipsum. Harum a voluptatem odit omnis.',0,0,'2017-05-05 01:12:02'),(459,47,199,'Eum aliquid consequuntur deleniti perferendis. Laborum quas voluptas sed unde cupiditate et.',0,1,'2012-10-05 10:39:32'),(460,56,83,'Vero qui ut facilis. Eaque dolore animi sint et magni aut a. Sunt natus ratione et facilis assumenda ea atque.',0,0,'2015-11-16 06:49:21'),(461,46,182,'Accusantium ipsa ut possimus id voluptatem sunt et. Eligendi occaecati et et perspiciatis sunt.',0,0,'2019-09-06 03:02:13'),(462,170,103,'Pariatur nihil inventore quibusdam qui nihil officiis. Quas quae aut error animi et. Adipisci iste veritatis ut necessitatibus placeat. Et autem et est esse quos asperiores debitis. Sequi voluptatibus aut inventore ea.',0,1,'2018-03-07 12:38:59'),(463,7,123,'Deserunt placeat et quaerat perspiciatis aperiam. Aut dolorum deleniti eos eum. Soluta officiis ea nulla fuga. Ipsum doloribus nihil repellat.',1,1,'2014-04-24 16:55:20'),(464,193,197,'Et animi qui officiis qui est. Officiis odio cum totam aspernatur quasi sequi cumque. Qui omnis eligendi sed qui eum.',0,1,'2019-08-28 05:32:36'),(465,6,39,'Explicabo adipisci et omnis velit quae impedit. Qui recusandae assumenda error voluptate at eum odit minima. Quo ea sed ut voluptatem deleniti illo omnis vel. Voluptatem est quibusdam est nihil a molestiae sit.',1,1,'2017-07-20 15:32:26'),(466,176,160,'Sint odio dolore distinctio deleniti qui. Eligendi eaque iste sequi incidunt neque. Ut doloremque id iusto est. Iure iure harum et debitis dolores est. Quia consequuntur voluptatem rerum rerum.',0,0,'2016-10-28 06:52:47'),(467,74,91,'Ipsam veniam rerum molestias aspernatur accusantium. Aliquid est et itaque voluptate ab rerum ut. Aut ipsam debitis eius voluptatem voluptas. Ea fuga sit rerum ea iste aspernatur eos.',0,0,'2015-05-08 17:41:03'),(468,30,78,'Laborum magnam asperiores ratione at quis vel neque. Quae exercitationem dolorem maiores dolor rerum hic soluta et. Voluptas quod harum blanditiis modi quas eum.',0,0,'2018-03-14 07:13:41'),(469,97,53,'Qui cumque atque illum dolorum voluptatem. Sit laudantium sit et quasi similique debitis.',1,0,'2017-09-09 03:45:08'),(470,173,104,'Aut natus harum soluta nobis praesentium molestiae fuga. Vel voluptatum neque harum et. Ab aliquam molestias quia quod. Vitae minima modi dolorem et velit.',0,0,'2018-02-02 21:09:25'),(471,3,102,'Quod dolores consectetur facilis aut veniam quae sed dolore. Voluptas et dolores ut porro omnis consequatur. Dolorem nostrum sed corrupti fugiat sequi.',1,0,'2016-05-17 20:10:41'),(472,102,3,'Earum rerum praesentium iusto. At quo ut dignissimos quam facere ad eveniet. Incidunt qui quia deleniti laboriosam perferendis consequatur dolores.',1,1,'2018-12-18 23:54:35'),(473,106,122,'Libero nesciunt perferendis et qui dolorem. Nemo repellendus quod quisquam mollitia delectus eaque. At molestiae est ut voluptatibus dolores. Voluptatem nemo placeat minus consequuntur nemo laborum.',0,1,'2018-07-23 06:02:21'),(474,92,91,'Est quis nesciunt aut nihil. Ipsam non alias quis ab fuga mollitia aspernatur. Suscipit vel dolor consequatur quis unde consequatur. Fuga provident officiis modi voluptas nulla.',0,0,'2019-12-23 06:23:15'),(475,182,34,'Dolores dolore eum quod omnis dolores temporibus in. Aperiam sunt sed ea beatae ipsum. Saepe eos dolorem molestiae repellendus ut.',0,0,'2020-03-15 00:44:50'),(476,25,22,'Veniam autem accusantium nobis et beatae fugiat. Accusamus quia praesentium pariatur voluptate id. Adipisci nisi dolores tempore voluptatibus adipisci numquam dolores dolor. Illo ex ea sapiente excepturi ut veniam molestias quae.',0,0,'2016-06-02 12:36:30'),(477,36,113,'Vero harum laboriosam vero ipsum. Delectus non rerum quia praesentium tempore aut esse enim. Quidem veniam assumenda quia fugit voluptatibus dolores. Similique eos totam nihil et animi sit.',0,1,'2015-02-25 13:31:32'),(478,57,146,'Deserunt qui non sed. Ipsam velit vel aut vel. Magnam similique nobis fugit odio. Ducimus inventore consectetur ab quidem mollitia est suscipit.',1,1,'2017-10-23 16:08:40'),(479,159,156,'Sed voluptas ut ipsum odio incidunt optio et. Rem sit enim natus totam.',1,0,'2014-02-11 06:21:43'),(480,101,37,'Molestias nesciunt deleniti ea fugiat natus laudantium. Vitae exercitationem ut odio fuga. Doloribus facilis sunt cupiditate.',0,1,'2015-05-06 04:47:02'),(481,82,99,'Eos reiciendis maxime aut explicabo praesentium. Nesciunt excepturi tenetur cumque nemo ut ratione vitae iusto. Rerum eveniet maxime eum incidunt.',1,0,'2016-01-18 17:44:42'),(482,49,146,'Eos sint nostrum incidunt provident excepturi. Ut aliquam maxime dolor corrupti odit quo enim labore. Et nihil maxime et consequatur.',1,1,'2019-08-22 12:03:44'),(483,181,68,'Ipsam repellat enim nihil assumenda saepe numquam. Voluptatibus impedit at a magnam rerum. Esse quasi aut aut repudiandae quo tenetur ducimus. Illum odio est error est quidem maxime.',1,0,'2018-03-11 22:24:41'),(484,195,174,'Laboriosam nobis aut fugit et molestiae ut. Quasi perferendis in minus odio. Ducimus ex sunt ut accusamus esse necessitatibus omnis consectetur. Aut molestiae et delectus perferendis fuga reprehenderit.',1,0,'2017-11-17 06:18:56'),(485,81,84,'Autem et ea nostrum fugiat. Aut eum officia consectetur. Sed incidunt sit fuga impedit amet. Est natus numquam sunt nostrum qui.',1,1,'2015-05-23 23:30:39'),(486,176,29,'Molestiae adipisci repellat ratione omnis. Aut eum officiis dolores perspiciatis quos quaerat. Repellat consectetur et natus consequatur. Iure saepe consectetur dolorum enim voluptate quia vel asperiores.',1,1,'2016-10-28 06:52:47'),(487,16,192,'Et blanditiis ex sed. Sed modi dolorum quod sit vero et aperiam.',1,0,'2015-06-04 02:46:58'),(488,111,179,'Rerum accusamus est veniam omnis reprehenderit in. Molestias cumque ut sapiente dolorum. Voluptatem error quibusdam vel aut ex nihil. Omnis ut vitae praesentium delectus qui.',0,1,'2018-05-17 02:54:11'),(489,163,75,'Perspiciatis perspiciatis qui saepe deleniti eos qui. Dolor voluptas perspiciatis ducimus ea delectus. Rerum molestiae unde eius veniam voluptas vel nemo.',1,0,'2017-01-12 08:09:41'),(490,87,8,'Rerum hic corrupti error illo ratione facere. Doloribus aliquam provident non velit non. Autem est excepturi autem nihil quo.',0,0,'2014-11-11 16:24:48'),(491,180,77,'Consequatur velit quam laborum consectetur veritatis optio quidem. Et ut aliquid eos numquam. Rerum dolorem exercitationem quidem soluta perspiciatis corporis. Suscipit voluptatem officiis doloremque quis. Maiores deleniti optio ad quos odio.',0,1,'2018-04-10 04:32:57'),(492,42,181,'Fugiat asperiores possimus est cum et odio. Cupiditate ab cupiditate sint rerum excepturi nihil necessitatibus in. Consequatur aut ea animi magni impedit quisquam. Aliquam dolor perferendis sequi possimus adipisci.',1,0,'2019-08-08 03:23:18'),(493,175,135,'Laudantium qui tenetur et et atque. Tempora sunt aut ipsa quam et. Debitis rem aut voluptas blanditiis. Voluptas perspiciatis voluptatem aliquam voluptatem rem aperiam similique.',1,0,'2017-03-14 18:50:30'),(494,148,134,'Quam velit nemo eligendi nemo optio. Odio fuga ducimus harum consequatur voluptatum. Ut eum delectus officiis et. Cum consequuntur voluptatum eos quam ea.',0,0,'2017-09-27 12:36:24'),(495,26,126,'Dignissimos et quisquam quibusdam sint. Tempora sequi voluptas nam qui facere neque. Possimus distinctio reiciendis quis quo totam sint ullam id.',0,1,'2015-11-26 08:49:05'),(496,153,188,'Qui consequatur non ea laudantium ipsam est molestiae. Quia dolorem tempore voluptatem accusamus laborum provident. Earum et eligendi sit reiciendis soluta ducimus.',1,1,'2019-03-09 15:52:03'),(497,80,33,'Voluptatem perferendis nobis libero delectus est. Blanditiis rerum dolores perspiciatis recusandae rerum ratione animi corrupti. Et voluptatem at odio eum omnis esse.',0,1,'2013-01-06 10:17:09'),(498,128,138,'At alias ea a velit. Similique itaque ad architecto et reprehenderit. Ratione quod id et placeat quis odio. Nulla odit recusandae sit.',0,0,'2018-03-25 12:11:54'),(499,105,112,'Modi veritatis voluptatem velit. Dicta natus nemo et veniam adipisci. Tempore quibusdam impedit distinctio molestias eos nemo. Quisquam unde nisi unde id ea voluptatem et.',0,0,'2019-04-28 18:37:45'),(500,44,84,'Et assumenda iure tempore nulla fugiat. Consequatur enim vel eum consequuntur. Qui voluptatum reiciendis a.',0,1,'2019-03-09 19:15:58'),(501,87,183,'Numquam expedita sed magnam quod dicta eligendi enim. Et voluptas ut omnis consequatur at. Quidem odio repellendus iure rerum ut. Hic velit voluptas architecto sint facilis velit.',1,1,'2012-12-02 06:16:10'),(502,55,122,'Odit ut quae quam temporibus soluta quisquam. Sit aut ullam amet tempora voluptatum voluptatem beatae. Minima tempora voluptatem at voluptatem iste. Quis omnis voluptates magni. Qui modi officia pariatur perspiciatis voluptates ipsum.',1,0,'2015-03-31 11:53:40'),(503,47,68,'Beatae eligendi ut omnis. Eveniet consequatur autem eius ea voluptatem ab. Amet placeat aut sunt et voluptas nihil labore.',0,0,'2016-08-20 04:16:26'),(504,197,183,'Voluptatibus nobis sed voluptatem totam vitae cupiditate. Maxime accusamus aliquid et dolorem libero. Vero aperiam accusantium nulla unde placeat. Esse rerum quis quo amet mollitia consequuntur delectus.',0,0,'2018-11-22 17:17:19'),(505,122,61,'Esse quod perspiciatis unde incidunt quis. Similique deleniti vitae facere voluptas est quibusdam. Iste ad impedit molestias sunt. Quos velit numquam pariatur est nisi doloremque.',1,1,'2018-02-08 17:06:33'),(506,137,101,'Soluta adipisci repellendus sit eos quasi cumque harum assumenda. At sequi quia saepe harum doloribus maiores. Quo autem nulla natus. Aut cum quisquam vel voluptatem ut omnis omnis non.',1,0,'2018-05-22 07:40:00'),(507,95,170,'Officia rem sit natus et. Est ex mollitia et atque odit. Fugit aperiam et cumque molestiae tempora. Occaecati voluptatem totam fuga quas eum perferendis.',1,1,'2015-08-25 17:36:15'),(508,167,123,'Itaque aut sit ipsam tenetur impedit. Similique libero quas explicabo molestiae. Neque reprehenderit beatae officiis pariatur consectetur culpa soluta.',1,1,'2015-01-04 08:21:45'),(509,113,197,'Et praesentium sunt cupiditate ut neque maxime. Ad omnis amet dignissimos quam iusto sequi aut. Ut veniam quod molestiae corrupti. Iusto pariatur voluptatem distinctio fuga.',1,1,'2017-07-16 22:27:47'),(510,47,40,'Voluptates ut dolorem eveniet necessitatibus officiis. Et ad veritatis omnis optio. Tempora debitis sed dolores aut dolorem quis non.',1,0,'2017-11-16 20:57:20'),(511,61,183,'Aut soluta consectetur dolores saepe consequatur harum ut. Accusamus non vero atque dolor dolores nisi est nisi. Et dolores explicabo occaecati quidem. Suscipit alias impedit a omnis.',0,1,'2013-07-26 02:24:02'),(512,132,111,'Nam odio tempora nihil nihil qui adipisci. Similique exercitationem ea eos enim modi. Aut corporis voluptates ipsum consequatur ex enim odio.',0,1,'2017-09-16 23:06:24'),(513,159,63,'Assumenda nobis aspernatur delectus qui iste qui. Deserunt sint quisquam veritatis exercitationem inventore est incidunt. Rerum in enim aut molestias sapiente repellendus neque voluptatem. Distinctio officia dicta perferendis minus voluptatem ut.',1,1,'2015-07-13 01:55:20'),(514,34,182,'Iusto modi est nihil optio suscipit quia non ipsam. Repellendus nihil minus id cupiditate dolorem. Soluta libero in delectus earum odit nemo. Omnis esse quisquam sapiente rerum et dolor reprehenderit nesciunt.',0,1,'2018-01-05 14:21:04'),(515,8,94,'Non consequuntur consequuntur tenetur beatae. Sequi reprehenderit delectus vel odit hic. Sed maiores aut et minus. Quod labore laudantium quas error consequatur maiores. Ut debitis quo maxime aut atque repudiandae soluta.',1,0,'2012-09-05 03:27:15'),(516,47,150,'Minus at tempore quo distinctio quo. Dolorem cum quis laudantium et. Reiciendis modi eos molestiae sint ea vel.',0,0,'2018-05-07 17:30:52'),(517,11,3,'Cumque quaerat iste et qui enim doloremque vel. Vel quis non magnam.',1,0,'2015-04-19 11:00:26'),(518,182,99,'Explicabo provident maxime reprehenderit deleniti. Et minima sapiente pariatur nostrum dolores. Voluptatem vitae enim sunt. Dicta deleniti ullam voluptatum quia architecto molestiae aspernatur aut.',0,1,'2020-03-15 00:44:50'),(519,151,56,'Id nemo quia nesciunt enim. Rem nostrum aut animi quos ut perspiciatis ut. Eligendi dolor eos qui eveniet cum at tenetur est. Est sit vel cupiditate optio quae. Inventore molestias et sunt ut quas eaque aut.',0,1,'2013-05-06 01:00:26'),(520,25,158,'Ea nam adipisci est et recusandae atque nostrum. Non veritatis et facere eum. Praesentium quia voluptas dolores incidunt. Qui voluptatem officiis et provident itaque ducimus qui consectetur.',1,0,'2014-05-12 05:02:43'),(521,115,99,'Est non amet aperiam sint iusto. Fugiat ex quos quia et. In sapiente ipsam quos.',1,1,'2019-05-01 07:16:49'),(522,150,53,'Nihil aut quia vitae quo. Aperiam consequatur qui eaque nihil quis perspiciatis voluptas. Omnis quos est ipsa alias amet.',1,0,'2020-03-23 05:34:32'),(523,12,103,'Est quaerat qui sequi. Aut non et harum aut. Consequatur ipsa ipsum et ea architecto hic. Sunt sequi illo ut et suscipit saepe magnam.',0,0,'2018-10-08 21:55:41'),(524,80,89,'Quidem architecto pariatur blanditiis aliquid. Voluptates eveniet in quod ullam odio sunt maxime. Facilis vel fuga corporis odio veritatis.',0,1,'2013-01-06 10:17:09'),(525,3,150,'Tempore consequatur accusantium dolores odio praesentium ex. Quis similique sit est temporibus. Nisi repellat nemo veritatis dolores sit at. Praesentium officiis facere veritatis illo occaecati.',0,1,'2020-02-12 18:25:21'),(526,139,43,'Soluta vel debitis laboriosam eligendi quod nulla amet. Assumenda illo exercitationem esse asperiores. Occaecati libero repellat fugit excepturi ut sit explicabo. Consequatur aut ut magnam repudiandae.',1,1,'2015-08-25 14:00:58'),(527,200,68,'Voluptatem provident at commodi labore. Est molestias quibusdam aut et. Unde necessitatibus at nam est minus. Ipsum aut excepturi sequi enim reiciendis.',0,1,'2014-05-13 12:30:30'),(528,139,92,'Assumenda cumque et a voluptatibus voluptatem quas ullam. Voluptatum alias sint molestiae. Veniam blanditiis fugit exercitationem eum officiis modi.',1,1,'2019-10-15 14:06:55'),(529,41,129,'Ipsum et totam repudiandae consectetur. Rerum eos impedit aliquid eveniet necessitatibus non nulla et. Reprehenderit corrupti temporibus molestiae. Ipsam optio voluptatem aspernatur nobis.',1,0,'2018-09-10 06:33:59'),(530,121,20,'Voluptas optio porro molestias asperiores. Dolores vel facere quia molestiae doloremque sed provident ut. Culpa vel nemo molestias hic sapiente sit.',0,1,'2019-02-04 11:22:55'),(531,136,18,'Sed ullam pariatur dolorum consequatur. In esse doloremque quis et. Perspiciatis repellat quia et expedita atque. Unde ex aperiam aliquam consequatur ipsum dolorem laborum.',0,0,'2018-03-29 19:29:33'),(532,84,163,'Sapiente dolor laborum omnis rem. Aut et ratione ut vitae debitis. Eos excepturi itaque corporis odio.',0,0,'2013-10-01 04:49:35'),(533,164,128,'Nostrum quis ab laudantium et distinctio. Minima facere laudantium cupiditate odit porro. Inventore aut deleniti exercitationem illo reiciendis veniam.',0,1,'2014-09-13 12:24:13'),(534,149,162,'Ipsa placeat odio et porro error veritatis quidem. Necessitatibus voluptatem voluptatem qui consectetur. Voluptas delectus pariatur ipsum et voluptas omnis ea. Corporis voluptatem consequuntur est.',0,0,'2017-03-10 04:13:37'),(535,162,123,'Dicta praesentium debitis ea commodi inventore. Qui inventore optio laudantium tempore itaque fugit quia vero. Autem sapiente omnis sed minima.',0,0,'2019-11-25 00:13:52'),(536,128,69,'Occaecati sed necessitatibus optio et animi. Rem qui dolore neque omnis repellat voluptatum odit recusandae. Aut non autem qui et.',1,1,'2017-10-30 16:07:08'),(537,162,2,'Tenetur consequatur placeat reprehenderit in nihil. Et pariatur et excepturi earum unde ipsa. Optio non dolores aspernatur quidem similique in quo.',0,0,'2019-11-25 00:13:52'),(538,124,14,'Et quod dolorum rem magni. Similique delectus et temporibus molestiae rerum et. Sit et culpa soluta quis saepe quidem. Consequatur provident repellendus animi et aut ut.',0,1,'2019-12-22 03:06:34'),(539,99,50,'Atque placeat repellendus nihil totam omnis aut. Earum dolor maxime et sequi eaque eum.',1,1,'2018-04-23 12:17:52'),(540,153,16,'Amet ipsa dolor ipsum quia eum molestias qui. Porro et est ut fugiat. Aliquam velit consequatur facilis et alias ipsa. Ipsam inventore minima ut repudiandae consequuntur.',1,1,'2019-03-09 15:52:03'),(541,19,47,'Voluptatibus voluptatem nihil ducimus ducimus sed velit. Commodi corrupti et aliquam. Optio nihil corporis aliquid vitae laudantium. Est quia at fugit pariatur.',1,0,'2015-02-11 11:12:20'),(542,178,147,'A repellendus eum reiciendis iste possimus. Voluptatem tempora illo omnis necessitatibus exercitationem. Nobis voluptatem consequatur aspernatur ullam ipsa quos adipisci.',0,0,'2016-08-17 00:08:45'),(543,2,167,'Assumenda error praesentium rerum harum repellendus enim consequatur exercitationem. Quisquam id rerum illum optio ratione molestias provident. Voluptatem excepturi eos pariatur autem necessitatibus itaque nobis. Dignissimos et rem ut quisquam facilis modi.',1,0,'2019-10-21 22:15:23'),(544,28,40,'Ut dicta ipsa quae error iste sed commodi. Voluptatem harum laborum nostrum quos quia reprehenderit officiis. Laudantium accusamus qui et sit quasi nesciunt. Eveniet eaque nisi quis corporis porro perferendis voluptatem.',1,1,'2018-05-09 08:51:28'),(545,114,49,'Deleniti perferendis voluptas rem et ut. Debitis quia aut praesentium itaque harum voluptatem et.',0,0,'2017-06-09 21:58:13'),(546,103,167,'Vero possimus rerum esse impedit modi nulla modi. Et deleniti reprehenderit suscipit aut commodi dolorem.',0,0,'2018-04-14 16:00:34'),(547,127,134,'Saepe quae adipisci incidunt debitis ullam eos ullam. Nostrum enim numquam et autem aut et quisquam.',0,0,'2015-03-07 22:43:22'),(548,88,39,'Laborum quia modi est eos provident. Nihil ut dolores ut commodi totam magnam officia sit. At iste libero quia quod. Enim magni aut natus dignissimos ut aliquid minima.',1,1,'2014-02-16 22:37:06'),(549,130,132,'Et expedita ullam pariatur nihil ut occaecati reiciendis cumque. Voluptatibus quia rerum et eius labore hic. Dolores voluptas suscipit consequatur qui.',0,0,'2014-12-16 13:35:30'),(550,72,160,'Praesentium doloremque doloremque fuga mollitia est. Quas similique distinctio eveniet vel. Alias incidunt voluptas est molestiae ut occaecati dolorem.',1,0,'2014-05-29 19:25:07'),(551,186,47,'Aut eum officiis quod sint. Nesciunt pariatur eum qui quas excepturi itaque molestiae error. Rerum dolor voluptas omnis quaerat quidem expedita perspiciatis. Et laborum atque rerum quia.',0,1,'2012-02-16 15:33:43'),(552,79,55,'Cum consequatur quod dolorum. Sit dolor non praesentium possimus dolor. Nam ut qui at quis iste deleniti praesentium.',1,1,'2018-10-03 17:40:01'),(553,34,5,'Dolorem saepe illo et esse aut et accusamus eaque. Totam voluptas quasi eligendi alias molestiae minus amet.',0,1,'2015-08-25 15:40:15'),(554,121,192,'Iste est quos iure pariatur nisi inventore ut. Recusandae unde unde odit consequatur. Ea minima sint voluptatem officiis ducimus ratione voluptates. Quod sunt molestias voluptatibus.',0,0,'2020-01-11 10:17:00'),(555,198,11,'Porro ratione autem repellat quidem. Expedita et et blanditiis quaerat. Itaque est et incidunt occaecati. Et dolorem tenetur accusamus.',1,1,'2018-09-24 09:33:41'),(556,60,67,'Nihil dolorum consequuntur optio sit eveniet. Repellendus nisi sint labore praesentium. Quam vel harum voluptates ut quis et commodi.',1,0,'2018-01-13 02:10:12'),(557,154,170,'Magnam sint quo sint accusamus non laudantium. Cupiditate recusandae facere repellat omnis omnis odio aut. Molestiae quia corporis accusamus qui dolorum recusandae.',1,0,'2018-02-09 00:18:07'),(558,187,23,'Officia nostrum officia unde impedit corporis. Voluptatem neque suscipit velit rem. Rem iusto a praesentium veritatis et.',0,0,'2016-10-03 22:10:43'),(559,153,97,'Corporis quia voluptatem asperiores rerum totam quia. Adipisci in maiores eum voluptatem. Sequi repellat placeat corporis enim et vel. Fugiat debitis repellat esse illo ea aut.',1,0,'2019-03-09 15:52:03'),(560,25,36,'Et et repellat natus ut commodi temporibus. Vel vel quia enim animi et eum magnam vitae. Nemo atque fugit est voluptatem hic. Quam consequuntur expedita incidunt porro.',0,1,'2014-07-26 15:44:21'),(561,101,197,'Hic aut saepe omnis earum omnis qui. Impedit nobis odio sed omnis iusto. Distinctio nam ut aut vitae vero error sunt. Mollitia ut illum est cumque id cupiditate.',1,0,'2015-05-06 04:47:02'),(562,82,17,'Quae voluptatem omnis nesciunt minus ducimus ut iste. Tempora accusamus quia ab vel minus.',1,0,'2014-10-26 00:16:09'),(563,39,143,'Non ipsam rerum error omnis velit officiis necessitatibus. Quaerat tenetur consequatur omnis labore. Est natus vitae mollitia et rerum sed laboriosam. Nobis distinctio totam est voluptatem mollitia ullam et.',0,1,'2015-06-04 14:17:56'),(564,200,167,'Ea voluptate consequuntur ipsa cupiditate accusantium odit vel. Repellat voluptates facilis architecto. Rem veritatis unde saepe culpa. Aliquam est architecto dolores. Harum nostrum alias consectetur vel.',0,0,'2017-05-16 00:56:22'),(565,38,88,'Nostrum velit non doloribus quibusdam architecto laborum. Autem nemo voluptatem omnis eos quis ad. Aut delectus animi ab cupiditate. Aperiam laborum est ut voluptatum sed.',1,1,'2014-04-29 04:37:20'),(566,123,153,'Totam commodi eius quasi minima nihil dolorem. Consequatur quod architecto ut maxime. Praesentium asperiores harum sit architecto aspernatur aspernatur earum.',1,1,'2019-09-05 06:15:38'),(567,194,111,'Fuga omnis eos enim et illo. Nam animi minima non sit numquam qui consequatur. Fuga quasi et et nemo placeat vel molestias. Culpa non perferendis dolor ab nisi aut.',1,0,'2019-05-12 16:45:34'),(568,173,129,'Iste maxime libero deleniti et sunt in quae fugiat. Autem vero qui cumque eos temporibus. Ipsam voluptates sapiente fuga tempore omnis nemo qui minima. Quia suscipit repellendus saepe voluptatum.',0,0,'2015-06-11 19:41:27'),(569,127,47,'Molestias minus alias voluptas voluptatem neque rerum. Consectetur dolorem quo ea incidunt. Iste et velit sed velit quia illo a.',1,1,'2019-04-19 10:18:34'),(570,56,135,'Omnis ut pariatur illum ut. Esse et exercitationem voluptatem a odit. Consequuntur ea rerum nesciunt tempora eius aut minus. Tempora sequi assumenda consectetur dolor temporibus non.',0,0,'2015-11-16 06:49:21'),(571,108,134,'Amet officia qui esse atque vero. Aperiam optio nihil qui voluptates. Deserunt ut dolorem omnis amet aspernatur molestiae.',1,0,'2016-12-28 21:57:42'),(572,146,127,'Nisi dolorem est quia fuga et qui animi nihil. Ea enim inventore dolores aut.',1,0,'2018-05-25 14:39:32'),(573,199,11,'Voluptate omnis qui nemo eum iste qui sint. Blanditiis qui dignissimos quidem aut. Dolorem non quisquam pariatur alias nam placeat magnam.',1,1,'2018-12-16 13:47:43'),(574,59,61,'Id fugiat veniam nemo rerum cum. Temporibus et enim tenetur dignissimos harum adipisci totam quia. Labore quam rem enim. Sint culpa tempora vel consequuntur. Eaque quasi laudantium nesciunt ullam quo aut amet mollitia.',1,0,'2019-10-09 01:49:46'),(575,127,52,'Atque illo iste itaque qui. Quisquam ut delectus veniam molestiae velit. Facilis dicta expedita assumenda a a neque. Est blanditiis minus non iure.',0,1,'2013-03-30 17:02:14'),(576,79,40,'Quia molestias soluta minus sunt eaque aut non. Deserunt quibusdam laudantium reprehenderit repellat.',1,1,'2012-11-02 18:24:02'),(577,159,77,'Odit et tenetur omnis dolorem voluptatem deleniti aut. Ipsum nisi id quibusdam voluptate officia.',1,1,'2011-07-28 00:54:51'),(578,105,96,'Nihil ipsum ut qui dolore ea sunt molestiae. Ipsum vel possimus dolore velit aperiam. Ipsa magnam eveniet explicabo. Accusamus molestiae magnam ullam est eum nam non.',0,0,'2018-12-13 03:55:18'),(579,164,132,'Quo ut dolorem ipsum tenetur. Consectetur commodi voluptas est id voluptatem consequuntur quo. Voluptatem non temporibus quasi nemo nobis ea facilis consectetur. Aperiam laudantium eius id hic sapiente temporibus.',1,1,'2015-06-01 02:39:11'),(580,166,33,'Blanditiis perferendis sed quia. Vel laudantium illo fugit voluptas quo ut ut voluptatibus. Est in quas ut totam quae.',1,1,'2014-02-24 19:16:33'),(581,67,38,'Omnis cupiditate perspiciatis repellendus debitis. Corporis ut odio non dolorem laboriosam. Qui dolores odio pariatur doloribus enim. Earum doloribus nihil sunt hic exercitationem molestiae placeat.',0,1,'2019-10-03 22:32:12'),(582,185,11,'Enim est minus nostrum. Consequatur voluptate perferendis ut. Minima omnis excepturi voluptas porro deleniti aut voluptatem omnis.',0,0,'2017-03-10 02:23:09'),(583,99,64,'Rem illum aut aperiam sequi eius repellendus tenetur. Magnam alias ut ex praesentium. Nulla modi provident eveniet ex est quia. Perferendis voluptatem voluptatem vel et non.',0,0,'2018-05-30 03:34:31'),(584,21,113,'Odit est inventore commodi est dolor a optio tempora. Aliquam eum qui repellendus architecto qui.',1,0,'2010-09-20 16:42:24'),(585,102,169,'Voluptas quae in voluptatem nulla fugit cum facilis. Reiciendis autem suscipit incidunt excepturi tempora quasi deleniti consequatur. Et omnis eum exercitationem et mollitia numquam rem voluptas.',0,1,'2018-08-15 20:21:11'),(586,139,190,'Quaerat laudantium veritatis porro facere. Adipisci voluptas natus fugiat totam est. Necessitatibus consequuntur nemo deleniti aut quaerat nemo. Aut unde consequuntur consequatur alias aut suscipit.',1,1,'2015-08-25 14:00:58'),(587,130,79,'Aliquam et unde dolore sunt. Et magni molestiae amet. Enim tempora ut consequatur fuga ut.',0,1,'2014-10-27 11:19:44'),(588,6,192,'In odit praesentium ex. Minus est voluptatum quo eos sed in quo fugiat. Repudiandae eveniet ratione illo cum. Et aliquid fugit sit ut.',0,1,'2019-07-16 00:08:45'),(589,141,127,'Praesentium nihil laborum voluptatum ea delectus expedita inventore. Id sapiente molestias accusantium nisi itaque. Voluptatem ipsum et fugiat nostrum.',1,0,'2019-07-28 20:43:03'),(590,12,77,'Eveniet fuga aut nesciunt nihil similique blanditiis ab. Sit sit beatae laboriosam eveniet sequi labore delectus. Ut sunt dolores ipsum nihil. Distinctio quibusdam accusantium animi soluta illo aut. Pariatur voluptatum hic et aut ut.',0,0,'2014-03-05 14:41:20'),(591,151,125,'Fuga consequatur voluptatibus maxime itaque cum eligendi adipisci. Nobis architecto sequi ut provident praesentium. Reprehenderit ut facere totam quia aut est beatae. Laudantium laboriosam architecto et.',1,0,'2017-06-05 12:19:03'),(592,169,71,'Qui in consequatur corrupti illo voluptatem libero voluptates. Molestiae voluptas et voluptas minima est eaque fuga unde. Temporibus et corporis facere ea laudantium sint omnis quaerat.',0,1,'2015-08-13 00:13:25'),(593,49,30,'Id perspiciatis commodi voluptates libero porro eos. Quia quis quia inventore quisquam quibusdam. Quod qui ipsa unde delectus aut. Sint qui velit asperiores doloribus rerum qui accusantium in.',0,1,'2011-06-18 02:02:23'),(594,1,116,'Temporibus unde consequatur eos aut. Iste quidem qui atque dicta enim blanditiis. Sunt dolorem ullam sint nostrum nisi aut.',1,1,'2019-12-02 07:15:00'),(595,176,131,'Nisi est et consequatur provident. Quam sequi recusandae nostrum consequatur blanditiis.',0,1,'2017-04-03 01:53:14'),(596,126,36,'Consequatur aperiam ex delectus. Cumque quam in quis.',1,1,'2015-01-21 04:44:42'),(597,4,109,'Ut cumque tenetur voluptates ipsa et et. Nihil error delectus tenetur vel et molestiae. Ea molestias iure ut omnis.',0,1,'2019-04-20 00:47:22'),(598,132,135,'Omnis asperiores illum nemo iusto quidem qui vitae facere. Illum dignissimos sit id dicta in maxime. Repellendus architecto est eius magni nobis. Tenetur facilis velit provident.',0,1,'2016-06-22 20:35:14'),(599,77,179,'Nostrum eveniet eius inventore maxime qui. Nobis voluptas id et molestiae. Eos deserunt alias vel qui. Et consequatur et autem sit suscipit quo architecto qui.',0,0,'2018-03-06 08:01:05'),(600,65,188,'Omnis harum omnis omnis ut nostrum. Aut sed et blanditiis eveniet in nesciunt. Sit omnis at et esse. Corporis ipsam voluptate aut delectus unde qui aliquid et.',0,0,'2017-04-01 03:31:38'),(601,142,146,'Deleniti soluta sit nihil eum veritatis tenetur. Qui illum exercitationem culpa quo. Dolor repellendus provident ea. Voluptatem sit delectus alias est quam laudantium sit.',0,0,'2019-08-05 20:38:54'),(602,102,72,'Id ut culpa est dolorem placeat. Ea blanditiis maxime sed qui. Sed aut dicta aliquid id odit. Illum sint sint molestiae quasi.',0,0,'2017-08-13 17:36:51'),(603,56,63,'Doloremque ab voluptatem vel eveniet cumque quo. Eius rerum id accusantium laborum. Eaque voluptatem illo et et fuga eveniet facere.',1,0,'2016-02-01 06:01:14'),(604,145,137,'Sapiente voluptatum dolores eum rem reiciendis et sit eius. Praesentium cumque doloremque consequatur harum. Ab consectetur provident dolorem qui velit vero.',1,0,'2016-09-20 12:01:46'),(605,48,28,'Quia velit aperiam necessitatibus nihil facilis hic nesciunt. Doloremque atque tempora omnis ullam incidunt voluptatem possimus suscipit. Assumenda omnis animi ut beatae aperiam.',0,0,'2018-07-24 00:55:46'),(606,197,100,'Sint et accusantium eaque perferendis. Totam at et veniam exercitationem esse provident aliquid. Error velit inventore ut autem cupiditate. Est illo sint ipsa excepturi impedit.',0,1,'2018-11-22 17:17:19'),(607,110,50,'Ab necessitatibus et facere et maiores. Aperiam illum ut et enim nesciunt. A reprehenderit ratione aliquid. Quis maiores voluptate quisquam repellendus dolorem architecto pariatur. Velit qui itaque eaque earum.',1,1,'2014-11-05 02:34:25'),(608,118,39,'Dolorum eos vel sed accusamus. Architecto assumenda rem delectus dolorem nobis sunt. Nesciunt libero impedit soluta. Consequatur inventore autem maiores omnis officia.',0,1,'2016-05-02 07:37:21'),(609,42,91,'Dolor nulla accusantium quia harum. Dolorum porro qui officiis. Laborum voluptatem suscipit ad qui.',0,1,'2014-07-24 19:50:03'),(610,130,177,'Deleniti numquam fugit id. Dolor beatae omnis aut et. Temporibus totam quae ut saepe rerum optio.',1,1,'2014-10-26 19:01:07'),(611,92,130,'Assumenda reiciendis rem quidem doloremque ipsam nisi ullam. Magnam commodi voluptas odio enim. Dolorem optio iusto officia eum sequi.',1,1,'2019-12-23 06:23:15'),(612,172,70,'Et ipsa deserunt eius et aut. Eum magni tenetur ipsum alias et sed quis. Voluptates aliquid et nam laborum dicta.',0,0,'2017-12-27 17:55:16'),(613,32,153,'Velit ad qui ratione corporis in alias. Est quod earum sapiente dolorem eligendi et. Consequuntur in magni dolorum velit quis ea molestias aperiam. Sit ducimus fuga voluptas maxime. Minima accusamus illo est enim.',0,0,'2017-02-11 08:21:38'),(614,65,67,'Nihil quisquam quasi at ipsam. Quo labore debitis quisquam non quasi ad. Optio ducimus doloribus deserunt ullam id. Est ad veniam suscipit sunt dolor qui cum.',1,0,'2015-11-29 23:13:26'),(615,140,100,'Magni dicta molestiae deserunt autem. Doloremque facere rem illo eligendi placeat enim fuga.',1,1,'2011-12-21 07:48:53'),(616,79,94,'Et qui eveniet adipisci. Sequi repellendus fuga sequi illo sequi eius. Occaecati cum dolorum labore dolor dolorem aut nam quod.',1,0,'2017-01-10 19:22:31'),(617,33,81,'Asperiores est non enim ut debitis. Sunt veniam recusandae in. Nostrum autem est et autem dolorem exercitationem.',1,0,'2015-01-12 21:52:06'),(618,105,83,'Ut excepturi ullam dolores. Rerum aut sunt facere incidunt inventore consequuntur nam. Ratione ipsam distinctio magnam dolorum ut deleniti. Tempora perspiciatis natus quasi quaerat quo.',1,0,'2015-09-14 19:56:02'),(619,100,50,'Et sed distinctio sit ad similique minima non. Dolores voluptatem sit voluptatibus dicta. Omnis ex et sunt sit cum sint vel soluta. Quam ut dicta quia aut voluptas ut aliquam eos.',1,1,'2017-10-26 21:09:26'),(620,150,1,'Qui incidunt at non eius reiciendis ratione. Culpa temporibus cum aliquid reiciendis. Repellendus qui eos quisquam voluptatem impedit et. Aspernatur voluptatem nemo incidunt quia quidem est molestiae.',0,1,'2018-06-23 11:59:49'),(621,152,156,'Alias id est quae et. Odio illum et ratione laboriosam quisquam rerum. Consequatur minima et accusamus. Dignissimos deserunt vitae qui quia id et sint.',0,0,'2018-04-30 00:27:06'),(622,127,163,'Eos rerum molestiae in est. Eius beatae ab quod. Nobis corporis eos beatae cupiditate. Exercitationem nihil quo vel magni deleniti consequatur ut quidem.',0,1,'2017-05-22 14:30:24'),(623,33,77,'Ut culpa voluptatibus libero eos omnis sed voluptas. Aut neque et nihil maxime accusantium possimus consequatur. Voluptatem deserunt necessitatibus sapiente nostrum ut. Praesentium explicabo tempore totam rerum et ipsa. Eaque libero saepe quis.',0,0,'2015-01-12 21:52:06'),(624,84,188,'Id voluptatem quis necessitatibus deserunt autem sed. Officia nostrum hic alias aspernatur. Ad sint expedita qui incidunt omnis voluptas.',0,1,'2012-07-18 20:09:08'),(625,89,79,'Voluptatem repellat quam totam cum neque aliquam consequatur. Ab velit saepe id dolorem corrupti dicta nostrum. Nemo officiis voluptatum reprehenderit quas quasi et cupiditate libero. Ut nesciunt tempora ad.',1,0,'2015-03-09 14:21:06'),(626,127,198,'Modi magni ut tempora sequi. Doloribus alias odit et quibusdam. Dolor at enim in cum nam sequi. Numquam similique rerum dolores nihil inventore aliquam temporibus.',0,1,'2015-11-29 08:12:07'),(627,7,40,'Libero ea quasi aut nihil dolore voluptatum. Vitae pariatur voluptate omnis voluptatem. Illum et porro reiciendis quam tenetur.',0,0,'2012-07-10 06:47:31'),(628,182,186,'Temporibus odit expedita inventore rerum officia reprehenderit cum. Rem nihil ea harum nostrum voluptatem vero. Illum voluptatem eaque ducimus modi.',1,0,'2020-03-15 00:44:50'),(629,184,161,'Neque inventore quasi dolor fugiat hic. Aut quod odio sed perferendis ex illum beatae culpa. Earum voluptatem magni enim pariatur vel eum earum.',0,1,'2019-03-25 16:15:05'),(630,55,189,'Qui eos repellendus qui quae ratione quis sit rerum. Quo vero voluptates repellendus voluptas. Voluptatem iure provident excepturi quasi ut qui esse. Ea deleniti rerum omnis dolore dolorem sunt.',0,0,'2015-06-03 15:29:02'),(631,179,126,'Est repellat sed odit sapiente iusto aut. Voluptatem aut ea at iusto. Molestias aut unde maiores. Laboriosam nesciunt sed fugiat at qui accusantium.',0,0,'2016-02-05 12:56:49'),(632,96,100,'Sit placeat aliquid et. Iusto quo voluptate et mollitia. Quasi est quam architecto dolor qui libero maxime. Quia ab optio qui accusamus id eligendi. Eum consequatur quisquam quo minus ipsum tenetur.',1,0,'2018-10-29 18:43:24'),(633,11,156,'Nam ut quod et. Sed sint quas nostrum aliquid.',0,1,'2016-02-14 10:45:19'),(634,146,61,'Consequatur quam voluptas non omnis vel itaque veniam. Assumenda et repellat impedit ea. Modi aut dolorem corrupti ut incidunt reiciendis id quibusdam. Mollitia voluptates ut nostrum porro odio.',1,1,'2018-05-25 14:39:32'),(635,65,144,'Recusandae non adipisci cum qui est quam suscipit. Sunt nisi excepturi perspiciatis nulla laboriosam qui dolores illum. Quas quos sed quae vitae similique tempora molestias. Aut omnis at esse doloremque illo mollitia officia sit.',0,0,'2013-05-05 12:48:51'),(636,124,188,'Cupiditate totam enim distinctio est. Laboriosam quam quaerat voluptatibus rem. Quia omnis aut quod ut.',1,0,'2018-11-23 15:05:23'),(637,165,63,'Et repellat error vel id sunt et. Atque sint et quia rerum tempora neque. Velit laudantium et tempore.',0,1,'2019-09-11 12:24:09'),(638,17,97,'Et est error velit. Dolores voluptate porro rem sunt cumque sint. Nostrum nam assumenda eveniet qui aut ipsum.',1,0,'2015-02-05 20:22:39'),(639,34,77,'Nihil iure doloremque harum possimus pariatur praesentium. Quam ut quia ut ea temporibus.',0,0,'2015-08-25 15:40:15'),(640,83,183,'Veniam dolores adipisci voluptates saepe. Iusto vel eligendi sequi quia amet a amet aut. Aliquid et sunt ad. Eum saepe soluta sequi esse cumque cum quae.',1,1,'2020-01-27 21:01:55'),(641,66,181,'Excepturi reiciendis at quo maxime rem. Beatae in tempora dolor ipsam ducimus. Sequi sint id incidunt necessitatibus ab quos. Dolor modi doloremque omnis non voluptatem commodi repellat voluptas.',0,1,'2019-01-01 06:43:56'),(642,105,184,'Odio quia maiores magni molestiae voluptas aut a. Accusantium numquam blanditiis molestiae accusantium architecto sed. Possimus inventore et reiciendis facere autem ipsam qui.',0,1,'2014-07-17 05:41:22'),(643,2,60,'Quos non non nobis perferendis dolorum in. Laudantium laborum fuga omnis praesentium et. Mollitia adipisci voluptas maxime voluptatem eius sit voluptatibus. Est dolore velit laudantium beatae.',1,1,'2019-10-21 22:15:23'),(644,92,81,'Omnis vero quaerat eos officiis corporis unde. In magni assumenda est nesciunt nihil. Voluptatem earum quod autem non fugiat alias facilis et.',0,0,'2019-12-23 06:23:15'),(645,129,2,'Iusto veniam dolorem sit placeat unde officiis. Consequatur repellendus qui enim qui.',0,0,'2017-01-07 23:44:59'),(646,19,92,'Beatae qui labore exercitationem fugit voluptate. Eligendi nihil fugit deserunt porro rem quaerat. Et labore molestiae et repudiandae consequuntur a facilis magnam. Nisi sit ducimus aut delectus nihil eos voluptatem.',0,0,'2014-02-02 12:55:02'),(647,1,127,'Consequatur ut voluptas quia aliquam voluptatem earum ut. Similique perferendis voluptatem quibusdam deserunt quae tenetur maiores. Quo earum ut non qui facere et neque minima. Vero vitae tempore totam recusandae consectetur saepe. Ullam doloremque tempore dolores doloribus et assumenda sit dicta.',1,1,'2019-12-02 07:15:00'),(648,33,182,'Voluptatibus nulla voluptate inventore aut. Cumque autem quas saepe nihil. Nihil quos nobis qui et quibusdam aspernatur id. Aut rem maiores illum totam quo laudantium quia.',0,0,'2015-01-12 21:52:06'),(649,12,111,'Accusamus et ut consequatur id libero aut. Quas est est consectetur ut. Quam nam numquam aperiam est aut ut.',0,0,'2014-03-05 14:41:20'),(650,121,72,'Accusantium nemo amet fuga ut corporis. Quia asperiores est unde consequatur. Commodi ratione ut debitis et omnis doloremque.',0,0,'2017-11-01 03:35:34'),(651,197,165,'Dolorum accusamus assumenda et sint. Aperiam tempora numquam excepturi ipsam. Officia omnis ut ea aut architecto dicta.',0,0,'2018-12-19 08:56:41'),(652,37,89,'Voluptatem ut qui quas temporibus vero eos iusto. Nemo vel facilis qui perspiciatis fuga ut. Blanditiis ad saepe voluptatem voluptatem. Voluptatem adipisci impedit eveniet assumenda.',1,1,'2018-01-26 08:23:18'),(653,134,4,'Quia nihil at laboriosam repudiandae minima nesciunt. Modi amet veniam et adipisci qui animi veniam iste. Laborum accusantium est minus eveniet adipisci voluptatem temporibus. Praesentium vel optio numquam quia exercitationem optio.',1,1,'2019-12-14 07:10:37'),(654,16,65,'Vitae voluptas earum et nemo eaque. Tempore eaque nostrum ut. Rerum ipsum vero tempore doloribus maxime.',0,0,'2019-06-09 23:39:19'),(655,80,3,'Id sunt aut eum consectetur enim ut amet odit. Tempora perspiciatis dicta est deleniti reiciendis harum. Velit consectetur velit ut perspiciatis maxime.',1,1,'2014-07-03 12:06:07'),(656,175,67,'Laudantium reprehenderit omnis aut eos. At atque autem dolor nostrum numquam autem libero. Molestiae et eaque aut et aspernatur optio. Sint quod ratione voluptatibus ut ut earum sit.',0,1,'2018-08-06 09:32:31'),(657,7,33,'At necessitatibus quaerat qui maxime quia perspiciatis et. Dolores quo esse praesentium odit ut non. Debitis voluptatem repellat qui et corporis. Iure sapiente ipsa velit dolorem qui omnis veniam placeat.',0,1,'2016-03-01 22:48:41'),(658,146,29,'Deserunt nam dolor perspiciatis voluptatibus quibusdam dolorum. Aperiam quidem placeat sit sit. Ipsam illo magnam voluptas in quas inventore. Nemo ea soluta sequi sed.',1,0,'2018-05-25 14:39:32'),(659,108,53,'Omnis velit sed omnis est et nemo dolor id. Sequi et dolorem quisquam eaque eaque molestiae molestiae. Non et ut iure quas.',0,0,'2016-12-28 21:57:42'),(660,140,142,'Porro omnis rerum voluptatem qui natus. Natus ex et molestias quia consequatur. Ut magni quia at.',1,0,'2013-09-19 22:57:24'),(661,86,6,'Minus omnis eum nihil laudantium. Placeat commodi nostrum beatae dolorum eveniet odit adipisci. Esse nisi repudiandae adipisci culpa sint dicta ex. Dolor quia consequatur reiciendis aut rerum minus dolor.',1,0,'2016-01-16 23:13:15'),(662,169,27,'Et voluptatem placeat voluptas quas dolorem corrupti quam. Laudantium cum dolorem tempore reprehenderit quo cumque consequatur quia. Commodi culpa consequatur dolorem deserunt. Quod sed ipsa ratione suscipit inventore. Ipsum veniam enim et illo placeat nisi.',0,0,'2015-04-10 01:39:04'),(663,29,61,'Consequatur perferendis et molestiae fugit rerum. Consequuntur deleniti quia nemo consequuntur excepturi voluptatibus omnis eveniet. Voluptatem libero quam error dolor in culpa ut. Quas est iste ut et dolorem.',0,0,'2011-11-24 06:20:13'),(664,18,106,'Enim omnis qui facilis. Recusandae voluptas eaque repellendus.',1,1,'2017-07-24 20:17:14'),(665,74,54,'Laborum ad molestiae beatae voluptatem quos alias. Nam nihil ab maxime culpa. Alias quaerat iure ea quos deleniti exercitationem. Qui quidem officiis unde aut dolor ut ea.',0,1,'2016-08-23 06:44:15'),(666,48,78,'Deserunt perferendis vel non unde. Asperiores vel iste unde. Veritatis est repudiandae accusantium in voluptates cumque quos repudiandae.',0,0,'2018-07-24 00:55:46'),(667,44,187,'Quos ut delectus aperiam illum eos enim dolor aut. Harum dolor soluta cumque nostrum. Nobis nesciunt ut rerum asperiores quo ad.',1,1,'2019-03-09 19:15:58'),(668,3,51,'Aut quos odit sed aut ipsa nobis neque. Maxime maiores modi optio commodi praesentium. Voluptatem veniam enim perspiciatis officia.',1,1,'2013-10-22 04:36:20'),(669,46,78,'Consequatur autem optio rem ut. Qui vel et nisi dolor quae. Est animi et nesciunt maiores. Quia voluptas maiores sapiente necessitatibus.',1,0,'2019-10-24 23:36:20'),(670,49,13,'Non ad ut illo voluptatem culpa. Iure culpa et omnis voluptatem. Voluptas commodi possimus reiciendis sunt porro et.',0,1,'2012-12-20 00:43:09'),(671,118,150,'Voluptates aut ab autem optio dolor quis voluptas nihil. Neque omnis sint corrupti ipsa impedit. Sequi quia animi rerum pariatur qui dolorem dolore. Magnam vel dolores inventore et maxime sit perferendis minima.',1,0,'2017-07-10 15:12:40'),(672,195,124,'Eaque laboriosam sit ab omnis. Omnis magnam maiores reiciendis id temporibus cumque. Ut incidunt qui assumenda.',1,1,'2018-03-20 17:41:51'),(673,36,6,'Modi enim voluptatibus qui cumque praesentium velit. Modi id aut id provident odio. Numquam ea voluptas et quis consequatur molestiae nihil. Quam illo expedita quos debitis eum.',1,1,'2019-05-25 02:54:31'),(674,122,190,'Eaque aperiam rerum minima vero commodi. Ipsam dolorem minima dolores omnis culpa et esse itaque. Quas sint dignissimos cumque eveniet reiciendis iusto sit et.',0,0,'2018-02-08 17:06:33'),(675,186,157,'Recusandae modi a quibusdam expedita qui. Quis aliquam corporis vel inventore quae. Molestiae fuga expedita nisi vitae.',0,0,'2017-02-04 02:16:40'),(676,29,72,'Sed saepe tempore a non magnam exercitationem perspiciatis. Earum sed fugit autem nobis alias quidem. Quis labore qui illum magni inventore distinctio fuga enim. Sunt et quaerat ratione distinctio.',0,0,'2015-01-03 15:32:45'),(677,73,146,'Doloribus autem excepturi illum delectus omnis assumenda iste nulla. Culpa ut ut magni dolor. Voluptatem nobis delectus minima quaerat. Maxime optio et et deserunt incidunt omnis.',1,1,'2019-09-02 22:51:13'),(678,114,130,'Velit nostrum blanditiis et vel deserunt quas et. Sequi et animi adipisci occaecati deserunt. Accusamus reiciendis ullam ab.',1,1,'2017-06-09 21:58:13'),(679,109,154,'Et est molestiae facere. Itaque repudiandae voluptates eos qui. Perspiciatis provident ut occaecati ipsa enim consequatur.',0,1,'2019-09-21 17:06:00'),(680,42,149,'Quaerat ullam ipsam nulla autem eum consequatur vitae. Ut voluptatibus omnis nulla quam repudiandae quo illo ullam. Ut numquam eos itaque ea. Sed animi aliquid quibusdam iure nisi quis ut.',0,0,'2014-07-24 19:50:03'),(681,17,37,'Maxime quibusdam reprehenderit iste quod accusamus. Ipsam ut modi vel reiciendis deserunt sint. Dolores rerum occaecati reprehenderit consectetur iusto id.',1,1,'2016-07-27 05:56:33'),(682,136,167,'Sed corporis fugiat id repellat odit eum et. Ut sunt aut non vero. Occaecati nisi eum quia labore quibusdam quaerat rerum. Sit nulla quo veritatis error id suscipit voluptatum.',0,0,'2019-06-19 23:23:15'),(683,27,34,'Aliquam ut eligendi earum dolorem autem quas voluptatem vitae. Minima voluptatibus beatae ipsum ducimus iste voluptas. Quos rem et omnis eum quisquam ut illo. Enim earum sit asperiores omnis.',1,0,'2019-09-12 00:12:55'),(684,87,135,'Recusandae odit sit qui labore exercitationem modi. Voluptatibus a commodi expedita minus.',1,1,'2015-01-17 02:57:41'),(685,12,56,'Neque est tempora dicta quasi. Et veniam magni sunt voluptatem voluptatibus repellendus. Eligendi dicta doloribus fuga quibusdam non et laborum.',1,0,'2014-03-05 14:41:20'),(686,44,52,'Impedit minus qui molestias laborum. Quia fuga expedita architecto et voluptatem. Porro distinctio ullam possimus blanditiis. Rerum quibusdam iste autem repellendus dolorem eos.',1,1,'2019-03-09 19:15:58'),(687,126,74,'Aut qui dolores et eos. Dolore rerum debitis ducimus eveniet enim esse. Tempore voluptates corporis voluptatibus facere sapiente.',0,1,'2016-08-28 02:38:59'),(688,193,142,'Natus quia deserunt sapiente et pariatur autem labore. Totam nihil molestiae veniam officiis. Qui sint eveniet reiciendis.',0,1,'2017-12-20 02:50:52'),(689,132,32,'Inventore quia dicta enim excepturi nesciunt quis ullam. Qui rerum nulla quas aliquam perferendis exercitationem. Libero architecto magni voluptas dolorem. Qui ipsam dolore dolores cupiditate consequuntur occaecati at nihil.',1,1,'2019-05-25 17:52:16'),(690,164,124,'Ipsam qui inventore repellendus nam pariatur dolorem vitae animi. Quia qui quis atque qui quo nisi amet qui. Architecto quas explicabo rem dicta.',1,0,'2017-05-06 04:06:50'),(691,128,69,'Molestias quis accusamus consequatur eius sit. Eligendi provident mollitia libero voluptas eum. Veniam numquam ullam eveniet.',1,0,'2014-01-26 17:29:34'),(692,158,182,'Labore quae consectetur unde et. Voluptate cumque pariatur doloremque quos aspernatur dolor fuga mollitia. Nesciunt exercitationem sed ducimus est.',1,0,'2019-04-15 17:58:35'),(693,37,36,'Consequatur magni consequatur et et a aut. Optio enim enim aut deserunt deserunt quia.',0,1,'2019-05-23 22:08:10'),(694,71,47,'Velit dolorem est voluptatem tempora. Tenetur fugit ex voluptas hic ratione. Mollitia laboriosam doloremque et. Vero sit aspernatur nihil molestias natus aperiam.',0,1,'2013-07-16 17:12:53'),(695,20,158,'Suscipit quis suscipit commodi et eos. Et sequi consequatur ut tempora ex neque. Inventore veritatis sunt veniam explicabo id omnis. Ex quis est neque cupiditate corporis.',1,1,'2014-12-17 21:52:05'),(696,130,174,'Rerum molestiae et ut. A praesentium alias ut facere sint. Quo perferendis placeat et sed. Corporis optio quia est odio est sed rem.',1,0,'2016-09-30 11:33:57'),(697,79,76,'Iusto qui mollitia nisi ut ut. Alias et et perspiciatis deserunt. Possimus earum dolores minima facilis. Dolore consequatur consequuntur iusto dolor.',1,0,'2012-11-02 18:24:02'),(698,140,71,'Est repudiandae harum ut ut non non. Nesciunt nesciunt commodi voluptate cum sed. Et ipsum est natus non sunt ut aut. Cupiditate quo animi ad et earum. Iusto et voluptas ea sunt sunt.',1,0,'2016-09-09 15:10:34'),(699,134,57,'Id eaque pariatur unde cum neque saepe dolorem. Explicabo nihil similique vel quia tempore voluptatem accusamus iusto. Aspernatur nesciunt totam ut illum dolorum.',0,0,'2017-07-10 22:49:22'),(700,83,45,'Corporis inventore aut aut ut sit non et. Omnis et autem officiis et quaerat possimus.',0,1,'2020-01-27 21:01:55'),(701,175,141,'Culpa et voluptate in cumque fugit vero esse molestiae. Repellendus ducimus nemo ea libero.',0,1,'2018-09-30 02:21:35'),(702,176,59,'Officia eveniet ab delectus rem culpa rem. Corporis et illo hic. Et sunt veritatis ducimus illum qui et accusantium. Aut nihil molestiae rem esse est quis.',0,1,'2016-10-28 06:52:47'),(703,167,58,'Occaecati omnis molestiae labore harum dolore doloremque modi. Eveniet magnam a nisi vel consequatur ad praesentium quia. Quibusdam modi dicta reprehenderit officiis consectetur blanditiis dolor.',0,1,'2017-11-13 17:02:18'),(704,190,173,'Et error sed quis non ut. Non adipisci dolores adipisci et. Dolorem illo molestiae est pariatur. Quo rerum eum est veritatis quibusdam nam possimus.',0,1,'2017-11-16 02:01:17'),(705,93,148,'Qui in quia autem aut rerum aut. Et et cumque vero. Rem enim sit eius sed ex. Incidunt illo autem non deleniti labore. Quo beatae aut eligendi et deleniti cum.',0,1,'2019-08-04 10:45:16'),(706,60,54,'Eaque ea assumenda quo odit ab sit ipsa. Vel cumque in dignissimos quo quos facilis omnis. Aliquam nesciunt ab et repudiandae placeat eum ad. Non tempore ut quia unde blanditiis natus.',1,0,'2018-01-13 02:10:12'),(707,92,97,'Voluptatem veniam quae sit dolorum adipisci. Qui ut dignissimos unde deserunt velit. Ex laboriosam eaque ea vitae. Sapiente excepturi quis voluptate.',1,1,'2019-12-23 06:23:15'),(708,6,141,'Enim et rem nostrum voluptatum et dolorem molestias. Nostrum aperiam libero error tenetur qui. Eos maxime rerum est dolorum veritatis suscipit occaecati. Qui mollitia temporibus qui harum quam sed.',0,1,'2017-11-24 10:14:15'),(709,86,8,'Non rerum atque consequatur quae non illo eum nisi. Aperiam consequatur aliquid molestias optio. Voluptatem ut est blanditiis qui dolorum. Sunt labore pariatur sint ut quisquam quidem sed ipsa.',0,0,'2016-01-16 23:13:15'),(710,181,82,'Et quidem necessitatibus rerum quisquam placeat possimus delectus. Veniam nulla aut ut omnis quia. Velit molestias et modi harum sunt ducimus totam. Nisi error quidem consequatur blanditiis aut voluptatem architecto.',1,0,'2019-12-18 03:55:17'),(711,65,78,'Quod sint sit recusandae asperiores. Excepturi impedit minima nisi et dicta amet. Dicta rem ex tenetur quis eligendi.',1,1,'2013-08-20 20:42:44'),(712,195,139,'Voluptatem aut praesentium est aut doloribus sit. Quia nisi maiores laudantium voluptas alias. Aut veritatis ratione dolorem cum. Corporis vero labore praesentium amet.',0,1,'2018-03-24 13:02:14'),(713,111,136,'Reiciendis nostrum nobis saepe excepturi odit. Et quasi rerum omnis consequatur aut voluptate. Odit est enim ut eligendi explicabo nihil. Quibusdam repellendus ducimus ex debitis amet molestiae.',1,1,'2019-01-05 13:27:28'),(714,146,124,'Occaecati omnis reiciendis voluptatem aspernatur. Quod reprehenderit occaecati nemo non quidem. Alias ea natus nihil inventore qui sunt aut.',1,0,'2018-05-25 14:39:32'),(715,182,136,'Sit recusandae aut eos autem. Ullam dolores excepturi eius et enim dolores autem. Id cupiditate id modi enim cupiditate praesentium.',0,0,'2020-03-15 00:44:50'),(716,135,67,'Earum asperiores amet nihil et voluptatum quas in totam. Vero expedita molestias expedita atque. Laborum sunt ad sunt eum eligendi et.',1,1,'2011-04-21 16:42:06'),(717,131,50,'Sunt in tempora molestiae cum magni. Sit et vero magni culpa repellat. Totam error dolorem voluptas et. Natus et et sint enim commodi temporibus.',1,1,'2018-02-09 11:21:18'),(718,60,146,'Assumenda aut sit tempora asperiores aliquid. Ut vel magnam ipsa et velit.',1,0,'2018-01-13 02:10:12'),(719,152,122,'Voluptatem quidem maxime ut perspiciatis porro sint ducimus. In et repellat corrupti labore id laborum. Officia eveniet nihil et qui ullam adipisci qui nisi. Voluptatibus nesciunt aut tempore quo quos dicta.',0,0,'2013-03-29 06:53:20'),(720,154,1,'Officiis error animi molestiae ut aut. Tenetur rem veritatis repudiandae ad sunt dolore aliquam. Aperiam et occaecati rerum sed. Consequuntur quia eveniet quo et assumenda similique.',0,1,'2017-05-04 04:33:04'),(721,144,116,'Ut qui molestiae delectus ad in voluptas praesentium. Perferendis non dicta temporibus corrupti quos. Quae laboriosam eligendi soluta voluptatum eum odit exercitationem. Quod sequi veritatis quod.',1,0,'2019-08-15 15:23:15'),(722,150,198,'Hic consequatur magnam dolore ut officiis. Quam consequatur dolorem molestiae voluptatem vitae. Error tempore vero ut.',0,1,'2018-06-23 11:59:49'),(723,141,112,'Quis et libero unde atque quia dolorem. Quae hic ut tempore quasi exercitationem dolorem. Quam at aut esse impedit quia. In alias et quibusdam voluptatem nulla veritatis ipsam.',1,1,'2019-07-28 20:43:03'),(724,137,149,'Nostrum voluptatum ad ex accusantium optio voluptatum totam. Facilis consectetur ratione earum quibusdam aut. Repellendus accusantium odit omnis vel ea omnis et cupiditate. Quos qui porro optio in possimus.',1,0,'2018-05-22 07:40:00'),(725,132,11,'Corrupti sed et consequatur voluptate voluptatem sunt. Aut et repudiandae suscipit aspernatur et a. Rem quae autem enim reiciendis omnis voluptatibus similique aut. Excepturi ut quibusdam vitae.',0,0,'2015-05-31 03:31:35'),(726,58,59,'Consequuntur aliquam at expedita vero. Eaque consequatur ut veniam soluta id. Quia quaerat vel ut ut. Officia est odio officia.',0,0,'2016-07-04 15:28:06'),(727,122,29,'Sapiente tenetur non animi enim laborum magnam sint. Delectus in maiores unde libero fugiat ea placeat. Nisi occaecati non voluptas ullam molestias voluptatibus. Et et sint est eveniet qui.',1,1,'2018-02-08 17:06:33'),(728,181,15,'Voluptatem et voluptates esse beatae sunt. Natus culpa minima quia quis voluptate impedit nisi. Et et nesciunt nisi eius itaque ut.',0,1,'2018-03-11 22:24:41'),(729,132,15,'Harum quo dolores necessitatibus ipsam quasi quidem. Et sit sit cupiditate sit doloribus iste dolor velit. Optio velit fugit consequatur dolorem placeat. Aliquam veritatis fugiat dolorem voluptatibus expedita quas.',1,0,'2016-07-14 03:07:27'),(730,78,143,'Sint ut et fugit sed eum id et. Voluptas delectus quos earum et. Voluptates et atque amet repellat pariatur omnis.',1,1,'2015-09-05 09:11:51'),(731,83,186,'Vel omnis deleniti ut doloribus mollitia. Debitis vitae et consectetur eius consequuntur sunt.',0,0,'2020-01-27 21:01:55'),(732,81,45,'Ullam nobis voluptatem aut officiis earum commodi asperiores. Amet repudiandae illum molestiae eum est. Sed dolorum laudantium eaque. Culpa quasi nulla vel voluptatum.',1,1,'2015-05-23 23:30:39'),(733,181,168,'Quis odit praesentium sit voluptate quas qui officia. Laborum ipsa quia delectus qui et quod voluptate quasi. Laborum sit nam exercitationem qui cumque in dolores. Ipsa eius omnis sed aut nostrum enim incidunt autem.',1,0,'2018-03-11 22:24:41'),(734,99,192,'Hic ea facere dolores distinctio consequatur corrupti aut. Voluptatibus voluptatem ut voluptates. Magnam et quidem veritatis consequatur possimus.',1,1,'2018-04-23 12:17:52'),(735,59,119,'Perferendis eius sed asperiores aut. Corporis possimus fugit rerum provident praesentium aut est. Commodi rerum itaque voluptas. Officiis atque vitae accusamus alias omnis.',0,0,'2019-10-09 01:49:46'),(736,19,137,'Explicabo architecto numquam odio. Tempora enim corporis nemo blanditiis minus. Optio debitis totam esse eos tempore aut. Quis aut iste quis tempore eum eos enim.',0,0,'2018-08-16 11:13:55'),(737,29,132,'Error non perspiciatis labore recusandae est et culpa. Consectetur distinctio eaque omnis atque consectetur temporibus cum. Aut tempora quas in cupiditate doloribus et.',0,0,'2020-03-13 23:29:13'),(738,174,72,'Harum sunt et voluptate consequatur perspiciatis. Fuga dolor unde quisquam beatae ea qui earum consectetur. Est amet saepe quasi sunt assumenda. Est et consequatur aut praesentium incidunt cupiditate. Est dolor enim voluptas maxime qui eos saepe.',1,0,'2017-07-28 22:39:58'),(739,38,172,'Dicta veniam placeat dicta laborum cupiditate assumenda esse. Quaerat aut reprehenderit distinctio et veritatis porro voluptas. Quidem et nostrum quam odit consequatur. Rerum et dignissimos eos voluptas.',0,1,'2017-03-10 18:21:53'),(740,147,16,'Sequi rem ea aspernatur nostrum qui veniam velit rem. Et sunt quo quia earum tempora. Consectetur blanditiis et eligendi ut hic deserunt qui. Sequi et quia adipisci libero.',0,1,'2012-11-24 22:46:30'),(741,42,159,'Impedit voluptatibus aut vel. Rerum voluptatem qui dolorem et. Sint nulla et voluptatem facilis aut voluptatem aut. Officiis non iste fugiat et ex dolor.',1,1,'2014-07-24 19:50:03'),(742,68,62,'Blanditiis officiis recusandae omnis aut. Ipsa impedit quasi atque est in vel. Voluptatem voluptas et dolores dicta in rerum. Aut voluptas suscipit cumque error et vero sint.',1,1,'2018-02-17 11:43:19'),(743,108,151,'Ad illum amet fugit officiis. Aliquid necessitatibus quod recusandae quia ut soluta. Et eaque aliquam nam. Illum occaecati cumque quo aut voluptas eligendi laboriosam.',0,1,'2016-12-28 21:57:42'),(744,33,112,'Velit eum earum ex deserunt aut. Facilis accusamus labore id molestias qui aut. Harum velit nesciunt delectus et aut.',0,0,'2016-10-26 04:21:35'),(745,59,161,'Ut magni asperiores repellat assumenda. Velit in vero eius sint aut aut perspiciatis eos. Voluptatem distinctio non maxime maxime.',1,1,'2019-10-15 00:54:50'),(746,24,38,'Rem ut et eius incidunt minima sint esse. Iste reprehenderit vero aut veritatis. Repellendus illum architecto dignissimos praesentium fugit. Voluptatem incidunt temporibus voluptatem est aliquam illo quam.',1,0,'2017-12-14 18:30:19'),(747,116,65,'Sit itaque ut tempora enim commodi. Et libero molestiae fugiat qui tempore odio id omnis. Et sapiente voluptatem modi perferendis voluptas nemo. Et voluptates vero rerum nulla sint quis quos.',0,0,'2016-12-05 15:20:11'),(748,175,83,'Consequatur sed harum sit qui enim nulla. Quidem numquam soluta nesciunt vel voluptatem qui. Nulla deleniti deleniti voluptas.',1,1,'2015-06-12 13:38:43'),(749,90,198,'Fuga earum odit nisi ut et. Itaque quam nobis rerum incidunt totam occaecati.',1,0,'2019-10-23 07:46:27'),(750,122,16,'Rerum necessitatibus ut sunt velit. Est omnis a sed nostrum autem. Dolores eius labore voluptatem non quasi. Ut quo impedit enim natus.',1,1,'2018-02-08 17:06:33'),(751,114,122,'Nobis sequi aut qui voluptatum rerum nesciunt incidunt. Non molestiae dolore dolor et culpa est. Eum maxime rerum enim dignissimos. Ducimus vel ea aut voluptas.',0,1,'2017-06-09 21:58:13'),(752,67,169,'Et iste ipsa rem nihil nulla. Neque reprehenderit sed sit qui sit non. Ad voluptatem cupiditate quia minima. Dolore harum distinctio consectetur.',0,0,'2019-10-03 22:32:12'),(753,44,111,'Earum explicabo alias qui id nihil. Minima quidem provident quos voluptatem dolores et iure. Odio exercitationem dolorum est harum. Quas quod ad aut. Ut minima occaecati est aut.',1,0,'2019-03-09 19:15:58'),(754,23,183,'Ut maxime numquam eos ut est quam. Eveniet nobis voluptas quibusdam sequi. Corrupti fuga dolorum nobis rerum sint sint beatae. Consequatur est voluptates et aliquam omnis.',1,0,'2013-04-11 20:05:00'),(755,45,75,'Ipsa magnam aliquid et optio possimus. Quis voluptatum atque aut. Provident repellat aspernatur explicabo quo iure. Minima quos tempore est sit voluptatem earum.',1,0,'2015-10-09 17:27:11'),(756,39,170,'Qui omnis odio unde occaecati blanditiis optio possimus. Consequuntur consequuntur velit quisquam suscipit. Tempora nam voluptates vitae ullam minus.',0,1,'2012-11-06 13:53:04'),(757,132,148,'Omnis sit aut id impedit hic quasi. Quis molestiae velit suscipit ipsa et distinctio esse.',1,1,'2015-12-15 13:49:00'),(758,144,75,'In vel odio iusto sit rerum eum. Aut asperiores libero atque iure tempora in. Est eligendi mollitia recusandae dicta doloribus ut.',0,1,'2015-11-03 12:49:03'),(759,143,89,'Placeat asperiores quam hic magnam fugiat quibusdam minima. Qui consequatur ut aut. Illo autem vel nesciunt ipsum magnam fugit aut. Nam repellat et id similique sit voluptatem.',1,0,'2017-12-08 20:39:14'),(760,16,14,'Blanditiis corrupti nam corporis animi doloremque iste. Totam neque rem sunt optio est. Et consequatur dolores amet molestiae reprehenderit cupiditate fuga. Eos saepe et harum ipsa aspernatur natus tempore quos.',1,0,'2015-06-04 02:46:58'),(761,20,57,'Autem ratione accusamus nisi nisi. Quidem quasi voluptas unde aut libero qui dolorum architecto. Voluptatem in expedita dolorem. In tempore ut qui iste harum.',0,0,'2013-05-28 10:52:05'),(762,25,154,'Et esse accusantium unde esse iusto eum consequatur. Rerum nam nulla fugiat maiores et. Neque quibusdam consequatur hic et officia. Quidem sed rerum rerum blanditiis repellendus.',0,1,'2016-09-09 15:54:41'),(763,94,8,'Debitis qui suscipit perferendis non accusamus ut. Vero voluptatibus debitis voluptas ipsum dolorem libero fugiat. Ad tempore iste ut et ut aspernatur.',0,0,'2020-01-14 23:50:56'),(764,158,165,'Et harum consequuntur ut officia accusamus ea. Ad quae voluptas quis recusandae est consequatur similique quia.',0,0,'2019-04-15 17:58:35'),(765,151,57,'Quam quo explicabo aut optio explicabo. Voluptatem alias deleniti accusantium. Rem voluptate ut et voluptatem reprehenderit earum.',1,1,'2011-08-28 17:35:00'),(766,34,199,'Iure voluptas sed et cum tempora natus id. Ipsum consequatur in quidem neque non ipsum. Mollitia maiores quo ipsum. Ut nemo laudantium explicabo omnis atque quasi.',1,0,'2015-08-25 15:40:15'),(767,92,60,'Molestias repellat praesentium fugit ratione. Molestiae asperiores ut temporibus quo explicabo ad. Aut quasi aut adipisci iste.',0,0,'2019-12-23 06:23:15'),(768,26,147,'Autem sunt consectetur magni magnam facere ad. Et dolore quisquam neque autem magnam necessitatibus. Illum iste molestiae placeat placeat.',0,0,'2017-05-10 12:24:06'),(769,58,49,'Voluptates corporis repudiandae sint labore delectus distinctio culpa. Odit nihil facilis enim. Ratione consequatur illo praesentium soluta aliquid.',0,0,'2019-03-31 03:40:15'),(770,71,5,'Eum laborum nobis odit porro quo enim. Rerum nulla aut aut dolores atque est et.',0,0,'2016-06-08 16:08:08'),(771,12,45,'Qui molestiae cumque voluptatem est est. Temporibus eos omnis sed omnis mollitia.',0,0,'2014-03-05 14:41:20'),(772,188,4,'Temporibus in temporibus dolorum. Est suscipit maiores officia quia atque. Quo odit voluptatem numquam dolor minima quisquam.',1,0,'2012-01-03 00:03:44'),(773,54,60,'Labore amet esse tempore accusantium aut unde rerum. Et expedita consectetur est saepe.',1,0,'2019-10-25 04:20:35'),(774,135,98,'Et dolor saepe eum et fugiat quaerat quis. Occaecati temporibus voluptas omnis ea. Beatae illum rerum et alias in et molestiae qui. Est sapiente est quidem dicta.',1,1,'2011-04-21 16:42:06'),(775,81,112,'Unde illo dolorum delectus. Magnam libero incidunt saepe recusandae id. Commodi ea at ipsam necessitatibus atque quaerat provident dolore.',1,0,'2015-11-17 01:00:27'),(776,115,41,'Illum in explicabo eos qui eos sit sed mollitia. Rem tempora ipsum laborum provident est accusamus et dolorem. Pariatur ducimus rerum deleniti in dicta eaque fuga. Asperiores aut illo voluptas tenetur non autem quidem.',0,1,'2019-05-01 07:16:49'),(777,59,173,'Rerum cupiditate quos beatae ea aut voluptatibus. Quia cum tempore magnam. Sapiente rerum voluptatem consectetur qui.',1,0,'2019-10-09 01:49:46'),(778,86,109,'Quae magnam sit quis aut. A vitae nihil ab nulla. Autem et tenetur ipsum maiores et voluptatem aut maiores.',0,1,'2016-01-16 23:13:15'),(779,86,104,'Sunt excepturi cupiditate voluptate nihil quos ducimus in. Dolorem commodi occaecati earum at id. Doloribus aspernatur facere ea maiores dicta eos.',1,1,'2016-01-16 23:13:15'),(780,62,196,'Quas itaque amet quibusdam quo voluptates eos facere ut. Voluptas qui expedita optio quis aut voluptas. Magnam et rem quae velit.',1,1,'2017-08-31 18:35:33'),(781,194,182,'Rem voluptate harum odio accusantium eos expedita at qui. Rerum occaecati consectetur aut aut vero error animi. Repudiandae quia labore qui.',1,0,'2019-05-12 16:45:34'),(782,128,94,'Rerum cum dignissimos dolor ipsam error. Ipsum ut qui dolorem doloribus. Minus excepturi repellendus voluptatem explicabo exercitationem nulla commodi.',1,0,'2014-01-26 17:29:34'),(783,84,138,'At dolorem ullam quo delectus aperiam reprehenderit consequatur. Et non explicabo perferendis repudiandae fugit dolorum. Et aut porro quo dolores.',1,0,'2016-01-10 12:14:39'),(784,39,181,'Minus quas enim impedit asperiores deleniti optio accusantium dignissimos. Voluptate ut atque nam rerum autem et quasi. Temporibus quo eos ut illo consequatur quaerat. Aperiam beatae qui molestias similique ea et.',0,0,'2015-10-10 11:24:15'),(785,184,180,'Distinctio eligendi id quo facilis quia nulla aut quo. Aspernatur accusamus vel porro aliquid. Sed ratione a ullam sunt.',1,1,'2015-12-23 18:35:09'),(786,146,189,'Asperiores quae qui sapiente omnis quia dignissimos. Perspiciatis provident aut voluptatem tenetur minus. Voluptatem iusto architecto molestiae laboriosam sequi. Et molestiae error sit sit.',0,0,'2018-05-25 14:39:32'),(787,109,174,'Dolores non velit dolores est vero asperiores. Nostrum mollitia culpa ipsum. Explicabo aut repellendus et dolor. Quas maxime sit atque et accusamus.',1,0,'2019-09-21 17:06:00'),(788,145,2,'Officia quia dignissimos non veritatis. Sapiente et beatae quidem tenetur placeat et. Odio aut harum aliquid molestiae repellendus. Non et doloremque nam explicabo ratione sed impedit porro.',1,0,'2012-04-26 12:49:52'),(789,176,72,'Autem consequuntur iure ipsum labore eaque. Beatae est voluptas inventore tempore vero. Tempore voluptas necessitatibus id quia soluta at eos. Et modi dolorem et.',0,0,'2016-10-28 06:52:47'),(790,30,133,'Sint ducimus cum saepe exercitationem maxime sint ut. Corrupti accusantium at officiis sint molestiae voluptate. Voluptas ut omnis in. Possimus et quidem culpa sunt.',1,1,'2018-03-14 07:13:41'),(791,176,81,'Perferendis quibusdam sunt autem. Assumenda dignissimos iure consequatur voluptates laboriosam explicabo. Ut molestiae quas ducimus.',0,1,'2016-11-11 15:13:28'),(792,76,136,'Mollitia ducimus officia modi reprehenderit et. Ut ipsa qui ipsam labore occaecati iusto. Reiciendis deserunt et itaque. A vitae nisi ut.',0,1,'2018-07-14 16:48:17'),(793,52,53,'Hic unde ut quis voluptatem illum animi. Praesentium aperiam dolor illo ad autem accusamus. Recusandae inventore facilis autem. Est dolore asperiores necessitatibus suscipit.',0,1,'2015-10-12 04:21:55'),(794,107,176,'Et accusamus est nam non id at. Aut aut velit iste laboriosam adipisci qui sed numquam. Voluptas ut consequatur incidunt labore odio eius.',0,0,'2019-04-27 15:24:36'),(795,159,67,'Tenetur laudantium laboriosam qui vitae est cum ut. Et inventore harum dolore. Et distinctio occaecati exercitationem aut cumque vero. Mollitia quibusdam voluptas cumque commodi sunt dolores repudiandae.',0,0,'2011-02-13 22:57:37'),(796,56,79,'Vitae saepe est recusandae exercitationem. Vel rerum aut neque nisi. Modi voluptatum aut voluptatibus aliquam accusamus voluptatum tempore ex. Necessitatibus harum possimus ipsa dignissimos autem similique.',0,0,'2015-11-16 06:49:21'),(797,28,101,'Provident quo et non quos eum. Corrupti sapiente reprehenderit assumenda unde. Excepturi dolores fugiat sit vel esse.',0,0,'2016-11-08 08:26:06'),(798,21,200,'Occaecati tempora ullam et dolores facere. Consequatur error consectetur ut itaque a commodi esse. Porro sit aliquid sed maiores corporis sit laudantium.',1,0,'2015-04-01 06:49:31'),(799,136,81,'Quae blanditiis voluptatem dolore vel natus. Aliquid natus sed beatae et. Voluptas tempore laborum ratione id reiciendis quibusdam.',1,0,'2015-08-21 07:31:43'),(800,197,142,'Reiciendis molestiae quis eum debitis soluta molestiae qui. Quod voluptatem accusamus quia et. Illo eius quisquam mollitia voluptatem ipsam dignissimos. Quo harum vel et aspernatur deleniti mollitia quos aut.',1,1,'2018-11-22 17:17:19'),(801,119,167,'Et qui ea incidunt id quod ex voluptatem. Voluptatem consequatur iusto ut voluptatem. Excepturi rerum et et ipsa minus ex harum. Id ratione omnis amet et. Odit praesentium deserunt nobis aut et aut.',0,0,'2015-04-11 08:32:31'),(802,78,87,'Nam excepturi provident optio eum quis. Cum eum quos et. Error debitis accusantium praesentium accusamus eligendi quidem.',0,0,'2014-07-11 14:54:40'),(803,3,152,'Vel officiis voluptate sint nobis. Nihil omnis possimus ut deserunt beatae qui alias. Deleniti velit aliquam est dolores. Earum id aut non error consequatur est est.',0,0,'2017-09-08 12:18:58'),(804,149,91,'Esse quod neque assumenda voluptates assumenda id qui. Officiis rerum sint voluptas id illo asperiores officiis. Dicta sit est velit dolor assumenda. Odio aut rem est nihil tempore.',0,1,'2017-03-10 04:13:37'),(805,5,153,'Voluptas et totam error autem et. Tempora quas excepturi deleniti aut eos nobis quaerat pariatur. Est tempore ut repellat saepe. Provident aut velit reprehenderit provident temporibus provident voluptatum.',0,0,'2019-10-04 01:10:45'),(806,149,87,'Possimus iusto consequuntur ut ut necessitatibus. Sit ab doloremque consectetur natus eum voluptate sed aut. Molestias aut aspernatur dolor itaque.',1,0,'2017-03-10 04:13:37'),(807,188,77,'Accusantium aut expedita ea omnis. Et aut consequatur id quas nostrum tempore laboriosam. Perferendis nesciunt molestiae nisi animi soluta magni eaque molestiae. Aut ex quae ad molestias accusantium.',0,0,'2014-09-07 19:30:33'),(808,19,65,'Corporis quia ad laudantium vel quasi facilis. Id quod perferendis quo. Excepturi at aliquam et et harum aliquam. Necessitatibus non quis qui voluptatem et voluptas.',0,1,'2014-02-02 12:55:02'),(809,69,150,'Laborum eaque doloribus ipsam. Et perferendis amet non quidem voluptas similique consequatur. Est rem iure eaque repellat blanditiis nisi.',0,0,'2016-09-30 09:53:08'),(810,142,57,'Sit consequatur laboriosam iusto molestiae. Ex et autem reiciendis. Et earum beatae voluptatem et minima quam. Expedita sed reprehenderit ut.',0,0,'2019-08-05 20:38:54'),(811,61,133,'Voluptates eos et aliquam possimus nostrum quia. Delectus ullam quis accusamus fuga adipisci ipsam. Ut ratione perspiciatis accusantium placeat eos qui provident. Voluptatem perferendis delectus reiciendis.',0,1,'2015-10-21 03:51:55'),(812,81,6,'Blanditiis quod nihil nemo nam aperiam nihil cum. Ab dignissimos nobis beatae sit blanditiis velit illo. Consequatur autem nobis voluptate nesciunt enim eaque beatae. Neque est quis quas quaerat iste. Quae asperiores esse iusto.',0,0,'2015-05-23 23:30:39'),(813,186,111,'Doloremque optio corrupti nam aut eos reiciendis magni et. Eligendi laboriosam autem quaerat sint nam illum qui voluptatibus. Optio voluptate asperiores esse architecto asperiores quia.',1,1,'2011-11-22 07:53:52'),(814,197,52,'Cum dignissimos nihil dolor quisquam magnam eaque. Omnis aspernatur recusandae sit repudiandae voluptas et dolorem. Dolor autem veritatis impedit rerum. Aut repudiandae commodi rerum et.',1,0,'2018-11-22 17:17:19'),(815,69,190,'Aperiam et vero doloribus laboriosam. Error odio facilis necessitatibus autem veritatis vitae. Vel saepe sunt vitae nisi consequatur.',1,0,'2013-01-20 05:00:12'),(816,140,132,'Nam ab neque et quia dolores blanditiis nostrum. Ut atque praesentium reiciendis autem qui voluptas eveniet. Et alias nihil quibusdam perferendis omnis. Et saepe sunt corporis reprehenderit.',1,1,'2019-06-05 05:44:25'),(817,40,200,'Culpa quod perspiciatis commodi nisi accusamus dolores iusto. Asperiores quo praesentium ut earum molestias fugit.',0,0,'2016-05-11 15:33:28'),(818,83,12,'Assumenda et occaecati nam quis recusandae. Asperiores architecto enim soluta inventore aliquid. Magnam excepturi similique et sit voluptas et.',0,1,'2020-01-27 21:01:55'),(819,11,18,'Ipsum et molestias qui eos et id possimus dolorem. Ipsam tempora unde reiciendis et.',0,1,'2015-04-19 11:00:26'),(820,57,29,'Facere voluptas explicabo dolore. Perferendis ea voluptate quas est modi non deserunt.',0,1,'2017-10-23 16:08:40'),(821,173,179,'Culpa aut deserunt est est officia et officiis. Tenetur quis in est voluptates eum. Asperiores ducimus quis atque temporibus error animi reiciendis.',1,1,'2018-07-16 03:46:46'),(822,176,141,'Illum ut omnis nostrum illum. Repudiandae nostrum saepe voluptas quam esse. Explicabo et praesentium aut fugiat est consectetur odit. Ullam perferendis possimus illo.',1,1,'2016-10-28 06:52:47'),(823,175,54,'Quaerat non est quam animi. Rem itaque harum officiis alias sit omnis aut. Molestiae neque qui eum non et.',1,1,'2017-07-02 18:16:12'),(824,142,150,'Facere et a nesciunt pariatur molestiae. Error ipsum nesciunt dolorum ipsa. Quisquam laborum consequuntur delectus ut dolor vero.',1,1,'2019-08-05 20:38:54'),(825,122,160,'Fugiat ea dolorem nihil omnis. Consequuntur in eum et culpa blanditiis labore minus. Quasi voluptate assumenda est maiores adipisci earum.',1,1,'2018-02-08 17:06:33'),(826,32,79,'Sunt esse fugiat distinctio est illo eos veniam nemo. Dolorum sit quaerat laudantium dolor est iure. Ea magnam necessitatibus natus dolores dolor.',0,1,'2015-07-29 00:03:21'),(827,99,59,'Cupiditate quia quibusdam dolor ratione. Magni numquam culpa nemo a. Repudiandae nulla commodi labore.',1,1,'2018-04-23 12:17:52'),(828,199,15,'Aut maiores aperiam eligendi rerum molestiae nam. Reiciendis soluta ut magni velit. Qui error non corporis velit necessitatibus consequatur voluptatem. Doloribus rem natus soluta at voluptatum.',0,0,'2017-12-04 17:21:28'),(829,76,138,'Voluptas laborum consectetur atque eos ut assumenda. Et ratione non id voluptates architecto ut. Necessitatibus consequuntur debitis voluptate non ipsum.',0,0,'2018-07-05 13:53:26'),(830,58,77,'Ad non aut exercitationem illo debitis. Quis vero est qui expedita occaecati sint. Excepturi facilis et reprehenderit rerum dolor tenetur ipsa accusamus. Non et tempora nesciunt et.',0,1,'2016-07-04 15:28:06'),(831,13,30,'Hic sit iusto eum est nesciunt dolorem sit. Sit necessitatibus a a incidunt est. Officia iste sed impedit. Ut voluptatem assumenda consequatur eum.',0,1,'2017-09-22 04:12:43'),(832,110,61,'In itaque eos quis et dignissimos quia. Quod ut distinctio excepturi omnis incidunt. Eum ut enim corrupti. Vel omnis suscipit et et.',1,1,'2018-06-30 19:07:15'),(833,175,91,'Voluptas enim et dolor earum enim sit ipsa. Ad aut cupiditate illo nam fugiat doloremque. Et sit dolores aliquid rerum. Esse eveniet autem et temporibus sint sit corporis.',0,1,'2015-06-12 13:38:43'),(834,128,170,'In cum ullam qui dolore. Asperiores nobis atque molestias velit fuga unde facilis officiis. Consequatur est fugiat accusantium molestias.',1,0,'2014-01-26 17:29:34'),(835,62,1,'Ut eum et ullam illum aperiam. Eum alias assumenda quisquam accusamus quis. Magnam voluptatem qui amet omnis illo dolorem molestias assumenda.',0,0,'2017-02-11 06:13:27'),(836,19,93,'Vel recusandae in dolore facilis facilis. Laudantium voluptas omnis aut consequatur mollitia. Fugit eaque ut explicabo illo et accusantium et. Praesentium exercitationem sed recusandae ipsum occaecati cupiditate.',0,0,'2015-09-06 22:01:31'),(837,4,144,'Sit dignissimos quos aut ipsum quis recusandae assumenda. Nobis dolorum consequuntur sed voluptates. Dolores corrupti et assumenda et sunt odit.',1,0,'2019-04-20 00:47:22'),(838,104,89,'Consequatur libero sed ea velit. Molestiae sit reiciendis quis quibusdam voluptatem. Esse et magni beatae recusandae temporibus possimus repudiandae.',0,0,'2014-05-23 17:33:43'),(839,133,199,'Cumque est dolore amet. A nam quaerat recusandae necessitatibus dolor sint. Quidem quaerat neque voluptatem amet. Sequi similique possimus voluptate est est cumque.',0,0,'2018-12-31 20:05:53'),(840,193,168,'Natus quis consequuntur omnis qui magnam. Adipisci quo quibusdam nobis sapiente consequatur similique. Fugiat consequatur facilis et qui repellat. Nemo recusandae adipisci non qui omnis in doloribus. Sit perspiciatis laborum et inventore sunt sunt ipsam.',1,1,'2011-03-21 05:18:53'),(841,60,196,'Nisi impedit iure ullam ad velit eius. Asperiores ea qui ipsa earum autem in eum. Est blanditiis reiciendis recusandae dolorem quis. Officia laborum perspiciatis distinctio sed.',1,1,'2018-01-13 02:10:12'),(842,197,200,'Ea veniam voluptas vero explicabo et placeat ab. Ad veniam dolore architecto iure quia.',0,0,'2018-11-22 17:17:19'),(843,8,37,'Temporibus qui ducimus consequuntur labore quisquam totam. Officiis mollitia possimus nesciunt quia odio deleniti qui. Sint dolore quia sit ipsum ex voluptas.',1,0,'2010-11-13 12:50:08'),(844,161,95,'Quae molestiae qui et aut eum minus quis. Error quisquam dolorum rem non vero magni. Debitis laboriosam nobis consectetur beatae vero sunt eum quos. Nulla inventore dolorem fugit non nihil veritatis.',0,0,'2019-11-28 12:50:21'),(845,192,72,'Est dolorem illo est. Reprehenderit dolorem necessitatibus eius id et. Quo consectetur est et quod. Rerum perspiciatis velit repellendus nemo soluta repellendus iure eum.',0,1,'2019-12-30 12:38:07'),(846,184,103,'Cupiditate autem explicabo aut qui ullam exercitationem. Suscipit necessitatibus voluptatibus quo qui distinctio eaque.',1,0,'2018-09-07 23:24:37'),(847,164,111,'Vel laudantium praesentium inventore laudantium. Reprehenderit quas eligendi minus iste. Natus inventore sit iusto velit alias. Facere sit velit debitis quod voluptatem.',1,1,'2019-04-22 15:08:23'),(848,60,166,'Ab quod corrupti eius voluptatem harum culpa. Doloremque amet architecto soluta aut voluptates quasi. Maxime iure voluptates occaecati minima.',1,1,'2018-01-13 02:10:12'),(849,51,158,'Quae explicabo dolore eum voluptatum labore blanditiis. Magnam sequi odio sit eum autem ut. Sit soluta rem quas repellat adipisci. Tenetur dolore hic quod.',1,1,'2020-02-26 07:32:28'),(850,33,94,'Quas id nostrum dolore eos voluptatem. Velit cupiditate temporibus nesciunt quam et similique. Ex sed id vel qui. Error blanditiis ea enim laborum ea aut consectetur. Et et debitis tempora sed esse.',0,0,'2015-01-12 21:52:06'),(851,168,157,'Dolorum nihil explicabo reiciendis at ullam consequatur. Suscipit eos quis velit id quam aut et. Voluptatem non nam et neque libero totam voluptates.',1,1,'2016-04-07 02:27:31'),(852,80,131,'Et culpa nisi at. Nulla cupiditate sed optio rerum excepturi culpa eaque voluptas. Voluptas ea fugiat vel labore corporis quo ab.',0,0,'2016-10-18 18:50:46'),(853,15,79,'Dolor nisi consequatur rem sed nihil et quod molestiae. Suscipit earum dolorem accusamus quia tempora saepe quis. Velit sunt omnis ex consectetur culpa ut velit sapiente.',0,1,'2018-10-02 16:48:59'),(854,150,113,'Qui quisquam cumque est molestiae consequatur non atque. Incidunt aliquam quas dolor sit rerum. Qui mollitia temporibus sunt sed qui tempora. Blanditiis fugiat aliquam repellendus quas.',1,0,'2018-06-23 11:59:49'),(855,114,29,'Earum iure iste est expedita a. Iusto magnam quaerat nam. Autem aut perspiciatis eos excepturi consequatur aut et. Dolorem blanditiis minima sint nulla.',0,0,'2020-02-26 14:01:58'),(856,3,127,'Sed ullam molestiae incidunt ut doloremque. Sunt voluptatem aspernatur est numquam. Explicabo a animi eum ut et vitae repellat.',1,1,'2012-08-08 09:20:40'),(857,27,152,'Eos pariatur aliquam qui aut culpa laudantium. Expedita non esse doloremque odit ex praesentium. Saepe odio magni quia tempore modi non sed. Ipsam assumenda repellat architecto quaerat dolorem deleniti et.',1,1,'2020-01-16 13:16:08'),(858,79,140,'Saepe earum sit officia et aut sit ipsum. Deserunt itaque nostrum delectus iure nisi aut. Consectetur aperiam in explicabo minus fuga officiis. Sunt vel libero nisi perspiciatis consequuntur autem.',0,0,'2014-04-07 06:18:59'),(859,63,93,'Expedita assumenda velit aut voluptatum. Earum et eos saepe impedit aut in sapiente. Et omnis autem qui accusamus.',1,1,'2015-10-20 07:11:47'),(860,76,103,'Aut repudiandae consectetur eaque et asperiores. Omnis voluptates facilis dolorem repellat voluptas illum commodi odio. Cupiditate sit sunt dolore nulla officiis autem.',0,1,'2015-06-01 15:25:34'),(861,83,105,'Reprehenderit fuga quaerat odit praesentium officia dolor voluptas. Quam ipsa sint quas doloribus praesentium voluptatem debitis.',1,0,'2020-01-27 21:01:55'),(862,78,72,'Officia esse perferendis impedit minus omnis ut. In doloribus quam sed eum. Minima ratione et est a.',1,0,'2020-03-15 01:32:22'),(863,125,9,'Delectus dicta eum vel doloribus molestiae. Neque ea error sint magni rerum autem voluptates. Est quod minus recusandae ut. Dolorem doloremque expedita occaecati natus ex voluptatibus illum necessitatibus.',1,1,'2010-05-18 08:51:58'),(864,71,126,'Doloribus a et eos repudiandae consequatur quae perspiciatis. Explicabo sed enim ea nihil.',1,1,'2014-11-01 23:50:42'),(865,19,116,'Non quam unde corporis ut et tenetur. Et molestias voluptatem temporibus perspiciatis atque eligendi. Laboriosam iste et ea et. Vitae veritatis consectetur rerum ut excepturi sequi error ut.',0,0,'2017-11-27 02:33:25'),(866,121,58,'Quidem distinctio accusantium facere inventore et. Eligendi ipsum quis est fugit excepturi odit omnis. Reprehenderit qui ducimus non aut rerum voluptas voluptatibus. Impedit deserunt enim vel magni enim est. Magni quis mollitia ut quibusdam quasi.',1,1,'2017-11-01 03:35:34'),(867,126,56,'Sit veniam suscipit sunt consequatur. Ratione cum corporis saepe nemo nisi. Temporibus a reiciendis consequatur voluptatem. Eos neque sit aspernatur porro voluptatum ea.',1,1,'2015-01-21 04:44:42'),(868,101,139,'Vero quo ipsa voluptas et. Perferendis quam tenetur facere iusto. Laborum repellendus eos iste. Molestias ut perspiciatis et suscipit exercitationem et laborum quibusdam.',0,1,'2016-12-30 14:58:43'),(869,188,125,'Facilis recusandae velit tempore voluptatem. Omnis voluptates non illum quia vel repellat necessitatibus eum. Laudantium laboriosam debitis quos earum quasi amet veritatis quas.',1,1,'2019-07-02 02:09:06'),(870,60,122,'Deleniti est atque a ducimus aut exercitationem ut. Ut voluptatibus facilis libero est. Soluta laborum quis et vel voluptatem facere et.',0,1,'2018-05-22 23:44:02'),(871,33,196,'Delectus in delectus dolorum et. Tempora illum aut soluta voluptatem dolores autem. Porro fuga quo vitae voluptatum.',1,1,'2015-07-23 04:15:59'),(872,83,24,'Aut error et nisi dolor. Placeat architecto error laboriosam. Voluptas sunt minima nostrum nemo dignissimos rerum.',1,0,'2020-01-27 21:01:55'),(873,73,92,'Et nihil eveniet id quis quia ut libero. Et hic ad recusandae quod omnis velit impedit. Omnis ea distinctio recusandae quis. Numquam tenetur quia maiores deleniti.',0,0,'2019-09-02 22:51:13'),(874,38,116,'Reiciendis illo corrupti aut hic atque quo quasi qui. Saepe sapiente dolores voluptas voluptatem sed. Minus incidunt alias nihil mollitia esse architecto quae.',0,1,'2017-01-26 01:00:10'),(875,65,176,'Itaque quidem consequatur necessitatibus. Nihil et eos natus repellendus. Magni omnis in quia cumque officia. Optio deserunt error qui sed impedit doloremque.',0,0,'2015-03-23 23:43:35'),(876,85,96,'Illo quasi nobis aut porro quaerat. Sed modi ipsam a corporis. Aut culpa dolorem incidunt dicta et dolores. Iste est adipisci eum qui esse.',1,1,'2019-02-10 03:59:15'),(877,26,39,'Consequatur qui et corporis odit sequi. Optio molestias sed distinctio facilis fugiat molestiae quae voluptate. Et sit ut animi enim aliquam veritatis earum enim.',1,0,'2015-11-26 08:49:05'),(878,118,71,'Aliquid sint sed officiis iure. Expedita culpa consequuntur occaecati omnis ipsum. Quisquam possimus explicabo est deserunt. Necessitatibus omnis aut molestiae.',1,1,'2014-05-26 15:31:35'),(879,3,199,'Voluptas voluptatem dicta accusantium non. Repellendus molestias ut et enim. Voluptatem aperiam enim accusantium adipisci ut ratione. Aperiam aut et illum eum.',1,1,'2014-07-23 04:26:26'),(880,184,126,'Laboriosam consequatur eum eaque quia. Est vel itaque explicabo iste deleniti et ratione. Qui autem facilis doloribus optio qui. Officiis saepe nulla et et porro voluptas aliquam quas.',0,1,'2014-09-08 20:17:13'),(881,77,4,'Tempore ut aperiam doloremque officia ullam hic. Sunt est distinctio nihil voluptatum distinctio. Totam laudantium vel autem sed sequi quae autem.',1,1,'2018-03-06 08:01:05'),(882,191,142,'Fuga qui consequuntur facilis. Architecto quisquam sunt numquam rerum distinctio cupiditate est. Unde earum ullam explicabo non voluptatem sapiente.',0,1,'2014-03-27 01:52:03'),(883,137,58,'Sapiente eaque placeat est. Voluptatem eum inventore eum et illum omnis. Vel et ut repellat ut modi necessitatibus. Molestiae totam rem et quia.',0,0,'2018-05-22 07:40:00'),(884,77,13,'Amet quod sed illum iure odit quo quasi et. Officiis at temporibus sit eius atque qui eos. Magnam beatae numquam id quas dolore hic ut. Et libero perferendis est tempora.',0,0,'2018-03-06 08:01:05'),(885,34,128,'Eveniet ut ut nostrum quod. Ea ipsum voluptate quam sapiente iure iure. Quidem magnam quia at animi molestiae sit animi. Iusto rem tenetur autem sint corrupti. Vel non impedit molestiae ea ab.',1,0,'2015-08-25 15:40:15'),(886,139,111,'Enim aperiam quis aperiam inventore corporis. Quasi est dolor quo impedit consequuntur cupiditate autem. Est eaque ullam similique. Enim non sint nihil.',1,0,'2019-08-06 23:27:05'),(887,137,152,'Vel rerum consequatur excepturi adipisci sed temporibus. Exercitationem reiciendis qui est autem esse quo voluptatem. Exercitationem repellat cum quia non.',0,1,'2018-05-22 07:40:00'),(888,147,80,'Nam odit aperiam reiciendis rerum. Iure quo ab quo minus aut. Ea pariatur eos laboriosam sequi qui necessitatibus provident. Eos eaque aut voluptatum.',1,1,'2013-09-02 16:07:07'),(889,159,152,'Ut corporis impedit a eum et. Et qui qui ipsa quasi vel et id. Eaque aut et vitae velit aut.',0,1,'2018-08-18 14:40:21'),(890,85,167,'Sunt illum quasi illo beatae animi est fuga. Eligendi veritatis temporibus fuga porro. Molestias aut sint et tenetur odio alias accusantium.',0,1,'2019-02-10 03:59:15'),(891,179,195,'Doloribus et esse magni et qui rerum harum. Perferendis exercitationem voluptate nesciunt vero placeat consequatur porro. Pariatur optio autem aliquid qui voluptatibus. Odio eum molestiae ab aliquam tempore repudiandae ipsa eligendi.',0,0,'2016-02-05 12:56:49'),(892,38,4,'Facere voluptas iusto odit sed assumenda ea optio. Commodi ipsa eligendi et animi vel ut natus non. Porro tempore voluptates culpa quam sed.',0,0,'2015-05-11 22:34:09'),(893,106,119,'Eligendi qui suscipit blanditiis maxime consequatur. Officia est fugit ex labore consectetur sit quo. Harum sequi natus laboriosam deleniti doloribus.',0,0,'2018-07-23 06:02:21'),(894,74,15,'Laboriosam accusantium aperiam repellat ab. Veritatis beatae nam possimus vitae. Repellendus quia dolores enim amet rerum. Atque repudiandae sunt sint ut quasi aut maiores ducimus.',1,0,'2014-09-05 07:19:44'),(895,50,5,'Vel cum aut sequi optio. Qui nihil quaerat nihil voluptatem est vel. Et voluptate voluptatem repudiandae debitis accusantium.',0,0,'2019-06-11 09:30:58'),(896,76,162,'Dolores non delectus ut id. Totam molestiae autem quasi voluptatem dolores et molestiae. Soluta repudiandae dolores reiciendis reprehenderit et sit. Est vitae quo a.',1,1,'2011-04-24 14:25:37'),(897,184,32,'Provident quia nihil distinctio est magnam animi. Qui recusandae aspernatur eum ipsum est non reiciendis. Ut dolores at adipisci necessitatibus.',1,0,'2017-11-17 09:57:26'),(898,7,137,'Ea molestiae possimus ut dolore voluptatem. Quam doloremque quia aut quam voluptatem neque consequatur. Sint nisi nihil doloribus excepturi necessitatibus. Consequatur cum et voluptatem maiores. Et repellat temporibus praesentium aliquam eveniet illum ut quam.',1,1,'2014-01-18 21:58:48'),(899,67,120,'Enim repellat accusantium fuga accusamus. Maiores in dolor incidunt minima. Labore iusto veniam voluptatem eius ab ipsa suscipit.',1,0,'2019-10-03 22:32:12'),(900,1,43,'Pariatur vitae explicabo necessitatibus eveniet ut ut. Vel error vel error voluptatibus omnis quos.',1,1,'2019-12-02 07:15:00'),(901,13,136,'Recusandae iste voluptatum magnam vitae cum ut. Fugit cumque non quibusdam in laborum sunt qui error. Doloremque molestiae dignissimos et velit molestias voluptas.',0,1,'2014-10-31 22:35:02'),(902,39,186,'Perferendis asperiores non velit. Rem at sit a autem porro laudantium exercitationem. Ratione ex quia architecto sapiente dolore quis velit.',1,1,'2016-01-02 22:38:30'),(903,14,110,'Nisi sit minima omnis commodi error labore et. Harum consequatur harum nihil perferendis aut repellat dolores. Sunt quo rerum molestias nemo. Aperiam voluptas recusandae excepturi sint sequi odit aliquam consequatur.',1,1,'2015-08-10 07:14:50'),(904,109,15,'Sint repudiandae et reprehenderit dolorem harum et amet et. Consequatur magnam dolores officia quibusdam saepe cum qui. Est ipsa minus molestias perspiciatis suscipit ut. Officia quibusdam corrupti molestias mollitia aut esse vel.',1,0,'2019-09-21 17:06:00'),(905,145,81,'Voluptatum iure aperiam quis enim earum. Amet sed nulla iure itaque.',1,1,'2019-05-27 00:34:46'),(906,168,198,'Modi magnam corporis et adipisci. Perspiciatis animi fugiat repudiandae dolores corrupti blanditiis. Odit et sit et vel perspiciatis est. Possimus nihil dolorem perferendis.',0,1,'2018-11-03 22:27:26'),(907,85,32,'Voluptas expedita eum dicta. Rerum fuga corrupti et. Est voluptatibus rerum et reprehenderit.',0,0,'2019-02-10 03:59:15'),(908,103,20,'Explicabo hic quam rerum saepe dicta sapiente officiis. Et maxime aut iure. Laboriosam perspiciatis exercitationem eveniet libero est et similique tempore.',1,1,'2019-03-08 03:56:45'),(909,192,97,'Voluptas quidem asperiores vitae tenetur est. Sit qui consectetur id maxime ut. Omnis tempore suscipit assumenda tempore inventore ut praesentium. Iure quo expedita consequatur aut similique exercitationem excepturi.',1,0,'2019-12-30 12:38:07'),(910,107,45,'Et et aut ipsa. Veritatis omnis corporis omnis cupiditate libero sed. Cumque dolore quia dolorem aut ullam similique. Voluptas aut vitae ipsam sed laudantium.',0,1,'2019-04-27 15:24:36'),(911,104,182,'Aut recusandae voluptatibus aliquam ratione sequi. Iure non delectus officia quis. Et odio id iste voluptatem ratione quas.',0,0,'2013-03-23 02:55:54'),(912,200,54,'Ipsam est similique et veritatis molestiae. Architecto incidunt et dolore. Molestiae rerum tempore molestiae ducimus sit aut. Ut perspiciatis officiis adipisci impedit sapiente officiis.',0,0,'2019-11-29 23:57:44'),(913,67,172,'Minima et dolores dicta voluptatem. Id facere culpa voluptatibus iusto voluptatem vero in. Dolorem recusandae autem facere ipsum ab quas et quaerat.',1,1,'2019-10-03 22:32:12'),(914,61,187,'Voluptate totam et temporibus. Qui ea veniam corporis omnis error. Voluptatem velit eaque perspiciatis dolor. Neque id quisquam in iusto optio praesentium laudantium.',0,0,'2015-04-13 04:16:58'),(915,150,189,'Voluptates quia veniam ipsum qui reiciendis iste dolore eos. Aperiam possimus quam facere nulla. Illo omnis pariatur rerum assumenda vitae eligendi occaecati minus.',1,1,'2018-06-23 11:59:49'),(916,97,115,'Natus sunt aut asperiores odio. Esse tenetur tenetur aspernatur quo quo qui repudiandae temporibus. Eum adipisci qui similique similique excepturi quas. Repellendus quia ea possimus minima rerum quo sequi.',0,1,'2016-05-02 04:42:58'),(917,85,77,'Iure pariatur et omnis quod. Officia in voluptatem nostrum voluptatibus at. Recusandae culpa quia consequatur minima est ipsa.',0,0,'2019-02-10 03:59:15'),(918,132,26,'Est aut dolores iure. Vero similique quia praesentium quia. Expedita aliquam itaque voluptas consequatur id. Non deserunt assumenda voluptas quae.',1,1,'2015-05-01 14:02:33'),(919,135,196,'Ut et ipsum harum assumenda voluptatem nobis et. Corrupti natus aperiam rerum consequatur repellat alias. Et aut voluptatem deserunt unde aut optio possimus dolorem. Doloribus necessitatibus aperiam sequi neque necessitatibus facere est.',1,0,'2015-01-11 04:16:32'),(920,174,83,'Eos quia ipsam possimus et quasi temporibus omnis. Eligendi placeat temporibus maiores exercitationem iste atque. Consequatur vitae natus nam vero illo optio dolorum.',0,0,'2019-03-08 06:06:30'),(921,92,11,'Inventore nostrum aut sit quibusdam officiis dolorem est. Rerum est ut illum dolore sit. Sapiente tempora itaque temporibus deserunt quod magnam. Et perferendis et nobis ipsa et velit.',0,1,'2019-12-23 06:23:15'),(922,176,48,'Rem accusantium veniam dolor qui in ab consequatur. Tempora sint exercitationem accusantium fuga reiciendis illo. Voluptatum blanditiis fugit libero deleniti ea. Nihil et temporibus omnis.',0,0,'2016-10-28 06:52:47'),(923,114,22,'Tempore qui ut quo. Deserunt et ducimus iste numquam consequatur dolorem et.',1,1,'2017-06-09 21:58:13'),(924,167,171,'Quis quo tempore at porro aut quia est. Et iure quis et. Non et numquam cum qui quos officiis ratione beatae. Quia tenetur doloribus officiis doloribus soluta ea.',0,0,'2015-02-11 05:44:09'),(925,151,42,'Tempora omnis error rerum sint cum eligendi harum. Non asperiores nihil sunt aut. Qui sunt unde minus fugit itaque consequatur provident. Velit id ab odio non itaque rerum iusto.',1,1,'2016-09-24 00:26:48'),(926,155,52,'Nisi voluptas qui autem quia mollitia aliquid qui ut. Aspernatur omnis corrupti et in culpa. Explicabo distinctio impedit laudantium magnam in.',1,1,'2019-05-20 18:03:38'),(927,191,1,'Veritatis tempore est expedita expedita dicta dolorem. Atque praesentium aut et cupiditate aut voluptatem. Possimus quis facere molestias eos vero itaque corporis.',1,1,'2015-08-11 17:56:33'),(928,29,144,'Deleniti excepturi dolor qui. Vero nihil et eum. Illo perferendis et amet quidem corrupti. Labore tempore qui eaque quidem.',0,1,'2018-04-23 06:46:39'),(929,32,126,'Aut fugiat est dignissimos est id. Et quo libero earum aliquam. Odit mollitia et est facilis accusamus expedita. Reprehenderit repellat voluptatem repellendus ut eius omnis praesentium expedita.',1,0,'2018-11-30 06:10:33'),(930,136,99,'Expedita voluptatem sit ut est est ut. Ratione odio odio dolores modi praesentium. Rerum sint unde voluptatibus eos.',1,0,'2013-03-18 19:34:51'),(931,89,147,'Harum ipsum minima quis molestias et qui nulla. Nostrum quia consequuntur officia excepturi consequatur molestiae.',1,0,'2015-03-09 14:21:06'),(932,66,89,'Hic quae aut ex. Ab aliquam et voluptas eligendi quae. In earum nemo ea iusto.',0,1,'2019-02-11 08:55:25'),(933,48,171,'Ex mollitia magni fuga cumque alias harum deserunt. Alias deserunt porro atque officia. Et vero rem sed vitae voluptates rerum. Ut minima in hic et ut.',1,0,'2018-07-24 00:55:46'),(934,110,36,'Quos adipisci quibusdam rerum reiciendis non et. Ut qui magnam distinctio. Dolore vel voluptatem esse ea. Voluptas reprehenderit ipsum eligendi eligendi magnam.',1,1,'2013-10-03 15:19:04'),(935,48,134,'Tenetur corporis harum numquam corrupti qui. Molestias enim ea cumque aut.',0,1,'2018-07-24 00:55:46'),(936,126,25,'Error quos ut dolore deleniti. Assumenda ullam voluptatibus necessitatibus debitis repellat magnam id. Qui voluptatem similique sunt similique. Sint quis magni atque quis.',1,0,'2017-02-07 22:49:32'),(937,149,69,'Consequatur dolorem expedita expedita distinctio sequi velit veniam. Quis non explicabo et eveniet doloremque. Ea autem temporibus maiores odio corporis.',1,1,'2017-03-10 04:13:37'),(938,99,84,'Exercitationem et qui et et odio illo nemo repellat. Minus ea voluptate est.',1,0,'2019-07-14 10:11:25'),(939,125,173,'Earum vero facere magnam quisquam. Eaque libero odit dolores incidunt doloribus error eius rerum. Laboriosam dolores iure exercitationem nisi voluptas fugiat numquam. Nam et maxime incidunt nihil eos labore.',1,1,'2014-01-13 03:51:13'),(940,91,133,'Voluptate dignissimos beatae rerum officia. Et fugiat ut quia.',0,1,'2014-04-24 10:51:31'),(941,191,158,'Ut possimus eaque ut voluptatem unde eum. Vero quisquam dolores quis assumenda ipsum aspernatur atque. Voluptatem dolorum eos deleniti nihil corrupti quidem.',0,1,'2014-03-17 06:29:00'),(942,16,3,'Non unde ullam maxime vero. Quaerat modi possimus est ea. Modi ut omnis et praesentium quia error quia.',1,0,'2015-06-04 02:46:58'),(943,168,29,'Et sapiente eum omnis unde. Non eum dicta non ut excepturi officia quam vel. Voluptas quae iure quisquam iste sunt quam officia. Porro labore molestias voluptate libero dolorem aut esse rem.',0,0,'2016-04-07 02:27:31'),(944,41,117,'Non cum doloribus nisi ratione. Possimus mollitia a quidem quia cupiditate. Consequatur et asperiores velit. Ducimus quibusdam adipisci totam dolores consequatur.',1,1,'2018-09-10 06:33:59'),(945,61,154,'Ducimus dolor dolorum voluptatem voluptate. Voluptate commodi natus quaerat omnis placeat ipsum adipisci. Tempore id est ut earum. Nesciunt eos voluptatem libero dolorem.',0,0,'2014-02-06 08:00:19'),(946,187,70,'A cum in occaecati sunt. Quisquam sed magni culpa expedita ut est dolorem voluptas. Tempore dolores cumque sit sint atque saepe. Consequatur dolore sed numquam tenetur qui.',1,1,'2016-10-03 22:10:43'),(947,191,143,'Rerum dolorem sunt ut labore. Neque qui ullam omnis laboriosam voluptatem soluta amet pariatur. Quis consequatur odio beatae tempore at fugit debitis rerum. Nostrum aliquid dolorum fuga sit sed exercitationem explicabo. Dignissimos repellendus officiis et vel omnis.',0,0,'2015-11-12 22:21:05'),(948,144,89,'Hic molestiae harum voluptatem id. Esse nostrum vel et ab consequatur eligendi deserunt doloribus. Cumque exercitationem unde voluptatem esse molestiae porro provident. Distinctio eius id et nam molestiae accusamus dolor assumenda.',1,0,'2011-05-27 07:20:09'),(949,12,194,'Iure itaque fugit inventore dolores. Beatae ut corrupti occaecati quia. Dolorum quia omnis qui sit assumenda alias voluptatem tempore.',0,0,'2014-03-05 14:41:20'),(950,132,79,'Nihil inventore voluptas consequuntur hic debitis adipisci. Quia fugiat cum quos qui id eius eos. Perspiciatis incidunt maxime magnam et magni maxime ea. Dolor architecto aperiam fuga velit consequatur quaerat repellendus.',0,0,'2012-12-26 12:45:28'),(951,199,157,'Mollitia voluptatum blanditiis dolor veniam dolor sequi. Sit quia minima veritatis deleniti occaecati voluptas. Autem qui in magnam voluptatem. Necessitatibus culpa et et distinctio recusandae.',0,0,'2017-12-04 17:21:28'),(952,187,63,'Est vel consequatur aut exercitationem optio officiis voluptates. Minus ipsam sit voluptatem placeat id illum iste cum. Sed molestiae veniam consectetur et sint.',0,1,'2016-10-03 22:10:43'),(953,152,174,'Maxime quia ut inventore impedit quae. Nobis harum laudantium dolores ut. At alias sunt totam.',0,0,'2018-03-31 17:08:52'),(954,11,134,'Dolor porro adipisci quis non possimus autem. Voluptate fuga fugiat est iste qui. Dicta itaque ad reprehenderit recusandae aspernatur quaerat.',1,0,'2019-06-08 00:49:54'),(955,35,175,'Maiores fuga quo aliquam. Unde nisi dolorem repudiandae est soluta quia sint. Vel similique magni magni et.',1,1,'2014-12-07 20:51:01'),(956,169,119,'Ut error est voluptas debitis labore. Sed ut a dolore eaque. Mollitia voluptatem harum nulla eum.',0,1,'2015-04-10 01:39:04'),(957,87,76,'Sit totam voluptatem illo aut id dolorem facilis. Soluta enim ipsa esse consectetur. Iusto magni perspiciatis eius quasi magni.',0,1,'2018-02-21 12:57:54'),(958,120,170,'Numquam reprehenderit molestiae atque dolores doloribus tenetur. Magnam ullam omnis excepturi dignissimos vitae voluptas et. Et est tenetur porro aut architecto eum quo sapiente. Et magnam sapiente aliquid esse voluptatem odit quo.',1,1,'2020-01-19 05:24:32'),(959,91,142,'Et pariatur qui magni fuga aut accusantium. Quo eos nam molestiae dignissimos dolores praesentium. Dicta sequi eum labore natus sit consequuntur.',1,0,'2014-08-12 02:16:06'),(960,39,167,'Eius dolorem mollitia optio asperiores minus. Et facere incidunt corporis libero nobis et veniam quasi. Reprehenderit vero officiis hic ipsum dolores. Vitae cupiditate dignissimos sed aliquid eius blanditiis officia id.',0,0,'2015-03-20 19:10:27'),(961,118,88,'Architecto iure tempora a. Necessitatibus dolorem ut est cum repudiandae. Corrupti ipsam optio maiores voluptatum dolores qui harum quis.',0,0,'2015-09-28 17:15:21'),(962,87,172,'Quis quia tenetur voluptates facilis. Omnis sunt inventore dolores repudiandae voluptates iste. Aliquam error quia sint corrupti dolores vero voluptas.',1,1,'2017-03-04 22:43:08'),(963,196,63,'Iste libero ut in necessitatibus veritatis. Quia temporibus eos inventore quam distinctio. Doloribus voluptatem sapiente fugiat aut alias.',1,0,'2013-01-07 13:41:05'),(964,126,42,'Illo illo cupiditate aut voluptatibus. Qui quam ducimus aspernatur laudantium expedita quasi dolor. Dolores est aspernatur eaque aut mollitia nemo tenetur. Rerum nihil asperiores accusantium quia est consequatur vero.',0,0,'2018-01-28 11:31:15'),(965,32,32,'Architecto repellat neque placeat eos ut qui sint quas. Magni libero ut veniam a autem ipsam. Voluptatum voluptas earum ad quo sequi officia est. Animi assumenda facere ex incidunt non recusandae rerum.',1,1,'2018-06-15 15:15:42'),(966,65,29,'Consequatur numquam quisquam et ut. Harum quasi quis tempora nesciunt. Et placeat nihil eum earum. Perferendis harum eos corrupti ut qui consequatur labore.',0,0,'2019-07-26 02:27:39'),(967,147,50,'Quisquam beatae dolores hic ab dolores et rerum. Dolorum quibusdam et eveniet rem eveniet similique quidem. Et excepturi eum voluptatibus quod in neque excepturi.',1,1,'2019-11-11 02:54:19'),(968,7,84,'Fugiat ducimus natus illo est. In molestiae aut sed neque sed mollitia dolor. Vitae et aliquid alias non provident facere. Sunt numquam consequatur occaecati magni quo.',1,1,'2019-07-08 18:33:01'),(969,1,152,'Voluptate omnis tempora repudiandae ut. Deleniti et autem quam sit sed. Ipsam necessitatibus explicabo molestiae quia corporis eius qui. Occaecati asperiores in quia recusandae fugiat ex natus.',1,0,'2019-12-02 07:15:00'),(970,155,118,'Nulla illo quod perspiciatis est veritatis vero. Voluptas dignissimos repudiandae aspernatur provident dolor.',1,0,'2019-05-20 18:03:38'),(971,126,73,'Eveniet numquam voluptatibus numquam officia. Sapiente corrupti doloremque blanditiis.',0,0,'2019-04-04 15:38:10'),(972,188,119,'Ipsum quia optio modi consequatur. Ut autem ducimus quam saepe. Sit deserunt ut aut corporis velit molestias veritatis ducimus.',0,0,'2019-09-04 17:32:42'),(973,31,197,'Voluptatibus incidunt quis reiciendis magni. Ab placeat voluptatem recusandae sequi qui. Dolorum reiciendis harum saepe debitis corrupti. Sed consequuntur repellendus molestiae fugiat rerum cupiditate.',1,0,'2018-01-22 04:12:38'),(974,94,77,'Sunt animi fugit praesentium iure maxime. Ex voluptatem et reiciendis atque tempora quam quam. Ducimus occaecati sit et voluptas rerum eum earum sint.',0,0,'2020-01-14 23:50:56'),(975,101,76,'Ad possimus provident ut suscipit ut occaecati id. Necessitatibus quod et aspernatur ut qui aliquid voluptas. Impedit aspernatur natus eum aut dolore numquam nam quod. Distinctio saepe quos qui eum nam eum.',1,0,'2015-05-06 04:47:02'),(976,76,149,'Porro quasi quod quos dolor nihil. Id similique et aut velit perspiciatis.',1,1,'2015-02-02 23:21:42'),(977,120,150,'Veniam voluptatem autem deleniti recusandae. Vero quas accusantium ut dolore architecto. Dolorem atque nam nihil. Molestiae quos nemo natus ipsum.',0,0,'2020-01-19 05:24:32'),(978,191,105,'Aut amet est voluptas reprehenderit et sit. A quia ab blanditiis omnis id maiores. Corrupti voluptas et deserunt unde officia animi explicabo. Dolor deleniti libero repudiandae autem.',0,0,'2019-08-16 18:45:38'),(979,153,47,'Et voluptas error autem voluptatum et fugiat qui sint. Necessitatibus magnam amet ea quam at nihil rerum. Eaque et porro quaerat quia rerum. Consequatur voluptatem eaque ratione repellat.',0,0,'2019-09-12 19:28:51'),(980,175,136,'Sint quae vel excepturi modi quod. Est aliquid corporis aut. Nostrum doloremque voluptatem doloremque odit consequatur. Voluptas fuga velit a ea.',1,1,'2019-07-10 00:38:17'),(981,153,156,'Nulla fuga reprehenderit assumenda veniam qui consequatur est. Qui et voluptatum sed. A ad sint deserunt praesentium aut itaque quia consequatur. Vitae quasi doloribus enim quia minus quia cumque.',0,1,'2019-03-09 15:52:03'),(982,121,135,'At esse voluptates impedit non earum unde sunt. Rerum sed iure aliquam velit praesentium voluptatem rerum. Aperiam maiores pariatur et illo occaecati. Cumque dolor praesentium fugit quod.',1,0,'2018-02-22 12:34:30'),(983,114,163,'Quibusdam nesciunt voluptate odio assumenda. Similique culpa et at harum fuga. Alias sit earum est aut illo.',1,0,'2019-03-24 09:23:10'),(984,71,68,'Quia fugit itaque consequatur ea eum inventore. Suscipit quis architecto eos quod quis ea. Ducimus sequi aspernatur tenetur quo assumenda sint. Ut inventore debitis aut nam molestiae voluptatem. Distinctio vel nesciunt blanditiis.',1,1,'2012-03-28 17:58:03'),(985,128,32,'Et cumque corporis sed est ipsum et quae. Neque fugiat est sed aliquid ipsam quidem nobis. Porro qui quaerat commodi porro. Sed aut voluptatem omnis debitis consequatur.',1,1,'2015-08-11 10:26:19'),(986,177,190,'Ut ut et quisquam quia. Quis nulla facere qui quaerat unde officiis omnis. Sint dolor placeat tenetur delectus sed quia non aut.',1,1,'2018-05-15 00:38:39'),(987,17,113,'Aspernatur fuga reiciendis porro eligendi sint. Nobis quod delectus eligendi voluptate quam. Minus rerum molestias asperiores quaerat autem. Veniam sit iusto nesciunt quia. Eaque atque ea quam magnam rerum pariatur totam nobis.',0,1,'2012-06-30 05:24:32'),(988,114,32,'Asperiores ea eos sunt quae. Ipsum ex suscipit dolor perspiciatis assumenda in est. Consequatur voluptas vitae aut et enim qui quam.',1,1,'2017-06-09 21:58:13'),(989,17,187,'Quasi est odio temporibus ut incidunt vel dolores. A voluptas nihil aliquid consequatur harum repellendus placeat.',0,0,'2017-03-28 15:54:11'),(990,84,59,'Quo repudiandae eum omnis delectus nobis. Iusto labore vel ipsa. Voluptatem pariatur soluta culpa at. Error magni laboriosam asperiores sunt earum temporibus.',1,1,'2017-11-21 03:45:28'),(991,40,26,'Et nisi voluptas aliquam ut pariatur. Quo rerum aperiam cupiditate nam qui perspiciatis. Et incidunt tempore vel qui aut. Nam hic mollitia rerum saepe sint.',1,1,'2013-11-07 23:40:22'),(992,6,154,'Iste aut ut sit dolore. Aut vel dolores magni neque possimus est unde eum. Ullam sed voluptate et consequatur et eveniet delectus delectus. Provident ut corrupti magnam tenetur accusantium.',0,1,'2016-10-03 20:19:44'),(993,152,95,'Porro nulla dolor qui vel nostrum placeat. Amet provident eius voluptatem quo consectetur incidunt. Ea aut laudantium non assumenda. A sint beatae vero sint fuga aliquam et. Iste repellendus corrupti aut beatae voluptatem dicta repudiandae.',1,1,'2016-05-02 06:10:53'),(994,19,11,'Et et quas sint illum. Aut laboriosam numquam eligendi commodi. Et rerum voluptas itaque doloremque perferendis est.',0,1,'2014-02-02 12:55:02'),(995,195,144,'Nulla libero quisquam ut necessitatibus. Necessitatibus maxime magnam itaque dolor. Libero cum dolorum vitae veniam quidem expedita qui.',1,1,'2017-11-17 06:18:56'),(996,135,42,'Consequatur ut atque facere quas occaecati. Vitae iste consequatur enim atque qui veniam temporibus quibusdam. Neque dicta quae voluptas suscipit reiciendis velit omnis.',0,0,'2014-03-06 16:55:04'),(997,4,93,'Fugit ipsum fugiat cum recusandae consequatur quam molestiae. Sed voluptatem delectus molestiae modi non eligendi dolor ut. Reiciendis corrupti eos perspiciatis ut.',1,0,'2019-04-20 00:47:22'),(998,54,191,'Voluptates pariatur et quis quibusdam. Occaecati eos aliquam nisi unde suscipit laudantium adipisci. Sed labore vel quo consequatur. Vel saepe aspernatur voluptatem minus.',0,1,'2019-10-25 04:20:35'),(999,192,185,'Ipsam repellat est nostrum sint. Molestias velit unde aspernatur non culpa. Accusamus qui omnis quos eligendi consequatur.',0,0,'2019-12-30 12:38:07'),(1000,148,185,'Iure quia eum ut aliquid sit et magnam. Necessitatibus libero fugit qui vel dolorum dolorem omnis suscipit. Odio tenetur debitis dolor architecto aliquam. Dolores ipsa impedit aut quibusdam eum.',1,1,'2017-02-08 15:22:36'),(1002,28,93,'hello there',1,0,'2020-04-11 14:45:23'),(1003,28,93,'are u there?',0,1,'2020-04-11 14:45:23'),(1004,58,93,'hey, my darling',0,1,'2020-04-11 14:45:23');
/*!40000 ALTER TABLE `messages` ENABLE KEYS */;
UNLOCK TABLES;

--
-- Table structure for table `posts`
--

DROP TABLE IF EXISTS `posts`;
/*!40101 SET @saved_cs_client     = @@character_set_client */;
/*!50503 SET character_set_client = utf8mb4 */;
CREATE TABLE `posts` (
  `id` int unsigned NOT NULL AUTO_INCREMENT,
  `user_id` int unsigned NOT NULL,
  `community_id` int unsigned DEFAULT NULL,
  `head` varchar(255) DEFAULT NULL,
  `body` text NOT NULL,
  `media_id` int unsigned DEFAULT NULL,
  `created_at` datetime DEFAULT CURRENT_TIMESTAMP,
  `updated_at` datetime DEFAULT CURRENT_TIMESTAMP ON UPDATE CURRENT_TIMESTAMP,
  PRIMARY KEY (`id`),
  KEY `posts_user_id_fk` (`user_id`),
  KEY `posts_community_id_fk` (`community_id`),
  KEY `posts_media_id_fk` (`media_id`),
  CONSTRAINT `posts_community_id_fk` FOREIGN KEY (`community_id`) REFERENCES `communities` (`id`) ON DELETE CASCADE,
  CONSTRAINT `posts_media_id_fk` FOREIGN KEY (`media_id`) REFERENCES `media_types` (`id`) ON DELETE SET DEFAULT,
  CONSTRAINT `posts_user_id_fk` FOREIGN KEY (`user_id`) REFERENCES `users` (`id`) ON DELETE CASCADE
) ENGINE=InnoDB DEFAULT CHARSET=utf8mb4 COLLATE=utf8mb4_0900_ai_ci;
/*!40101 SET character_set_client = @saved_cs_client */;

--
-- Dumping data for table `posts`
--

LOCK TABLES `posts` WRITE;
/*!40000 ALTER TABLE `posts` DISABLE KEYS */;
/*!40000 ALTER TABLE `posts` ENABLE KEYS */;
UNLOCK TABLES;

--
-- Table structure for table `profiles`
--

DROP TABLE IF EXISTS `profiles`;
/*!40101 SET @saved_cs_client     = @@character_set_client */;
/*!50503 SET character_set_client = utf8mb4 */;
CREATE TABLE `profiles` (
  `user_id` int unsigned NOT NULL,
  `gender` char(1) CHARACTER SET utf8 COLLATE utf8_unicode_ci NOT NULL,
  `birthdate` date DEFAULT NULL,
  `city` varchar(100) CHARACTER SET utf8 COLLATE utf8_unicode_ci DEFAULT NULL,
  `country` varchar(100) CHARACTER SET utf8 COLLATE utf8_unicode_ci DEFAULT NULL,
  `photo_id` int unsigned NOT NULL,
  `created_at` datetime DEFAULT CURRENT_TIMESTAMP,
  `updated_at` datetime DEFAULT CURRENT_TIMESTAMP ON UPDATE CURRENT_TIMESTAMP,
  PRIMARY KEY (`user_id`),
  KEY `profiles_photo_id_fk` (`photo_id`),
  CONSTRAINT `profiles_photo_id_fk` FOREIGN KEY (`photo_id`) REFERENCES `media` (`id`) ON DELETE SET DEFAULT,
  CONSTRAINT `profiles_user_id_fk` FOREIGN KEY (`user_id`) REFERENCES `users` (`id`) ON DELETE CASCADE
) ENGINE=InnoDB DEFAULT CHARSET=utf8 COLLATE=utf8_unicode_ci;
/*!40101 SET character_set_client = @saved_cs_client */;

--
-- Dumping data for table `profiles`
--

LOCK TABLES `profiles` WRITE;
/*!40000 ALTER TABLE `profiles` DISABLE KEYS */;
INSERT INTO `profiles` VALUES (1,'u','2000-03-22','South Adeline','Uzbekistan',1,'2013-04-19 01:51:39','2019-01-11 18:08:31'),(2,'m','2011-09-24','Port Newell','Iceland',2,'2011-05-30 18:43:42','2020-04-02 18:16:02'),(3,'m','2011-08-08','Wizaborough','China',3,'2017-01-07 16:48:53','2020-04-02 18:16:02'),(4,'u','1996-06-06','North Osborneberg','Wallis and Futuna',4,'2012-07-16 09:59:41','2013-10-15 13:11:16'),(5,'u','1978-07-16','Billieborough','Saint Barthelemy',5,'2018-05-09 23:13:50','2020-04-02 18:16:02'),(6,'f','2005-09-04','North Sanfordfurt','Tonga',6,'2013-11-25 15:08:07','2014-08-28 20:50:08'),(7,'m','1994-04-26','Port Amparoshire','Pitcairn Islands',7,'2015-08-03 21:47:55','2018-02-24 14:58:57'),(8,'u','1993-02-19','West Garfield','Cocos (Keeling) Islands',8,'2016-04-18 12:01:32','2020-04-02 18:16:02'),(9,'m','1982-01-01','Dickensshire','Sierra Leone',9,'2011-09-04 05:41:01','2015-06-22 17:47:09'),(10,'m','2010-02-12','Lake Simeonport','Mayotte',10,'2017-12-19 05:28:11','2020-04-02 18:16:02'),(11,'m','1997-07-25','Watersville','Greece',11,'2018-03-30 07:39:01','2020-04-02 18:16:02'),(12,'f','1976-03-11','Lake Gaetanoburgh','Cayman Islands',12,'2018-09-29 16:29:52','2018-10-14 07:55:43'),(13,'m','2015-12-05','West Shyanne','Iceland',13,'2018-07-10 08:41:35','2020-04-02 18:16:02'),(14,'u','1984-04-06','Ryanstad','Sweden',14,'2017-08-24 20:36:03','2020-04-02 18:16:02'),(15,'f','1979-10-20','Wunschbury','Guatemala',15,'2013-01-03 11:40:17','2017-02-22 02:52:31'),(16,'f','1995-05-03','New Clintonhaven','Djibouti',16,'2020-02-17 10:50:37','2020-04-02 18:16:02'),(17,'u','1995-05-26','Stehrstad','Vanuatu',17,'2011-08-19 04:26:01','2015-08-08 02:22:25'),(18,'f','2005-03-06','Lake Brant','Jersey',18,'2015-12-05 14:58:17','2016-11-18 11:29:42'),(19,'f','2001-01-31','North Spencer','Suriname',19,'2014-11-16 13:34:49','2020-04-02 18:16:02'),(20,'m','2009-10-25','Beckermouth','Guadeloupe',20,'2010-05-29 16:18:45','2014-10-16 00:09:29'),(21,'u','1988-08-01','Lake Travonfurt','Ghana',21,'2018-01-21 22:17:45','2019-06-24 18:12:00'),(22,'f','1994-03-25','Port Phoebeton','Djibouti',22,'2016-03-09 07:40:38','2020-04-02 18:16:02'),(23,'m','1991-10-25','North Tremaine','Moldova',23,'2015-01-14 23:57:09','2015-03-10 23:27:39'),(24,'m','2003-05-24','Roobside','Anguilla',24,'2019-10-08 09:19:07','2020-04-02 18:16:02'),(25,'u','2015-05-29','Anjalibury','Martinique',25,'2019-10-03 05:21:58','2020-04-02 18:16:02'),(26,'u','2004-05-02','O\'Reillyfort','Suriname',26,'2016-08-03 19:51:23','2020-04-02 18:16:02'),(27,'m','1985-02-12','West Domenic','Reunion',27,'2012-10-16 09:49:51','2013-08-05 23:15:15'),(28,'f','1980-03-24','Jamirchester','Italy',28,'2015-01-31 20:39:04','2020-04-02 18:16:02'),(29,'u','2017-04-07','Amiechester','United States Virgin Islands',29,'2018-07-01 10:48:25','2020-04-02 18:16:02'),(30,'u','2020-02-06','East Edwardoview','Gibraltar',30,'2012-02-03 17:45:43','2018-11-23 21:21:27'),(31,'m','1977-01-02','Bartonborough','Montserrat',31,'2013-11-24 23:16:56','2015-08-02 22:31:15'),(32,'u','1976-01-29','Turcottefurt','Solomon Islands',32,'2012-10-16 15:02:34','2019-08-28 13:44:57'),(33,'m','1981-03-24','West Genesis','Aruba',33,'2019-09-07 17:06:20','2020-04-02 18:16:02'),(34,'u','2004-06-30','West Christamouth','Suriname',34,'2013-02-01 09:52:28','2016-08-12 11:10:51'),(35,'f','2014-07-31','Considineside','Niue',35,'2015-12-12 20:22:05','2020-04-02 18:16:02'),(36,'u','1993-07-01','West Selinaburgh','Czech Republic',36,'2018-02-25 06:40:04','2020-04-02 18:16:02'),(37,'m','1994-11-23','Kiannaburgh','Denmark',37,'2018-12-11 22:03:40','2020-04-02 18:16:02'),(38,'f','2018-06-14','Port Doviechester','Japan',38,'2018-07-03 18:23:54','2020-04-02 18:16:02'),(39,'u','2001-04-28','Balistrerihaven','Portugal',39,'2013-06-06 15:16:53','2015-08-30 19:46:05'),(40,'m','1970-09-25','Eulahville','Isle of Man',40,'2016-09-18 16:24:53','2018-11-04 21:04:57'),(41,'m','1981-11-29','Barrowshaven','Kiribati',41,'2018-06-07 07:02:15','2020-04-02 18:16:02'),(42,'m','1971-06-30','North Lowell','Central African Republic',42,'2019-05-07 17:55:26','2019-09-22 10:00:31'),(43,'m','1972-10-17','Isaiahhaven','Honduras',43,'2011-09-29 22:47:10','2015-12-17 12:36:27'),(44,'m','1983-02-19','Port Clarktown','Lao People\'s Democratic Republic',44,'2015-05-23 09:22:54','2015-07-23 20:25:36'),(45,'m','2010-02-13','Kiehnland','Nepal',45,'2016-06-04 22:44:08','2020-04-02 18:16:02'),(46,'u','2010-10-22','North Gladyce','Northern Mariana Islands',46,'2011-06-06 03:33:21','2018-05-03 14:57:44'),(47,'f','1996-10-15','Corrineport','Cameroon',47,'2019-01-09 14:37:33','2020-04-02 18:16:02'),(48,'u','1975-02-16','Lake Francisco','Vanuatu',48,'2013-10-07 13:34:54','2017-03-07 12:32:49'),(49,'u','1975-04-11','Nicolaville','Portugal',49,'2020-01-22 08:38:15','2020-04-02 18:16:02'),(50,'f','1992-06-08','Ebbaport','Bulgaria',50,'2010-06-25 05:01:20','2015-09-11 05:42:42'),(51,'u','1983-12-07','Sauerfort','Bahrain',51,'2014-10-17 02:08:39','2017-01-23 11:55:44'),(52,'m','1992-09-11','Lake Sheridan','Botswana',52,'2013-09-28 16:59:19','2020-04-02 18:16:02'),(53,'f','1997-05-18','Schimmelshire','Haiti',53,'2017-02-16 12:01:22','2020-04-02 18:16:02'),(54,'f','2003-10-22','South Anabury','Aruba',54,'2012-01-30 19:02:54','2018-03-30 20:49:44'),(55,'u','2002-02-07','Angelinamouth','Brazil',55,'2010-04-06 17:34:46','2016-07-23 14:38:57'),(56,'m','1981-10-02','Ellamouth','United Arab Emirates',56,'2012-09-18 21:04:04','2013-05-03 04:32:07'),(57,'f','2016-10-06','Derekville','Iraq',57,'2015-04-03 10:37:16','2020-04-02 18:16:02'),(58,'u','1981-12-25','Lake Kylabury','Kiribati',58,'2018-01-18 00:24:47','2020-04-02 18:16:02'),(59,'u','2015-06-03','Gusikowskistad','Zambia',59,'2015-11-17 15:07:17','2020-04-02 18:16:02'),(60,'f','1997-12-24','New Jeromefort','United States of America',60,'2010-04-28 04:23:38','2014-11-29 03:38:54'),(61,'u','1999-07-30','East Jayceeborough','Angola',61,'2015-04-26 23:22:24','2020-04-02 18:16:02'),(62,'f','1989-03-25','West Bertramhaven','Ukraine',62,'2016-09-28 07:04:22','2019-09-17 19:46:52'),(63,'f','1973-02-27','South Saulmouth','Italy',63,'2013-02-20 01:35:40','2014-03-10 17:36:51'),(64,'m','1990-11-05','Lake Maudie','French Guiana',64,'2018-04-12 09:34:51','2020-04-02 18:16:02'),(65,'u','1985-05-08','Dickensville','Haiti',65,'2012-08-20 22:42:07','2019-12-28 19:19:24'),(66,'f','2003-11-23','Port Ahmad','Nicaragua',66,'2014-10-15 03:18:31','2020-02-01 08:30:49'),(67,'f','1976-08-29','Lake Wilhelm','Peru',67,'2013-11-02 16:21:29','2017-12-01 15:16:23'),(68,'f','1980-12-17','North Mohammedbury','Tanzania',68,'2019-09-09 06:27:12','2020-04-02 18:16:02'),(69,'u','1978-12-26','Loganville','Micronesia',69,'2011-08-16 05:45:13','2020-01-13 02:22:55'),(70,'f','2004-02-02','South Ameliachester','Belgium',70,'2019-07-10 01:46:37','2020-04-02 18:16:02'),(71,'m','1991-10-20','North Elsie','Colombia',71,'2011-04-18 03:06:22','2015-04-14 00:29:08'),(72,'u','1976-01-14','New Carole','Saint Barthelemy',72,'2011-09-16 14:16:45','2017-01-20 18:07:08'),(73,'f','1981-06-20','Jeremieton','Denmark',73,'2014-12-11 23:45:40','2016-03-30 17:20:09'),(74,'u','1979-06-27','East Tito','Algeria',74,'2013-09-11 09:21:59','2020-04-02 18:16:02'),(75,'f','1987-01-14','West Maryjaneton','Malawi',75,'2015-01-01 05:51:51','2020-04-02 18:16:02'),(76,'f','1989-01-28','Lake Mortonview','Cook Islands',76,'2017-07-19 00:17:36','2020-04-02 18:16:02'),(77,'u','1972-01-05','East Price','Peru',77,'2019-06-16 18:40:15','2019-11-10 03:47:33'),(78,'f','2003-01-06','Myleneside','Montserrat',78,'2019-01-07 23:36:10','2020-04-02 18:16:02'),(79,'m','2018-05-07','South Ameliaberg','New Zealand',79,'2018-05-26 07:59:37','2020-04-02 18:16:02'),(80,'u','1987-02-12','East Karina','Montserrat',80,'2011-11-12 02:12:41','2017-04-08 17:10:37'),(81,'m','1996-02-20','Kovacekchester','Qatar',81,'2011-04-13 05:41:59','2013-02-06 20:40:26'),(82,'m','2017-07-26','Marcusfurt','Syrian Arab Republic',82,'2017-05-22 18:16:19','2020-04-02 18:16:02'),(83,'u','1983-05-08','Wolffview','Aruba',83,'2015-06-16 03:15:57','2020-04-02 18:16:02'),(84,'f','1977-09-03','South Cornellside','Guadeloupe',84,'2012-05-13 02:55:54','2020-04-02 18:16:02'),(85,'u','1974-11-22','Modestaborough','Honduras',85,'2019-11-19 15:06:56','2020-04-02 18:16:02'),(86,'u','1990-09-13','Gutkowskitown','Armenia',86,'2012-02-14 18:22:18','2020-04-02 18:16:02'),(87,'f','1992-12-16','Port Gardner','United States Minor Outlying Islands',87,'2012-06-03 21:31:51','2017-11-22 18:01:56'),(88,'u','1994-09-19','Kerluketown','Gabon',88,'2012-10-28 20:33:47','2015-01-31 23:49:11'),(89,'f','1975-10-03','Hilpertview','Russian Federation',89,'2013-09-06 15:43:08','2019-10-16 22:50:02'),(90,'u','2019-04-25','Romanhaven','Falkland Islands (Malvinas)',90,'2013-05-18 00:59:20','2020-04-02 18:16:02'),(91,'m','2017-03-27','Port Earnest','Tunisia',91,'2020-03-14 11:44:45','2020-04-02 18:16:02'),(92,'m','1980-07-03','Marianahaven','Saint Martin',92,'2018-03-16 14:22:02','2020-04-02 18:16:02'),(93,'f','1991-10-06','Sylvestershire','France',93,'2014-12-23 00:13:59','2020-04-02 18:16:02'),(94,'m','2001-09-20','Lake Mialand','Anguilla',94,'2012-04-07 15:09:49','2016-07-09 10:35:46'),(95,'f','1972-06-13','Tillmanhaven','Montserrat',95,'2014-03-22 00:19:27','2014-05-17 17:30:03'),(96,'m','1971-04-17','Trevionburgh','Benin',96,'2012-02-23 05:58:55','2019-06-18 09:30:26'),(97,'m','1999-04-23','Monteville','Angola',97,'2011-05-03 10:34:46','2017-12-14 20:47:56'),(98,'f','1997-12-23','Gibsonshire','Comoros',98,'2018-04-15 07:57:17','2020-04-02 18:16:02'),(99,'f','2015-07-16','Port Joannieburgh','United Arab Emirates',99,'2010-09-05 00:06:09','2019-06-06 12:13:49'),(100,'m','1983-10-14','Lake Ambrosehaven','Egypt',100,'2017-08-11 08:21:49','2019-03-24 08:12:50'),(101,'m','1987-08-09','Zacharyton','French Southern Territories',101,'2014-08-13 14:53:52','2020-04-02 18:16:02'),(102,'u','1996-01-13','Schuppebury','Mali',102,'2011-05-03 08:31:31','2015-08-05 20:48:23'),(103,'m','1999-06-30','Lowehaven','Antigua and Barbuda',103,'2011-07-18 14:07:56','2011-12-07 06:38:23'),(104,'f','2001-12-17','South Leonemouth','Brunei Darussalam',104,'2010-06-16 11:04:28','2019-12-01 11:58:25'),(105,'u','2007-04-27','Rachellechester','Cape Verde',105,'2012-01-25 16:04:49','2012-07-27 17:46:45'),(106,'m','1977-05-26','South Leif','Tunisia',106,'2014-12-17 07:15:42','2018-04-26 00:03:52'),(107,'f','2004-04-19','Boscochester','Thailand',107,'2012-08-04 15:34:50','2015-01-13 09:19:59'),(108,'m','2013-10-21','West Emanuelview','Micronesia',108,'2012-12-26 09:46:02','2020-04-02 18:16:02'),(109,'u','1983-09-07','Whitefort','Togo',109,'2016-11-26 14:57:23','2020-04-02 18:16:02'),(110,'f','1970-04-15','Clinthaven','South Africa',110,'2012-09-21 15:52:38','2017-01-04 08:39:57'),(111,'m','1990-10-14','Hagenesmouth','Serbia',111,'2016-08-14 17:42:12','2020-04-02 18:16:02'),(112,'u','1975-08-08','Santinatown','Svalbard & Jan Mayen Islands',112,'2012-10-21 15:25:10','2017-12-31 16:14:55'),(113,'u','2009-03-10','West Coralieland','Faroe Islands',113,'2015-10-31 22:18:25','2018-09-26 00:37:52'),(114,'f','1992-02-03','New Cierra','Tajikistan',114,'2016-10-07 15:37:18','2017-07-14 02:34:56'),(115,'u','1974-03-31','Dinohaven','Belarus',115,'2018-09-18 04:35:10','2020-04-02 18:16:02'),(116,'m','1992-07-10','Newtonfort','Uruguay',116,'2014-03-13 06:13:00','2016-11-03 15:13:55'),(117,'f','1985-11-30','Russelmouth','Guam',117,'2015-05-28 12:55:59','2020-04-02 18:16:02'),(118,'f','1988-06-04','New Vaughntown','Hong Kong',118,'2014-12-10 07:43:59','2015-10-16 05:15:47'),(119,'m','1972-02-17','East Mireya','Kazakhstan',119,'2017-04-13 10:38:27','2020-04-02 18:16:02'),(120,'f','1990-08-21','Angelafort','New Zealand',120,'2012-08-23 17:13:01','2014-09-03 05:29:26'),(121,'m','1987-08-01','West Marysehaven','Bangladesh',121,'2010-10-13 02:20:32','2017-06-11 19:58:08'),(122,'m','1994-10-23','Geraldtown','Senegal',122,'2015-01-23 11:50:40','2018-06-08 06:40:20'),(123,'m','2008-11-27','West Edmund','Somalia',123,'2013-10-03 08:17:23','2016-11-28 06:49:33'),(124,'u','2016-11-27','Joanneburgh','Svalbard & Jan Mayen Islands',124,'2011-11-26 00:03:59','2012-09-26 08:41:48'),(125,'f','1981-05-27','West Wellingtonmouth','Svalbard & Jan Mayen Islands',125,'2019-03-08 12:39:38','2020-04-02 18:16:02'),(126,'m','1995-12-09','East Lauriane','Latvia',126,'2015-01-12 09:05:31','2020-04-02 18:16:02'),(127,'u','2017-11-27','West Georgettestad','United States of America',127,'2013-12-21 05:13:57','2016-03-16 04:01:47'),(128,'m','2018-07-21','Lake Jammieshire','Andorra',128,'2015-08-19 00:23:47','2020-04-02 18:16:02'),(129,'f','1983-11-19','Emardburgh','Nauru',129,'2014-09-02 11:24:47','2016-01-31 01:20:07'),(130,'u','1979-02-04','Lake Zoie','Turkmenistan',130,'2017-01-07 14:55:45','2020-04-02 18:16:02'),(131,'m','2010-12-02','Harrismouth','New Zealand',131,'2010-08-06 11:09:31','2016-08-25 06:06:44'),(132,'m','1988-10-17','Port Agustinmouth','Bermuda',132,'2015-05-28 11:03:29','2020-04-02 18:16:02'),(133,'f','2011-05-15','New Wilmermouth','Nicaragua',133,'2014-12-29 09:24:58','2018-08-06 09:09:44'),(134,'m','2002-12-02','West Nayeliside','Afghanistan',134,'2010-05-26 19:57:15','2012-12-07 18:36:05'),(135,'u','2002-08-23','New Llewellynton','Sudan',135,'2017-06-03 16:21:18','2020-04-02 18:16:02'),(136,'u','1997-05-18','Denisborough','Ireland',136,'2014-12-23 22:23:15','2020-04-02 18:16:02'),(137,'m','1972-06-15','East Eldonborough','Cape Verde',137,'2017-06-11 12:07:15','2020-04-02 18:16:02'),(138,'f','2014-04-09','Yazminchester','Ecuador',138,'2010-12-11 09:23:15','2020-04-02 18:16:02'),(139,'f','1995-01-14','Port Newtonhaven','Iran',139,'2019-10-04 22:15:55','2020-04-02 18:16:02'),(140,'u','1987-01-25','Cruickshankmouth','Azerbaijan',140,'2019-04-27 05:42:43','2020-04-02 18:16:02'),(141,'m','1991-02-15','Port Cindyfort','Niger',141,'2012-08-10 04:36:04','2014-02-08 20:16:40'),(142,'m','1991-06-26','West Orlo','Turkmenistan',142,'2012-09-11 22:34:46','2017-06-20 08:57:27'),(143,'m','1986-11-11','New Kira','United Arab Emirates',143,'2017-08-22 08:47:14','2020-04-02 18:16:02'),(144,'u','1991-04-16','Wittingland','Comoros',144,'2014-05-11 09:20:03','2014-08-03 22:36:41'),(145,'f','1990-07-11','East Roryfort','Malaysia',145,'2013-08-10 12:47:56','2016-07-22 07:06:52'),(146,'u','2018-10-11','Gregoryport','Cyprus',146,'2015-11-28 09:46:25','2018-07-23 19:18:07'),(147,'u','1972-09-30','Leilachester','Ukraine',147,'2018-11-18 02:10:15','2020-04-02 18:16:02'),(148,'u','1998-11-19','South Koryside','Guyana',148,'2013-08-06 12:27:45','2020-04-02 18:16:02'),(149,'u','1972-11-12','Port Stephenborough','Sierra Leone',149,'2018-10-05 02:06:47','2020-04-02 18:16:02'),(150,'f','1989-12-03','Stephonfort','Sao Tome and Principe',150,'2012-04-01 06:36:58','2017-07-25 10:58:30'),(151,'f','1999-11-16','Reingerchester','Belarus',151,'2011-06-25 17:50:09','2018-12-16 08:06:36'),(152,'u','1972-01-25','Spinkahaven','Zambia',152,'2011-02-02 23:30:05','2014-08-16 11:43:49'),(153,'f','2020-03-03','Thoraland','Spain',153,'2012-09-04 00:19:38','2017-02-23 07:45:09'),(154,'u','1984-09-12','Kozeychester','Japan',154,'2020-02-17 21:26:38','2020-04-02 18:16:02'),(155,'m','1991-11-20','Rubyhaven','Guadeloupe',155,'2011-06-14 07:28:15','2018-06-12 19:06:23'),(156,'u','1977-07-05','Vaughnstad','Slovakia (Slovak Republic)',156,'2010-06-02 08:38:07','2012-09-08 00:20:02'),(157,'u','1988-06-25','North Johnathonhaven','Nigeria',157,'2013-12-29 14:53:01','2016-05-13 09:38:50'),(158,'m','2014-07-16','Effertzside','Aruba',158,'2015-02-02 02:55:55','2019-08-06 07:42:03'),(159,'m','1972-08-12','South Ludwig','Australia',159,'2017-07-13 20:50:40','2020-04-02 18:16:02'),(160,'f','2003-09-26','Pollichmouth','Macedonia',160,'2015-11-11 03:49:01','2020-04-02 18:16:02'),(161,'u','1999-04-10','South Magdalentown','Togo',161,'2015-02-24 10:06:25','2020-04-02 18:16:02'),(162,'u','1993-05-15','Mablemouth','Thailand',162,'2010-12-07 06:02:55','2013-01-16 04:42:06'),(163,'m','1980-02-28','North Emeliaborough','French Guiana',163,'2012-07-20 09:59:50','2019-04-13 22:58:24'),(164,'m','1980-09-23','Janebury','British Indian Ocean Territory (Chagos Archipelago)',164,'2020-01-26 15:43:48','2020-04-02 18:16:02'),(165,'u','2001-11-02','Lake Lavadaport','Brunei Darussalam',165,'2011-02-19 02:08:16','2020-04-02 18:16:02'),(166,'u','2019-04-20','New Lilla','Latvia',166,'2013-07-10 00:48:54','2016-10-07 22:35:21'),(167,'u','1983-03-17','Stammside','Swaziland',167,'2013-01-01 21:45:25','2017-07-13 21:34:39'),(168,'m','1976-02-25','Dominicshire','Zambia',168,'2020-02-10 10:29:44','2020-04-02 18:16:02'),(169,'f','1999-06-30','West Leeland','Nigeria',169,'2014-03-21 02:36:51','2015-02-03 10:49:46'),(170,'f','1985-02-03','Zemlakchester','Costa Rica',170,'2013-03-30 13:53:30','2015-02-01 07:54:25'),(171,'m','1988-09-14','Lake Maynardchester','Thailand',171,'2019-05-24 09:03:53','2020-04-02 18:16:02'),(172,'u','2006-09-21','Schaeferbury','Germany',172,'2017-07-08 06:36:44','2018-11-09 20:24:35'),(173,'u','2012-01-09','New Lamarstad','Israel',173,'2018-08-24 04:44:41','2020-04-02 18:16:02'),(174,'u','1986-04-02','South Vickiemouth','Seychelles',174,'2020-01-08 01:35:56','2020-04-02 18:16:02'),(175,'f','2017-04-13','North Oswaldoshire','Niue',175,'2012-09-18 17:18:34','2017-03-24 12:54:45'),(176,'m','1992-12-11','New Inesport','Tajikistan',176,'2010-08-26 17:54:27','2019-01-30 16:41:53'),(177,'u','1975-12-08','Hermanberg','United States Virgin Islands',177,'2012-06-06 12:04:10','2020-04-02 18:16:02'),(178,'f','1972-09-08','North Rosie','Indonesia',178,'2014-06-18 13:05:42','2020-04-02 18:16:02'),(179,'f','1998-05-11','Kilbacktown','Antigua and Barbuda',179,'2013-03-13 07:45:09','2013-06-25 12:37:54'),(180,'f','1999-07-10','Yvettemouth','Morocco',180,'2018-10-27 05:19:03','2019-10-30 20:39:59'),(181,'m','1989-05-18','Dionstad','Turkmenistan',181,'2014-12-17 17:09:35','2015-04-06 14:36:03'),(182,'m','1979-06-03','Lake Kadenside','Tajikistan',182,'2014-08-09 03:21:11','2017-03-24 17:05:40'),(183,'f','2009-11-15','South Liza','Heard Island and McDonald Islands',183,'2020-03-24 16:48:16','2020-04-02 18:16:02'),(184,'u','1984-05-06','Rathborough','Reunion',184,'2018-09-28 20:41:34','2020-04-02 18:16:02'),(185,'f','1992-01-11','West Ernestine','Kuwait',185,'2012-02-04 08:32:08','2020-03-21 11:24:38'),(186,'u','1978-11-12','Luisaberg','Argentina',186,'2019-07-24 22:08:47','2020-04-02 18:16:02'),(187,'u','2005-10-09','Port Carolanne','Cyprus',187,'2011-10-12 09:15:34','2017-11-30 09:22:44'),(188,'u','2002-11-20','West Genesisville','Argentina',188,'2019-01-01 18:44:57','2020-04-02 18:16:02'),(189,'m','2007-07-03','North Grady','Liechtenstein',189,'2019-03-09 22:04:59','2020-04-02 18:16:02'),(190,'m','1971-01-29','Port Mariah','Israel',190,'2019-09-02 12:05:42','2020-04-02 18:16:02'),(191,'m','2017-04-16','Port Kamrenhaven','Sudan',191,'2013-03-22 15:12:59','2020-04-02 18:16:02'),(192,'f','2003-10-22','Kodyton','Papua New Guinea',192,'2015-02-16 09:07:03','2016-10-02 10:54:54'),(193,'u','2012-06-08','West Ivy','Tunisia',193,'2013-03-15 04:08:21','2018-02-05 01:30:12'),(194,'u','2011-11-01','East Leilafort','Sweden',194,'2014-12-20 04:05:15','2020-04-02 18:16:02'),(195,'u','1970-01-04','Johnstonchester','Estonia',195,'2019-09-11 18:05:15','2020-04-02 18:16:02'),(196,'f','1991-07-06','Jaquelinemouth','Japan',196,'2015-03-19 20:22:51','2020-04-02 18:16:02'),(197,'u','2014-11-03','Ahmedchester','American Samoa',197,'2019-12-21 17:22:51','2020-04-02 18:16:02'),(198,'f','2006-05-10','Lednerstad','Luxembourg',198,'2015-04-27 23:42:02','2018-06-09 12:48:36'),(199,'u','1980-05-27','South Justenton','Finland',199,'2017-04-01 13:16:47','2019-11-28 11:07:44'),(200,'f','1992-07-03','New Mossiebury','Ethiopia',200,'2012-04-14 17:54:47','2013-08-17 13:30:50');
/*!40000 ALTER TABLE `profiles` ENABLE KEYS */;
UNLOCK TABLES;

--
-- Table structure for table `target_types`
--

DROP TABLE IF EXISTS `target_types`;
/*!40101 SET @saved_cs_client     = @@character_set_client */;
/*!50503 SET character_set_client = utf8mb4 */;
CREATE TABLE `target_types` (
  `id` int unsigned NOT NULL AUTO_INCREMENT,
  `name` varchar(255) NOT NULL,
  `created_at` datetime DEFAULT CURRENT_TIMESTAMP,
  PRIMARY KEY (`id`),
  UNIQUE KEY `name` (`name`)
) ENGINE=InnoDB AUTO_INCREMENT=5 DEFAULT CHARSET=utf8mb4 COLLATE=utf8mb4_0900_ai_ci;
/*!40101 SET character_set_client = @saved_cs_client */;

--
-- Dumping data for table `target_types`
--

LOCK TABLES `target_types` WRITE;
/*!40000 ALTER TABLE `target_types` DISABLE KEYS */;
INSERT INTO `target_types` VALUES (1,'messages','2020-04-08 12:34:57'),(2,'users','2020-04-08 12:34:57'),(3,'media','2020-04-08 12:34:57'),(4,'posts','2020-04-08 12:34:57');
/*!40000 ALTER TABLE `target_types` ENABLE KEYS */;
UNLOCK TABLES;

--
-- Table structure for table `users`
--

DROP TABLE IF EXISTS `users`;
/*!40101 SET @saved_cs_client     = @@character_set_client */;
/*!50503 SET character_set_client = utf8mb4 */;
CREATE TABLE `users` (
  `id` int unsigned NOT NULL AUTO_INCREMENT,
  `first_name` varchar(100) CHARACTER SET utf8 COLLATE utf8_unicode_ci NOT NULL,
  `last_name` varchar(100) CHARACTER SET utf8 COLLATE utf8_unicode_ci NOT NULL,
  `email` varchar(120) CHARACTER SET utf8 COLLATE utf8_unicode_ci NOT NULL,
  `phone` varchar(20) COLLATE utf8_unicode_ci NOT NULL,
  `created_at` datetime DEFAULT CURRENT_TIMESTAMP,
  `updated_at` datetime DEFAULT CURRENT_TIMESTAMP ON UPDATE CURRENT_TIMESTAMP,
  PRIMARY KEY (`id`),
  UNIQUE KEY `email` (`email`),
  UNIQUE KEY `phone` (`phone`),
  UNIQUE KEY `phone_2` (`phone`)
) ENGINE=InnoDB AUTO_INCREMENT=201 DEFAULT CHARSET=utf8 COLLATE=utf8_unicode_ci;
/*!40101 SET character_set_client = @saved_cs_client */;

--
-- Dumping data for table `users`
--

LOCK TABLES `users` WRITE;
/*!40000 ALTER TABLE `users` DISABLE KEYS */;
INSERT INTO `users` VALUES (1,'Ryley','Gislason','pattie.gaylord@example.net','+679-9972-951-75-87','2019-12-02 07:15:00','2020-04-02 19:30:38'),(2,'Manuela','Heller','thiel.maegan@example.org','+108-9439-454-22-55','2019-10-21 22:15:23','2020-04-02 19:30:38'),(3,'Lonzo','Hayes','mckayla51@example.org','+124-1020-221-42-48','2010-06-11 18:42:04','2020-04-02 19:30:38'),(4,'Martine','Glover','adolf32@example.org','+78-842-266-69-81','2019-04-20 00:47:22','2020-04-02 19:30:38'),(5,'Annabell','Towne','kolby94@example.com','+991-5598-838-47-69','2019-10-04 01:10:45','2020-04-02 19:30:38'),(6,'Telly','Barrows','gdenesik@example.org','+63-3114-430-90-46','2016-10-03 20:19:44','2020-04-02 19:30:38'),(7,'Ford','Herzog','gconroy@example.org','+322-3985-121-92-59','2010-05-23 21:08:50','2020-04-02 19:30:38'),(8,'Domenic','Willms','qeffertz@example.org','+984-2700-454-24-66','2010-07-06 20:52:31','2020-04-02 19:30:38'),(9,'Mertie','Parisian','allen15@example.net','+667-4454-301-79-31','2017-02-20 18:26:13','2020-04-02 19:30:38'),(10,'Anabelle','Sporer','goyette.mike@example.net','+847-5234-165-80-77','2011-05-28 11:21:33','2020-04-02 19:30:38'),(11,'Art','Swaniawski','graham.koelpin@example.com','+423-8307-893-91-95','2015-04-19 11:00:26','2020-04-02 19:30:38'),(12,'Cierra','Kozey','goldner.mackenzie@example.com','+23-2442-236-12-70','2014-03-05 14:41:20','2020-04-02 19:30:38'),(13,'Wilhelm','Ward','berenice12@example.org','+297-4643-484-76-49','2014-03-28 14:34:55','2020-04-02 19:30:38'),(14,'Jeanne','Kunze','calista73@example.net','+4-6741-422-78-79','2015-08-10 07:14:50','2020-04-02 19:30:38'),(15,'Davon','Bosco','sabernathy@example.org','+600-6563-529-47-69','2012-01-09 08:44:04','2020-04-02 19:30:38'),(16,'Wilfredo','Brown','waino06@example.com','+60-3118-439-94-65','2015-06-04 02:46:58','2020-04-02 19:30:38'),(17,'Selena','Barrows','ostehr@example.com','+276-5046-723-94-70','2012-06-30 05:24:32','2020-04-02 19:30:38'),(18,'Sabrina','Morissette','rollin.denesik@example.net','+538-6602-714-48-21','2017-07-24 20:17:14','2020-04-02 19:30:38'),(19,'Reginald','Conn','owolff@example.net','+354-3745-827-91-25','2014-02-02 12:55:02','2020-04-02 19:30:38'),(20,'Merlin','Windler','leilani.frami@example.com','+129-1102-247-53-94','2013-05-28 10:52:05','2020-04-02 19:30:38'),(21,'Rocio','Haag','wehner.libby@example.net','+298-6323-340-48-44','2010-09-20 16:42:24','2020-04-02 19:30:38'),(22,'Joshua','Wisoky','dickens.amber@example.com','+625-9648-952-85-43','2015-10-12 16:57:10','2020-04-02 19:30:38'),(23,'Eleazar','Rodriguez','jaunita58@example.com','+347-6113-112-30-21','2011-10-12 07:39:35','2020-04-02 19:30:38'),(24,'Zola','Lockman','reichel.erika@example.net','+962-4156-269-71-90','2016-04-27 08:50:09','2020-04-02 19:30:38'),(25,'Cleora','Labadie','macejkovic.demarcus@example.com','+454-5515-453-37-43','2013-11-05 01:46:39','2020-04-02 19:30:38'),(26,'Deangelo','Wisozk','raven.heller@example.com','+935-5599-991-34-47','2015-11-26 08:49:05','2020-04-02 19:30:38'),(27,'Ida','Douglas','hgerhold@example.net','+249-9969-312-27-31','2015-07-03 22:43:45','2020-04-02 19:30:38'),(28,'Keely','Brown','botsford.moshe@example.net','+657-5537-813-37-22','2014-12-09 05:46:06','2020-04-02 19:30:38'),(29,'Mercedes','Bernier','xbins@example.com','+807-6064-646-29-35','2011-11-24 06:20:13','2020-04-02 19:30:38'),(30,'Enoch','Kunde','lesley01@example.com','+762-9584-552-66-71','2018-03-14 07:13:41','2020-04-02 19:30:38'),(31,'Dario','Bednar','gsteuber@example.net','+518-5326-195-93-41','2012-01-05 20:15:35','2020-04-02 19:30:38'),(32,'Tony','Goyette','june.rippin@example.net','+973-8025-181-14-95','2015-07-29 00:03:21','2020-04-02 19:30:38'),(33,'Lea','Ritchie','nolan68@example.org','+657-4118-176-27-72','2015-01-12 21:52:06','2020-04-02 19:30:38'),(34,'Naomi','Herzog','rudy.volkman@example.com','+927-5390-919-93-95','2015-08-25 15:40:15','2020-04-02 19:30:38'),(35,'Jordi','Herzog','sherwood.mitchell@example.com','+979-256-267-86-73','2012-05-05 12:30:57','2020-04-02 19:30:38'),(36,'Dorothy','Schuppe','wfritsch@example.net','+6-8922-496-56-38','2013-08-01 16:12:34','2020-04-02 19:30:38'),(37,'Bethany','Breitenberg','fahey.carey@example.net','+990-131-182-47-82','2012-08-30 17:58:25','2020-04-02 19:30:38'),(38,'Stefanie','Nienow','moen.alexandra@example.org','+804-5937-596-97-32','2014-04-29 04:37:20','2020-04-02 19:30:38'),(39,'Christ','Thiel','gdubuque@example.net','+294-7324-798-71-20','2012-11-06 13:53:04','2020-04-02 19:30:38'),(40,'Marianna','Nikolaus','klebsack@example.com','+505-1858-469-54-32','2013-11-07 23:40:22','2020-04-02 19:30:38'),(41,'Dexter','Heaney','jaida71@example.com','+791-1879-607-32-62','2018-09-10 06:33:59','2020-04-02 19:30:38'),(42,'Laron','Jones','katrine66@example.net','+170-903-944-48-38','2014-07-24 19:50:03','2020-04-02 19:30:38'),(43,'Dina','Casper','retta.marks@example.net','+316-6244-254-97-46','2016-09-29 02:09:09','2020-04-02 19:30:38'),(44,'Rahsaan','Zemlak','lemke.broderick@example.org','+71-1434-552-17-91','2019-03-09 19:15:58','2020-04-02 19:30:38'),(45,'Garland','Hand','albert08@example.com','+308-8090-205-24-50','2013-04-21 23:10:08','2020-04-02 19:30:38'),(46,'Vance','Lueilwitz','qmcglynn@example.com','+796-6145-713-60-80','2018-06-02 19:11:16','2020-04-02 19:30:38'),(47,'Sabryna','Reinger','karina44@example.org','+249-8783-677-61-94','2012-03-07 18:00:03','2020-04-02 19:30:38'),(48,'Evangeline','Mertz','greenfelder.emilia@example.com','+45-3644-715-39-62','2018-07-24 00:55:46','2020-04-02 19:30:38'),(49,'Angeline','Walker','germaine00@example.net','+986-1510-812-55-26','2010-08-11 17:17:39','2020-04-02 19:30:38'),(50,'Jeramie','Renner','ahmad05@example.org','+370-3086-488-30-87','2019-06-11 09:30:58','2020-04-02 19:30:38'),(51,'Verner','Kunde','ludwig.waelchi@example.org','+647-6329-297-27-41','2013-05-05 01:59:07','2020-04-02 19:30:38'),(52,'Rickey','Harber','tmcdermott@example.net','+136-6376-800-97-60','2013-12-28 04:24:35','2020-04-02 19:30:38'),(53,'Lucienne','Botsford','watson45@example.com','+916-8684-631-41-96','2015-02-27 21:57:04','2020-04-02 19:30:38'),(54,'Mckenna','Schimmel','daren.feest@example.com','+806-1260-286-68-69','2019-10-25 04:20:35','2020-04-02 19:30:38'),(55,'Janie','Considine','triston86@example.org','+368-8386-177-91-39','2014-05-14 18:59:57','2020-04-02 19:30:38'),(56,'Lily','Kuhic','margret65@example.org','+886-4507-633-64-35','2015-11-16 06:49:21','2020-04-02 19:30:38'),(57,'Janie','Murphy','xemmerich@example.com','+589-919-720-25-81','2017-10-23 16:08:40','2020-04-02 19:30:38'),(58,'Harvey','Greenfelder','kade77@example.net','+498-815-917-37-80','2016-07-04 15:28:06','2020-04-02 19:30:38'),(59,'Moses','Johnston','jermaine80@example.net','+59-9114-441-24-71','2019-10-09 01:49:46','2020-04-02 19:30:38'),(60,'Lexi','Deckow','lenore.witting@example.org','+957-7190-746-49-13','2018-01-13 02:10:12','2020-04-02 19:30:38'),(61,'Virgie','Monahan','adonis30@example.net','+860-1987-469-50-15','2013-07-26 02:24:02','2020-04-02 19:30:38'),(62,'Dora','D\'Amore','jtromp@example.com','+927-4602-563-27-48','2017-02-11 06:13:27','2020-04-02 19:30:38'),(63,'Jaylan','Green','golda.torphy@example.org','+574-5792-253-20-15','2015-10-20 07:11:47','2020-04-02 19:30:38'),(64,'Jude','Bernier','antonia12@example.org','+949-5771-131-49-19','2015-08-28 12:13:12','2020-04-02 19:30:38'),(65,'Zelma','Gibson','lilly.bartell@example.com','+187-6327-639-19-73','2011-02-08 02:54:29','2020-04-02 19:30:38'),(66,'Kiera','Greenfelder','sauer.pedro@example.org','+266-1882-226-22-34','2011-05-08 22:16:11','2020-04-02 19:30:38'),(67,'Jon','Walter','alana.trantow@example.net','+934-8687-582-16-78','2019-10-03 22:32:12','2020-04-02 19:30:38'),(68,'Nelle','Jenkins','mathilde68@example.org','+614-7693-102-72-56','2017-01-07 06:10:05','2020-04-02 19:30:38'),(69,'Joesph','Bergnaum','johnson.velva@example.org','+472-8102-669-75-79','2013-01-20 05:00:12','2020-04-02 19:30:38'),(70,'Elnora','Thompson','ydurgan@example.org','+707-1913-846-61-46','2017-05-05 01:12:02','2020-04-02 19:30:38'),(71,'Hailey','O\'Hara','sabbott@example.com','+305-3009-628-13-46','2012-03-28 17:58:03','2020-04-02 19:30:38'),(72,'Wyatt','Heidenreich','crooks.nathanial@example.com','+948-5144-751-17-30','2014-05-29 19:25:07','2020-04-02 19:30:38'),(73,'Norval','Miller','heaney.michale@example.net','+896-8036-393-29-21','2019-09-02 22:51:13','2020-04-02 19:30:38'),(74,'Gilberto','Mosciski','obie.marks@example.com','+963-4461-403-41-75','2014-09-05 07:19:44','2020-04-02 19:30:38'),(75,'Albin','Brakus','kenya27@example.org','+608-8534-495-66-87','2013-10-08 09:01:20','2020-04-02 19:30:38'),(76,'Nelson','Lang','sabina11@example.com','+420-5062-340-83-37','2010-12-05 00:36:19','2020-04-02 19:30:38'),(77,'Samanta','Kihn','keyon.wiegand@example.net','+52-3517-641-94-95','2018-03-06 08:01:05','2020-04-02 19:30:38'),(78,'Linnea','Blanda','hannah13@example.net','+959-9079-692-60-88','2013-07-22 02:44:52','2020-04-02 19:30:38'),(79,'Narciso','O\'Connell','tobin.beer@example.com','+713-9093-464-36-35','2012-11-02 18:24:02','2020-04-02 19:30:38'),(80,'Nina','Fritsch','heidenreich.gladyce@example.com','+529-7888-419-46-98','2013-01-06 10:17:09','2020-04-02 19:30:38'),(81,'Aurore','Kautzer','bernhard.kutch@example.com','+731-6787-277-94-25','2015-05-23 23:30:39','2020-04-02 19:30:38'),(82,'Hanna','Rippin','eriberto35@example.com','+7-5158-601-31-57','2010-06-23 09:20:43','2020-04-02 19:30:38'),(83,'Berta','Kovacek','aliza65@example.com','+927-525-528-30-72','2020-01-27 21:01:55','2020-04-02 19:30:38'),(84,'Angelo','Cronin','muller.lukas@example.net','+838-833-908-32-58','2010-10-16 10:32:31','2020-04-02 19:30:38'),(85,'Daren','Hodkiewicz','hickle.kelli@example.com','+973-2415-354-71-64','2019-02-10 03:59:15','2020-04-02 19:30:38'),(86,'Amparo','Yost','daniel.lowell@example.com','+985-924-552-31-71','2016-01-16 23:13:15','2020-04-02 19:30:38'),(87,'Nina','Bergnaum','myrtice.baumbach@example.net','+737-6151-874-51-74','2010-06-09 19:14:05','2020-04-02 19:30:38'),(88,'Marilou','Kshlerin','aletha19@example.com','+232-9923-337-40-93','2014-02-16 22:37:06','2020-04-02 19:30:38'),(89,'Monica','Nienow','reilly.jacobs@example.com','+631-3585-906-46-41','2015-03-09 14:21:06','2020-04-02 19:30:38'),(90,'Neoma','Schoen','hank.braun@example.com','+550-6862-800-84-86','2019-10-23 07:46:27','2020-04-02 19:30:38'),(91,'Doyle','Johnston','quitzon.casandra@example.net','+757-2279-876-66-62','2014-04-21 17:48:02','2020-04-02 19:30:38'),(92,'Telly','Prohaska','amos.crooks@example.net','+38-4225-997-74-65','2019-12-23 06:23:15','2020-04-02 19:30:38'),(93,'Anjali','Schaefer','isac16@example.net','+957-9132-721-73-55','2014-03-26 16:44:51','2020-04-02 19:30:38'),(94,'Bret','Kirlin','vella22@example.org','+402-4834-286-62-38','2020-01-14 23:50:56','2020-04-02 19:30:38'),(95,'Kara','Bednar','hattie07@example.com','+825-1782-469-56-43','2011-03-04 01:06:59','2020-04-02 19:30:38'),(96,'Breanna','Orn','sherman@example.com','+318-4634-424-46-97','2016-03-23 13:47:24','2020-04-02 19:30:38'),(97,'Ayden','Turner','schuster.toy@example.net','+667-3961-978-72-59','2016-05-02 04:42:58','2020-04-02 19:30:38'),(98,'Audreanne','Hudson','mallie09@example.net','+689-7788-842-80-52','2017-02-23 17:11:10','2020-04-02 19:30:38'),(99,'Josiah','Weber','wiza.nikko@example.org','+18-6594-316-30-46','2018-04-23 12:17:52','2020-04-02 19:30:38'),(100,'Felicita','Bashirian','murray.neva@example.net','+353-5494-717-79-87','2013-03-14 04:51:20','2020-04-02 19:30:38'),(101,'Godfrey','Larkin','beier.adelle@example.com','+969-2582-440-20-51','2015-05-06 04:47:02','2020-04-02 19:30:38'),(102,'Elizabeth','Schumm','reilly.beryl@example.org','+980-4994-597-33-70','2011-01-02 00:53:16','2020-04-02 19:30:38'),(103,'Onie','Bruen','willie.gusikowski@example.net','+597-9479-951-89-64','2018-04-14 16:00:34','2020-04-02 19:30:38'),(104,'Jackie','Bashirian','megane31@example.net','+379-678-280-81-45','2012-11-20 09:14:36','2020-04-02 19:30:38'),(105,'Elza','Schumm','corbin05@example.net','+593-7717-170-16-22','2014-07-17 05:41:22','2020-04-02 19:30:38'),(106,'Marvin','Hilpert','kunde.ayden@example.net','+488-151-647-10-25','2018-07-23 06:02:21','2020-04-02 19:30:38'),(107,'Viva','Schowalter','considine.eloy@example.com','+871-8370-611-39-95','2019-04-27 15:24:36','2020-04-02 19:30:38'),(108,'Loraine','Bayer','hodkiewicz.will@example.org','+794-989-198-32-92','2016-12-28 21:57:42','2020-04-02 19:30:38'),(109,'Clara','Smith','vcorwin@example.net','+864-5560-266-32-75','2019-09-21 17:06:00','2020-04-02 19:30:38'),(110,'Gene','Walsh','mweimann@example.com','+887-2442-600-14-62','2013-10-03 15:19:04','2020-04-02 19:30:38'),(111,'Ebba','Beer','uriel.ebert@example.net','+777-1331-396-32-33','2011-01-01 20:47:17','2020-04-02 19:30:38'),(112,'Rashad','Rogahn','kiana.kassulke@example.com','+571-630-639-82-33','2018-03-03 14:49:04','2020-04-02 19:30:38'),(113,'Charlotte','Franecki','janessa.ebert@example.org','+885-6379-575-75-16','2017-07-16 22:27:47','2020-04-02 19:30:38'),(114,'Mose','Bogan','dejuan91@example.org','+187-7059-969-73-70','2017-06-09 21:58:13','2020-04-02 19:30:38'),(115,'Irwin','Welch','glennie.o\'connell@example.net','+272-3111-761-76-56','2019-05-01 07:16:49','2020-04-02 19:30:38'),(116,'Rosemary','Maggio','adams.karine@example.org','+392-3828-762-57-51','2016-12-05 15:20:11','2020-04-02 19:30:38'),(117,'Virgie','Feeney','cruickshank.lauren@example.net','+720-2088-892-79-32','2017-04-15 08:36:04','2020-04-02 19:30:38'),(118,'Vicky','Balistreri','abarton@example.net','+945-9617-970-95-88','2014-05-26 15:31:35','2020-04-02 19:30:38'),(119,'Johnpaul','Kshlerin','eliza.von@example.net','+534-307-593-67-64','2015-04-11 08:32:31','2020-04-02 19:30:38'),(120,'Gregorio','Herman','smedhurst@example.org','+90-6282-881-50-71','2020-01-19 05:24:32','2020-04-02 19:30:38'),(121,'Jarrett','Fadel','graham.tyreek@example.net','+68-2749-252-11-63','2017-11-01 03:35:34','2020-04-02 19:30:38'),(122,'Modesta','Auer','sratke@example.com','+943-9151-768-96-65','2018-02-08 17:06:33','2020-04-02 19:30:38'),(123,'Missouri','Gibson','mgislason@example.org','+199-1337-161-93-54','2018-09-17 16:06:30','2020-04-02 19:30:38'),(124,'Pink','Collins','nreinger@example.com','+673-8715-402-15-38','2018-11-23 15:05:23','2020-04-02 19:30:38'),(125,'Gertrude','O\'Hara','darrick.grimes@example.org','+415-1121-380-29-26','2010-05-14 16:42:28','2020-04-02 19:30:38'),(126,'Al','Turcotte','diana.hoppe@example.net','+250-6989-768-65-87','2015-01-21 04:44:42','2020-04-02 19:30:38'),(127,'Marianne','Casper','ytrantow@example.net','+471-7602-448-68-20','2013-02-12 21:27:17','2020-04-02 19:30:38'),(128,'Cedrick','Cummerata','jadon19@example.com','+598-6578-541-53-94','2014-01-26 17:29:34','2020-04-02 19:30:38'),(129,'Arielle','Aufderhar','reynolds.baron@example.com','+287-5926-190-74-39','2017-01-07 23:44:59','2020-04-02 19:30:38'),(130,'Reinhold','McClure','bquigley@example.com','+475-3872-556-43-41','2014-10-26 19:01:07','2020-04-02 19:30:38'),(131,'Aiyana','Deckow','evan.prohaska@example.com','+644-1629-890-90-90','2018-02-09 11:21:18','2020-04-02 19:30:38'),(132,'Erika','Bechtelar','pamela.hoeger@example.com','+794-2630-936-86-55','2011-06-28 05:39:14','2020-04-02 19:30:38'),(133,'Zoie','Wintheiser','shields.selmer@example.com','+990-4117-176-26-71','2018-12-31 20:05:53','2020-04-02 19:30:38'),(134,'Brando','Bogisich','alexandria.hyatt@example.org','+894-4004-383-43-92','2017-07-10 22:49:22','2020-04-02 19:30:38'),(135,'Bertha','Trantow','stroman.deron@example.com','+496-7125-165-30-91','2011-04-21 16:42:06','2020-04-02 19:30:38'),(136,'Lorna','Feil','chelsie80@example.net','+911-8044-356-11-28','2010-06-21 20:34:15','2020-04-02 19:30:38'),(137,'Trystan','West','konopelski.mara@example.com','+16-4481-272-64-53','2018-05-22 07:40:00','2020-04-02 19:30:38'),(138,'Aylin','Wyman','esteban.luettgen@example.net','+601-5487-941-13-42','2019-03-18 02:29:49','2020-04-02 19:30:38'),(139,'Blanca','Raynor','akoepp@example.com','+723-5227-497-67-88','2015-08-25 14:00:58','2020-04-02 19:30:38'),(140,'Beryl','Lindgren','larkin.maureen@example.net','+480-7626-432-60-72','2011-12-21 07:48:53','2020-04-02 19:30:38'),(141,'Cordie','Stanton','reynolds.joany@example.net','+814-9754-488-30-87','2019-07-28 20:43:03','2020-04-02 19:30:38'),(142,'Gardner','Feil','lemke.fern@example.org','+642-6112-214-81-65','2019-08-05 20:38:54','2020-04-02 19:30:38'),(143,'Claire','Simonis','obie96@example.com','+706-6721-314-25-24','2012-05-25 21:03:25','2020-04-02 19:30:38'),(144,'Josiane','Davis','reilly.kendrick@example.net','+281-9247-799-20-32','2011-05-27 07:20:09','2020-04-02 19:30:38'),(145,'Jada','Miller','german17@example.com','+908-7903-300-76-15','2011-08-25 12:37:17','2020-04-02 19:30:38'),(146,'Teresa','Leuschke','daisy.hintz@example.org','+62-1311-521-94-40','2018-05-25 14:39:32','2020-04-02 19:30:38'),(147,'Amira','Strosin','tillman.hermann@example.net','+871-3295-126-24-73','2012-11-24 22:46:30','2020-04-02 19:30:38'),(148,'Tianna','Cruickshank','raymundo.schiller@example.com','+88-3000-311-34-69','2015-03-06 12:53:39','2020-04-02 19:30:38'),(149,'Mia','Walsh','misael.fay@example.com','+510-5550-317-58-98','2017-03-10 04:13:37','2020-04-02 19:30:38'),(150,'Berenice','Kozey','barbara.dach@example.com','+362-8135-981-51-43','2018-06-23 11:59:49','2020-04-02 19:30:38'),(151,'Destiny','Wehner','elwin.kuphal@example.net','+469-2341-784-19-31','2011-08-28 17:35:00','2020-04-02 19:30:38'),(152,'Anastacio','Lynch','ytowne@example.org','+873-6613-713-48-18','2013-03-29 06:53:20','2020-04-02 19:30:38'),(153,'Rowena','Walsh','kyla19@example.com','+191-6698-797-87-11','2019-03-09 15:52:03','2020-04-02 19:30:38'),(154,'Charlie','Cormier','rollin.muller@example.net','+479-3478-369-50-42','2015-02-27 02:14:18','2020-04-02 19:30:38'),(155,'Jerel','Gibson','harber.enoch@example.com','+480-2999-151-44-77','2019-05-20 18:03:38','2020-04-02 19:30:38'),(156,'Crystal','Rowe','ila.hauck@example.org','+629-8762-542-84-71','2019-07-03 15:56:02','2020-04-02 19:30:38'),(157,'Matteo','Reynolds','hamill.damien@example.org','+961-7336-801-72-25','2019-07-08 23:12:24','2020-04-02 19:30:38'),(158,'Felicita','Baumbach','ocie.willms@example.com','+749-2367-938-94-95','2019-04-15 17:58:35','2020-04-02 19:30:38'),(159,'Emmy','Connelly','marisa.okuneva@example.org','+970-9572-885-54-86','2010-09-02 02:41:34','2020-04-02 19:30:38'),(160,'Tyshawn','Balistreri','javonte82@example.org','+830-5621-385-90-59','2011-07-24 01:56:41','2020-04-02 19:30:38'),(161,'Kelly','Dickinson','mervin23@example.com','+61-6509-161-44-76','2013-02-09 04:44:46','2020-04-02 19:30:38'),(162,'Ramona','Harris','hayden.schoen@example.com','+561-5692-244-18-98','2019-11-25 00:13:52','2020-04-02 19:30:38'),(163,'Gladys','Monahan','ellis60@example.org','+703-5246-559-97-43','2010-11-30 04:41:01','2020-04-02 19:30:38'),(164,'Tyra','Lockman','lbarton@example.org','+958-6535-449-97-76','2010-07-16 11:53:30','2020-04-02 19:30:38'),(165,'Amir','Blick','koch.korbin@example.com','+764-6013-738-76-64','2015-05-19 06:13:33','2020-04-02 19:30:38'),(166,'Imogene','Gulgowski','ismael66@example.org','+812-2294-737-86-23','2014-02-24 19:16:33','2020-04-02 19:30:38'),(167,'Herminia','Reichel','pollich.adrain@example.org','+168-4061-570-45-48','2015-01-04 08:21:45','2020-04-02 19:30:38'),(168,'Randal','Bergstrom','dcrona@example.com','+940-4216-355-24-93','2016-04-07 02:27:31','2020-04-02 19:30:38'),(169,'Rex','Upton','ereinger@example.net','+209-2400-612-21-93','2015-04-10 01:39:04','2020-04-02 19:30:38'),(170,'Tressa','Crona','mollie.reichel@example.com','+284-6229-333-48-42','2018-03-07 12:38:59','2020-04-02 19:30:38'),(171,'Gay','Beier','walker.elsie@example.org','+557-6800-754-63-81','2014-11-08 02:16:39','2020-04-02 19:30:38'),(172,'Alford','Koch','gharris@example.com','+246-8086-372-18-58','2017-12-27 17:55:16','2020-04-02 19:30:38'),(173,'Ibrahim','Lakin','ahaag@example.com','+438-5667-566-89-90','2015-06-11 19:41:27','2020-04-02 19:30:38'),(174,'Neal','Jaskolski','qhamill@example.net','+839-4924-946-30-38','2017-07-28 22:39:58','2020-04-02 19:30:38'),(175,'Forest','O\'Conner','kassulke.kylee@example.com','+926-6685-603-80-35','2015-06-12 13:38:43','2020-04-02 19:30:38'),(176,'Aisha','Cormier','stuart.steuber@example.com','+72-4893-306-70-73','2016-10-28 06:52:47','2020-04-02 19:30:38'),(177,'Miguel','Yost','braden99@example.org','+519-4625-777-43-67','2017-04-19 02:41:38','2020-04-02 19:30:38'),(178,'Hilario','Lehner','pacocha.luigi@example.org','+65-4015-830-86-86','2015-12-28 16:37:38','2020-04-02 19:30:38'),(179,'Aniyah','O\'Conner','dion.sporer@example.com','+694-9155-541-73-16','2016-02-05 12:56:49','2020-04-02 19:30:38'),(180,'Krystel','Murray','marty14@example.com','+230-9385-101-26-94','2018-04-10 04:32:57','2020-04-02 19:30:38'),(181,'Donavon','Wiegand','hand.twila@example.org','+173-193-618-83-45','2018-03-11 22:24:41','2020-04-02 19:30:38'),(182,'Einar','Denesik','farrell.gerald@example.com','+528-4419-658-79-13','2020-03-15 00:44:50','2020-04-02 19:30:38'),(183,'Quincy','Windler','ioberbrunner@example.com','+867-2148-521-72-17','2019-10-26 08:43:01','2020-04-02 19:30:38'),(184,'Rodrick','Reichel','anderson.zora@example.org','+349-4789-411-36-49','2014-09-08 20:17:13','2020-04-02 19:30:38'),(185,'Camryn','Harris','montana.schuppe@example.org','+343-3768-866-22-20','2010-06-28 06:20:17','2020-04-02 19:30:38'),(186,'Stefanie','Anderson','dkoch@example.org','+170-5089-129-66-16','2010-05-25 20:13:37','2020-04-02 19:30:38'),(187,'Shane','Gottlieb','bogisich.olga@example.net','+473-1427-362-12-35','2016-10-03 22:10:43','2020-04-02 19:30:38'),(188,'Collin','Wuckert','feeney.adrianna@example.com','+337-8265-208-20-32','2011-02-01 03:44:48','2020-04-02 19:30:38'),(189,'Dessie','Parisian','zfeil@example.net','+871-6175-524-55-21','2019-04-23 07:31:31','2020-04-02 19:30:38'),(190,'Talon','Moen','huel.trudie@example.com','+97-1151-353-15-53','2017-11-16 02:01:17','2020-04-02 19:30:38'),(191,'Amely','Auer','nheidenreich@example.com','+239-7356-961-61-13','2014-03-17 06:29:00','2020-04-02 19:30:38'),(192,'Gerardo','Schuppe','aron.lakin@example.net','+462-1877-594-26-34','2019-12-30 12:38:07','2020-04-02 19:30:38'),(193,'Royal','Wisoky','yfeil@example.org','+808-2300-749-91-48','2010-08-24 23:04:55','2020-04-02 19:30:38'),(194,'Loy','Powlowski','henry.kerluke@example.com','+401-7118-418-66-21','2019-05-12 16:45:34','2020-04-02 19:30:38'),(195,'Christelle','Abbott','deondre40@example.net','+712-1893-826-51-92','2017-11-17 06:18:56','2020-04-02 19:30:38'),(196,'Ramiro','Conn','kenna51@example.net','+235-3915-324-16-65','2011-12-22 21:33:00','2020-04-02 19:30:38'),(197,'Veda','Friesen','lurline29@example.org','+883-5564-217-97-56','2018-11-22 17:17:19','2020-04-02 19:30:38'),(198,'Jody','Lubowitz','jcremin@example.net','+661-7442-761-49-11','2018-09-24 09:33:41','2020-04-02 19:30:38'),(199,'Guillermo','Schiller','stephania.sipes@example.org','+751-7102-364-40-82','2017-12-04 17:21:28','2020-04-02 19:30:38'),(200,'Karelle','Kohler','darlene.ziemann@example.org','+55-8342-103-56-61','2014-05-13 12:30:30','2020-04-02 19:30:38');
/*!40000 ALTER TABLE `users` ENABLE KEYS */;
UNLOCK TABLES;
/*!40103 SET TIME_ZONE=@OLD_TIME_ZONE */;

/*!40101 SET SQL_MODE=@OLD_SQL_MODE */;
/*!40014 SET FOREIGN_KEY_CHECKS=@OLD_FOREIGN_KEY_CHECKS */;
/*!40014 SET UNIQUE_CHECKS=@OLD_UNIQUE_CHECKS */;
/*!40101 SET CHARACTER_SET_CLIENT=@OLD_CHARACTER_SET_CLIENT */;
/*!40101 SET CHARACTER_SET_RESULTS=@OLD_CHARACTER_SET_RESULTS */;
/*!40101 SET COLLATION_CONNECTION=@OLD_COLLATION_CONNECTION */;
/*!40111 SET SQL_NOTES=@OLD_SQL_NOTES */;

-- Dump completed on 2020-04-11 15:45:22
